district,adm2_pcode,cen_lat,cen_lon,distance_to_kampala_km,elevation_m,mean_annual_rainfall_mm
Abim,UG3064,2.702986829304652,33.753086268265584,295.9,1195.0,1251.0
Adjumani,UG3065,3.22349086035516,31.769653805602715,335.9,855.0,1311.4
Agago,UG3066,2.910127479012784,33.346058093563975,301.0,1034.0,1329.4
Alebtong,UG3067,2.266683592193745,33.25570814933146,229.8,1086.0,1491.6
Amolatar,UG3068,1.6198694421520974,32.73588258350744,146.3,1053.0,1114.7
Amudat,UG3069,1.8027694938110033,34.87632875243644,304.2,1321.0,1110.3
Amuria,UG2027,2.0079124437636793,33.63802026969045,222.0,1126.0,1469.5
Amuru,UG3070,3.0514343898672562,31.974608554851994,311.8,1168.0,1444.9
Apac,UG3071,1.8706174175244705,32.429403676698435,174.0,1064.0,1233.3
Arua,UG3072,3.0409483719360075,31.05266486034222,347.6,895.0,1244.1
Budaka,UG2028,1.0596678447446797,33.98856587314575,177.1,1123.0,1685.2
Bududa,UG2029,1.031983734115823,34.40786298581381,218.3,1794.0,1978.3
Bugiri,UG2030,0.5312845114065349,33.774453420591286,134.9,1133.0,1825.4
Bugweri,UG2031,0.6267498630908092,33.60558208617323,119.1,1144.0,1768.5
Buhweju,UG4101,-0.3289093262632979,30.350177009345355,258.1,1717.0,1241.2
Buikwe,UG1001,0.30575929733712504,33.040399043044545,51.1,1240.0,1649.7
Bukedea,UG2032,1.3622793924204823,34.12431006503281,207.5,1074.0,1607.5
Bukomansimbi,UG1002,-0.12970836396595176,31.628256310688574,116.9,1237.0,1246.8
Bukwo,UG2033,1.2785158660065403,34.68632400798123,257.5,2143.0,1809.1
Bulambuli,UG2034,1.3644616526173317,34.35970987597865,229.7,1382.0,1943.2
Buliisa,UG4102,1.9598914418358064,31.391653162275244,225.8,615.0,1070.3
Bundibugyo,UG4103,0.6955537727277701,30.056227427336957,283.9,993.0,1239.3
Bunyangabu,UG4104,0.49482834511012014,30.172526806543132,268.6,1521.0,1318.9
Bushenyi,UG4105,-0.4837579355204955,30.151847906953197,284.3,1508.0,1255.6
Busia,UG2035,0.41184183318856427,34.00534567943288,158.7,1207.0,2006.7
Butaleja,UG2036,0.8835715991600183,33.93405828624949,163.2,1078.0,1325.3
Butambala,UG1003,0.1536879753728702,32.07471106634129,59.0,1212.0,1444.6
Butebo,UG2037,1.182228242210463,33.9842894726408,183.5,1089.0,1674.3
Buvuma,UG1004,-0.39168257322154,33.20887951776582,105.0,1134.0,1728.5
Buyende,UG2038,1.2605022729981266,33.14686875552398,122.7,1053.0,1365.1
Dokolo,UG3073,1.937342046393709,33.07589723029735,188.7,1041.0,1403.7
Gomba,UG1005,0.1956725013025429,31.702653202555872,98.6,1170.0,1222.0
Gulu,UG3074,2.9748274584698304,32.39509635817473,296.6,1019.0,1357.8
Hoima,UG4106,1.581839841894728,31.213885009046656,207.3,1036.0,1131.9
Ibanda,UG4107,-0.07916861581789172,30.489528544929225,236.6,1413.0,1078.7
Iganga,UG2039,0.7272312451260591,33.47893342867499,109.9,1125.0,1790.7
Isingiro,UG4108,-0.8532389629727275,30.87765213400251,229.6,1407.0,998.9
Jinja,UG2040,0.5654901854361541,33.21271641089019,75.6,1128.0,1815.2
Kaabong,UG3075,3.5433500465658256,34.15562952523428,399.5,1570.0,859.7
Kabale,UG4109,-1.3308806146517422,30.017678801433114,338.6,1798.0,1086.1
Kabarole,UG4110,0.6359427542561149,30.33457825818039,252.4,1489.0,1333.3
Kaberamaido,UG2041,1.694386137136713,33.128513954716865,165.2,1065.0,1359.7
Kagadi,UG4111,1.0147031258264374,30.81055033002011,211.7,1242.0,1234.3
Kakumiro,UG4112,0.9846405566477018,31.29844245691571,161.0,1182.0,1269.6
Kalaki,UG2042,1.8350001662952815,33.33627828188666,188.9,1097.0,1456.9
Kalangala,UG1006,-0.5785065518413156,32.44178142193399,100.4,1134.0,2135.0
Kaliro,UG2043,1.0675913667830945,33.48334760825851,130.7,1046.0,1583.7
Kalungu,UG1007,-0.10209103349421522,31.802663312297064,98.1,1301.0,1314.3
Kampala,UG1008,0.3157224477460211,32.596960389334825,1.8,1149.0,1442.8
Kamuli,UG2044,0.937092466073005,33.10749042186907,90.7,1086.0,1666.3
Kamwenge,UG4113,0.3157421029409666,30.55841525886329,224.9,1243.0,1103.8
Kanungu,UG4114,-0.8101814000778275,29.725847923832404,341.2,1297.0,1205.7
Kapchorwa,UG2045,1.3445331850571727,34.430035207404494,235.4,2047.0,2199.9
Kapelebyong,UG2046,2.2133905247340713,33.74387873851265,247.7,1101.0,1363.4
Karenga,UG3076,3.7280540154834614,33.78819854628223,402.7,1320.0,1090.6
Kasese,UG4115,0.11765548849756736,30.00187557586349,287.6,1710.0,998.9
Kassanda,UG1009,0.5382241780103153,31.754802979045785,95.2,1273.0,1000.8
Katakwi,UG2047,1.922236901402669,34.03813141809277,241.3,1064.0,1385.7
Kayunga,UG1010,0.9819119293741845,32.89254432545581,82.0,1054.0,1453.5
Kazo,UG4116,0.04151872843179353,30.792383252228284,201.2,1291.0,1000.6
Kibaale,UG4117,0.8022053861703433,31.067351073371817,176.9,1279.0,1383.3
Kiboga,UG1011,0.8402373930834789,31.956647724047183,90.8,1121.0,1388.0
Kibuku,UG2048,1.0534426540389028,33.80112178077178,158.6,1098.0,1639.1
Kikuube,UG4118,1.3080179233240807,30.950213139925438,212.4,1100.0,1148.9
Kiruhura,UG4119,-0.34967919261413444,30.914884548281012,199.4,1362.0,1045.0
Kiryandongo,UG4120,2.022927924434828,32.04084504398008,199.3,1110.0,1408.5
Kisoro,UG4121,-1.2172459067422257,29.680185073267847,364.7,1784.0,1410.0
Kitagwenda,UG4122,0.012223210323568282,30.34111041096017,251.3,1326.0,1119.0
Kitgum,UG3077,3.3980094382147605,33.25808447239956,351.1,1062.0,1206.8
Koboko,UG3078,3.5255849322871065,31.007976261043172,397.6,1191.0,1350.5
Kole,UG3079,2.291529224301969,32.766267076539876,220.9,1070.0,1363.2
Kotido,UG3080,3.0240934215277013,33.98810449967042,339.5,1240.0,939.3
Kumi,UG2049,1.4735640584543492,33.96144135290852,200.5,1148.0,1510.9
Kwania,UG3081,1.9167759335860213,32.734148351260245,179.1,1081.0,1294.5
Kween,UG2050,1.436639781954441,34.56952447713866,253.9,2004.0,1569.4
Kyankwanzi,UG1012,1.1214043618474003,31.64157515487525,137.8,1104.0,1204.5
Kyegegwa,UG4123,0.45067161208627987,31.002085823148597,176.2,1397.0,1120.7
Kyenjojo,UG4124,0.6562696228510125,30.66236765627344,216.7,1340.0,1234.3
Kyotera,UG1013,-0.805728454193057,31.660361971797883,161.2,1139.0,1664.3
Lamwo,UG3082,3.5506075202215386,32.72385537727017,360.3,1048.0,1260.3
Lira,UG3083,2.303547626613558,32.96344880625531,225.3,1120.0,1426.8
Luuka,UG2051,0.8039293847070152,33.33849199645605,100.3,1147.0,1682.6
Luwero,UG1014,0.8289443065558805,32.58325387452494,57.3,1141.0,1322.4
Lwengo,UG1015,-0.413364842302425,31.425862500148657,151.8,1289.0,1087.2
Lyantonde,UG1016,-0.22313446894375943,31.18807397381394,166.0,1327.0,1069.2
Madi Okollo,UG3084,2.8531157510809266,31.231179466691557,319.8,743.0,1205.9
Manafwa,UG2052,0.8751021882796305,34.270927412176164,198.0,1443.0,1793.1
Maracha,UG3085,3.2369393915467017,30.926918744735076,373.4,1198.0,1414.9
Masaka,UG1017,-0.49125772960158093,31.855583485473726,120.5,1134.0,1745.6
Masindi,UG4125,1.7438485017186847,31.712290075404155,186.1,1148.0,1483.7
Mayuge,UG2053,-0.08849732517690784,33.551782988057006,116.8,1134.0,1652.6
Mbale,UG2054,1.01923945618184,34.19841760656379,196.2,1222.0,2142.2
Mbarara,UG4126,-0.49329487009997175,30.606333342864378,237.2,1431.0,836.3
Mitooma,UG4127,-0.6242981969442726,30.022543574106034,303.0,1554.0,1202.7
Mityana,UG1018,0.4432517600421094,32.05964516567667,59.7,1280.0,1454.1
Moroto,UG3086,2.6486875080648846,34.63164757815848,345.5,1313.0,770.5
Moyo,UG3087,3.6428069096114664,31.765853937868002,381.1,965.0,1232.3
Mpigi,UG1019,0.06704512783108746,32.1589710025055,54.4,1142.0,1577.3
Mubende,UG1020,0.504042970630997,31.37908259804926,135.3,1274.0,1293.2
Mukono,UG1021,0.2756011112544829,32.7735374649581,21.8,1150.0,1805.1
Nabilatuk,UG3088,2.0239838329904893,34.50318530935104,286.1,1146.0,1046.5
Nakapiripirit,UG3089,1.7810113595635113,34.607997446132806,278.2,1150.0,1632.1
Nakaseke,UG1022,1.0487343296686407,32.169251207347315,93.7,1075.0,1452.1
Nakasongola,UG1023,1.3519359049036437,32.42562989550186,116.7,1090.0,1186.6
Namayingo,UG2055,-0.3173770380182866,33.8045739984921,153.1,1134.0,1504.5
Namisindwa,UG2056,0.876601414550198,34.37284407748054,208.8,1564.0,1822.4
Namutumba,UG2057,0.8686551128037878,33.68173165708258,137.1,1120.0,1672.8
Napak,UG3090,2.392251483941849,34.26380144967943,297.3,1154.0,1052.2
Nebbi,UG3091,2.430231021632899,31.177416201983057,282.4,1089.0,1128.4
Ngora,UG2058,1.4963469012863628,33.754444769697464,185.2,1074.0,1434.1
Ntoroko,UG4128,1.010473327683695,30.363187341356934,258.5,662.0,925.1
Ntungamo,UG4129,-0.9421225885004749,30.272241867235785,292.2,1439.0,1031.7
Nwoya,UG3092,2.5284148645055997,31.83744439104385,259.8,971.0,1347.8
Obongi,UG3093,3.39200013497365,31.556842018289174,360.7,631.0,1200.9
Omoro,UG3094,2.667594941325897,32.46816934778483,262.1,1115.0,1485.0
Otuke,UG3095,2.4749217815597815,33.382556853009966,256.3,1087.0,1406.1
Oyam,UG3096,2.3722126074967043,32.48437904479256,229.2,1050.0,1427.5
Pader,UG3097,2.929381074242526,32.867503396820226,292.6,1000.0,1338.9
Pakwach,UG3098,2.493136957800847,31.370240496582497,277.2,713.0,870.8
Pallisa,UG2059,1.231452379233295,33.675308985760495,158.8,1053.0,1597.5
Rakai,UG1024,-0.7070115789567079,31.303662839968364,181.8,1224.0,1286.6
Rubanda,UG4130,-1.171061244155117,29.866021574232477,344.1,2130.0,1215.1
Rubirizi,UG4131,-0.2602180414057377,29.99239973116431,294.8,991.0,1147.8
Rukiga,UG4132,-1.150517166917651,30.091259779625915,321.2,1931.0,1098.3
Rukungiri,UG4133,-0.7059156879302736,29.889021304714813,320.1,1367.0,1188.5
Rwampara,UG4134,-0.7463727418935211,30.49346102039363,260.3,1525.0,1342.7
Serere,UG2060,1.4881102141653388,33.37235167321255,157.5,1070.0,1495.1
Sheema,UG4135,-0.603639043528355,30.3266405334093,270.6,1563.0,1090.4
Sironko,UG2061,1.1715829850461756,34.31871310740958,215.5,1204.0,2047.5
Soroti,UG2062,1.7710804293201967,33.590949267744875,197.2,1097.0,1590.3
Ssembabule,UG1025,-0.026456466469047688,31.339885059378233,143.1,1247.0,1109.9
Tororo,UG2063,0.7249736009186822,34.082245668906815,173.1,1156.0,1793.0
Wakiso,UG1026,0.22038425363473993,32.44603300209083,18.2,1246.0,1489.9
Yumbe,UG3099,3.5205335545582463,31.288721927203053,384.4,904.0,1251.4
Zombo,UG3100,2.51874067016983,30.89543420579378,308.6,1525.0,1510.7
