district,adm2_pcode,n_projects,delay_time_overrun,cost_overrun,claims_and_disputes,land_and_right_of_way,contract_management,delayed_payments,governance_and_controls,procurement_irregularities
Abim,UG3064,0.0,0.0,0.0,0.0,0.0,0.0,0.0,0.0,0.0
Adjumani,UG3065,2.0,2.0,0.0,0.0,0.0,0.0,0.0,0.0,0.0
Agago,UG3066,2.0,1.0,0.0,0.0,0.0,0.0,0.0,0.0,1.0
Alebtong,UG3067,0.0,0.0,0.0,0.0,0.0,0.0,0.0,0.0,0.0
Amolatar,UG3068,1.0,0.0,0.0,0.0,1.0,0.0,0.0,0.0,0.0
Amudat,UG3069,0.0,0.0,0.0,0.0,0.0,0.0,0.0,0.0,0.0
Amuria,UG2027,2.0,0.0,0.0,0.0,0.0,0.0,1.0,1.0,0.0
Amuru,UG3070,4.0,1.0,0.0,1.0,1.0,1.0,0.0,0.0,0.0
Apac,UG3071,0.0,0.0,0.0,0.0,0.0,0.0,0.0,0.0,0.0
Arua,UG3072,1.0,1.0,0.0,0.0,0.0,0.0,0.0,0.0,0.0
Budaka,UG2028,0.0,0.0,0.0,0.0,0.0,0.0,0.0,0.0,0.0
Bududa,UG2029,0.0,0.0,0.0,0.0,0.0,0.0,0.0,0.0,0.0
Bugiri,UG2030,1.0,1.0,0.0,0.0,0.0,0.0,0.0,0.0,0.0
Bugweri,UG2031,0.0,0.0,0.0,0.0,0.0,0.0,0.0,0.0,0.0
Buhweju,UG4101,0.0,0.0,0.0,0.0,0.0,0.0,0.0,0.0,0.0
Buikwe,UG1001,4.0,0.0,0.0,1.0,1.0,2.0,0.0,1.0,0.0
Bukedea,UG2032,0.0,0.0,0.0,0.0,0.0,0.0,0.0,0.0,0.0
Bukomansimbi,UG1002,0.0,0.0,0.0,0.0,0.0,0.0,0.0,0.0,0.0
Bukwo,UG2033,1.0,1.0,0.0,0.0,0.0,0.0,0.0,0.0,0.0
Bulambuli,UG2034,1.0,1.0,0.0,0.0,0.0,0.0,0.0,0.0,0.0
Buliisa,UG4102,0.0,0.0,0.0,0.0,0.0,0.0,0.0,0.0,0.0
Bundibugyo,UG4103,0.0,0.0,0.0,0.0,0.0,0.0,0.0,0.0,0.0
Bunyangabu,UG4104,0.0,0.0,0.0,0.0,0.0,0.0,0.0,0.0,0.0
Bushenyi,UG4105,2.0,0.0,0.0,0.0,0.0,0.0,0.0,0.0,2.0
Busia,UG2035,1.0,0.0,0.0,0.0,1.0,0.0,0.0,0.0,0.0
Butaleja,UG2036,0.0,0.0,0.0,0.0,0.0,0.0,0.0,0.0,0.0
Butambala,UG1003,4.0,0.0,0.0,0.0,3.0,1.0,0.0,0.0,0.0
Butebo,UG2037,2.0,0.0,0.0,0.0,1.0,0.0,0.0,0.0,1.0
Buvuma,UG1004,3.0,1.0,0.0,0.0,2.0,0.0,0.0,0.0,0.0
Buyende,UG2038,0.0,0.0,0.0,0.0,0.0,0.0,0.0,0.0,0.0
Dokolo,UG3073,0.0,0.0,0.0,0.0,0.0,0.0,0.0,0.0,0.0
Gomba,UG1005,3.0,3.0,0.0,0.0,0.0,0.0,0.0,0.0,0.0
Gulu,UG3074,3.0,0.0,0.0,2.0,0.0,0.0,1.0,0.0,0.0
Hoima,UG4106,10.0,4.0,1.0,0.0,1.0,2.0,0.0,1.0,2.0
Ibanda,UG4107,0.0,0.0,0.0,0.0,0.0,0.0,0.0,0.0,0.0
Iganga,UG2039,1.0,1.0,0.0,0.0,0.0,0.0,0.0,0.0,0.0
Isingiro,UG4108,1.0,0.0,0.0,1.0,0.0,0.0,0.0,0.0,0.0
Jinja,UG2040,4.0,1.0,0.0,0.0,0.0,1.0,1.0,0.0,3.0
Kaabong,UG3075,2.0,1.0,0.0,0.0,0.0,0.0,0.0,0.0,1.0
Kabale,UG4109,6.0,3.0,0.0,0.0,0.0,0.0,1.0,0.0,2.0
Kabarole,UG4110,5.0,0.0,0.0,0.0,0.0,4.0,1.0,0.0,0.0
Kaberamaido,UG2041,1.0,0.0,0.0,0.0,0.0,0.0,0.0,0.0,1.0
Kagadi,UG4111,0.0,0.0,0.0,0.0,0.0,0.0,0.0,0.0,0.0
Kakumiro,UG4112,2.0,0.0,0.0,0.0,1.0,1.0,1.0,0.0,0.0
Kalaki,UG2042,1.0,1.0,0.0,0.0,0.0,0.0,0.0,0.0,0.0
Kalangala,UG1006,1.0,1.0,0.0,0.0,0.0,0.0,0.0,0.0,0.0
Kaliro,UG2043,2.0,1.0,0.0,0.0,0.0,0.0,0.0,0.0,1.0
Kalungu,UG1007,0.0,0.0,0.0,0.0,0.0,0.0,0.0,0.0,0.0
Kampala,UG1008,31.0,4.0,2.0,5.0,4.0,4.0,8.0,1.0,14.0
Kamuli,UG2044,2.0,0.0,0.0,0.0,0.0,1.0,0.0,0.0,1.0
Kamwenge,UG4113,1.0,0.0,0.0,0.0,0.0,1.0,0.0,0.0,0.0
Kanungu,UG4114,2.0,1.0,0.0,0.0,0.0,0.0,1.0,0.0,0.0
Kapchorwa,UG2045,6.0,3.0,0.0,1.0,0.0,0.0,1.0,0.0,1.0
Kapelebyong,UG2046,0.0,0.0,0.0,0.0,0.0,0.0,0.0,0.0,0.0
Karenga,UG3076,0.0,0.0,0.0,0.0,0.0,0.0,0.0,0.0,0.0
Kasese,UG4115,4.0,0.0,1.0,0.0,0.0,1.0,0.0,0.0,2.0
Kassanda,UG1009,0.0,0.0,0.0,0.0,0.0,0.0,0.0,0.0,0.0
Katakwi,UG2047,0.0,0.0,0.0,0.0,0.0,0.0,0.0,0.0,0.0
Kayunga,UG1010,6.0,1.0,0.0,1.0,3.0,2.0,0.0,1.0,0.0
Kazo,UG4116,2.0,0.0,0.0,1.0,1.0,0.0,0.0,0.0,1.0
Kibaale,UG4117,1.0,1.0,0.0,0.0,0.0,0.0,0.0,0.0,0.0
Kiboga,UG1011,1.0,1.0,0.0,0.0,0.0,0.0,0.0,0.0,0.0
Kibuku,UG2048,0.0,0.0,0.0,0.0,0.0,0.0,0.0,0.0,0.0
Kikuube,UG4118,0.0,0.0,0.0,0.0,0.0,0.0,0.0,0.0,0.0
Kiruhura,UG4119,1.0,0.0,0.0,1.0,0.0,0.0,0.0,0.0,0.0
Kiryandongo,UG4120,2.0,0.0,0.0,0.0,1.0,0.0,0.0,1.0,1.0
Kisoro,UG4121,1.0,0.0,0.0,0.0,0.0,0.0,0.0,0.0,1.0
Kitagwenda,UG4122,2.0,1.0,0.0,1.0,0.0,0.0,0.0,0.0,2.0
Kitgum,UG3077,2.0,0.0,0.0,0.0,0.0,0.0,1.0,0.0,1.0
Koboko,UG3078,2.0,1.0,0.0,0.0,0.0,0.0,0.0,0.0,1.0
Kole,UG3079,0.0,0.0,0.0,0.0,0.0,0.0,0.0,0.0,0.0
Kotido,UG3080,1.0,0.0,0.0,0.0,0.0,0.0,1.0,0.0,0.0
Kumi,UG2049,1.0,1.0,0.0,0.0,0.0,0.0,0.0,0.0,0.0
Kwania,UG3081,2.0,2.0,0.0,0.0,0.0,0.0,0.0,0.0,0.0
Kween,UG2050,1.0,0.0,1.0,0.0,0.0,0.0,0.0,0.0,0.0
Kyankwanzi,UG1012,3.0,2.0,0.0,0.0,0.0,1.0,0.0,0.0,0.0
Kyegegwa,UG4123,0.0,0.0,0.0,0.0,0.0,0.0,0.0,0.0,0.0
Kyenjojo,UG4124,0.0,0.0,0.0,0.0,0.0,0.0,0.0,0.0,0.0
Kyotera,UG1013,1.0,1.0,0.0,0.0,0.0,0.0,0.0,0.0,0.0
Lamwo,UG3082,1.0,0.0,0.0,0.0,0.0,0.0,0.0,0.0,1.0
Lira,UG3083,1.0,0.0,0.0,0.0,0.0,0.0,1.0,0.0,0.0
Luuka,UG2051,0.0,0.0,0.0,0.0,0.0,0.0,0.0,0.0,0.0
Luwero,UG1014,5.0,1.0,0.0,1.0,0.0,0.0,3.0,0.0,0.0
Lwengo,UG1015,0.0,0.0,0.0,0.0,0.0,0.0,0.0,0.0,0.0
Lyantonde,UG1016,0.0,0.0,0.0,0.0,0.0,0.0,0.0,0.0,0.0
Madi Okollo,UG3084,0.0,0.0,0.0,0.0,0.0,0.0,0.0,0.0,0.0
Manafwa,UG2052,0.0,0.0,0.0,0.0,0.0,0.0,0.0,0.0,0.0
Maracha,UG3085,0.0,0.0,0.0,0.0,0.0,0.0,0.0,0.0,0.0
Masaka,UG1017,4.0,3.0,0.0,0.0,0.0,0.0,0.0,0.0,1.0
Masindi,UG4125,5.0,1.0,0.0,0.0,2.0,1.0,0.0,0.0,1.0
Mayuge,UG2053,1.0,1.0,0.0,0.0,0.0,0.0,0.0,0.0,0.0
Mbale,UG2054,5.0,2.0,0.0,0.0,0.0,1.0,1.0,0.0,1.0
Mbarara,UG4126,6.0,0.0,0.0,0.0,0.0,0.0,1.0,2.0,3.0
Mitooma,UG4127,1.0,0.0,0.0,0.0,0.0,0.0,0.0,0.0,1.0
Mityana,UG1018,4.0,2.0,0.0,0.0,0.0,2.0,0.0,0.0,0.0
Moroto,UG3086,3.0,2.0,0.0,0.0,0.0,0.0,0.0,0.0,1.0
Moyo,UG3087,0.0,0.0,0.0,0.0,0.0,0.0,0.0,0.0,0.0
Mpigi,UG1019,2.0,1.0,0.0,0.0,0.0,1.0,1.0,1.0,0.0
Mubende,UG1020,5.0,2.0,0.0,0.0,1.0,1.0,1.0,0.0,0.0
Mukono,UG1021,6.0,0.0,0.0,0.0,3.0,0.0,2.0,1.0,2.0
Nabilatuk,UG3088,0.0,0.0,0.0,0.0,0.0,0.0,0.0,0.0,0.0
Nakapiripirit,UG3089,0.0,0.0,0.0,0.0,0.0,0.0,0.0,0.0,0.0
Nakaseke,UG1022,5.0,3.0,0.0,1.0,0.0,1.0,0.0,0.0,0.0
Nakasongola,UG1023,1.0,1.0,0.0,0.0,0.0,0.0,0.0,0.0,0.0
Namayingo,UG2055,0.0,0.0,0.0,0.0,0.0,0.0,0.0,0.0,0.0
Namisindwa,UG2056,1.0,0.0,1.0,0.0,0.0,0.0,0.0,0.0,0.0
Namutumba,UG2057,1.0,0.0,0.0,0.0,0.0,0.0,0.0,0.0,1.0
Napak,UG3090,2.0,1.0,0.0,0.0,0.0,0.0,0.0,0.0,1.0
Nebbi,UG3091,1.0,0.0,0.0,0.0,0.0,1.0,0.0,0.0,0.0
Ngora,UG2058,0.0,0.0,0.0,0.0,0.0,0.0,0.0,0.0,0.0
Ntoroko,UG4128,1.0,0.0,0.0,0.0,0.0,1.0,0.0,0.0,0.0
Ntungamo,UG4129,0.0,0.0,0.0,0.0,0.0,0.0,0.0,0.0,0.0
Nwoya,UG3092,7.0,1.0,0.0,0.0,1.0,4.0,0.0,1.0,0.0
Obongi,UG3093,1.0,1.0,0.0,0.0,0.0,0.0,0.0,0.0,0.0
Omoro,UG3094,1.0,1.0,0.0,0.0,0.0,0.0,0.0,0.0,0.0
Otuke,UG3095,0.0,0.0,0.0,0.0,0.0,0.0,0.0,0.0,0.0
Oyam,UG3096,3.0,1.0,0.0,0.0,1.0,1.0,0.0,0.0,0.0
Pader,UG3097,2.0,1.0,0.0,0.0,0.0,0.0,0.0,1.0,0.0
Pakwach,UG3098,1.0,0.0,0.0,0.0,0.0,0.0,0.0,0.0,1.0
Pallisa,UG2059,1.0,0.0,0.0,0.0,0.0,1.0,0.0,0.0,0.0
Rakai,UG1024,1.0,0.0,0.0,0.0,0.0,0.0,0.0,0.0,1.0
Rubanda,UG4130,1.0,1.0,0.0,0.0,0.0,0.0,0.0,0.0,0.0
Rubirizi,UG4131,1.0,0.0,0.0,0.0,0.0,0.0,0.0,0.0,1.0
Rukiga,UG4132,2.0,1.0,0.0,0.0,0.0,1.0,0.0,0.0,0.0
Rukungiri,UG4133,1.0,1.0,0.0,0.0,0.0,0.0,0.0,0.0,0.0
Rwampara,UG4134,0.0,0.0,0.0,0.0,0.0,0.0,0.0,0.0,0.0
Serere,UG2060,2.0,0.0,0.0,1.0,1.0,0.0,0.0,1.0,0.0
Sheema,UG4135,0.0,0.0,0.0,0.0,0.0,0.0,0.0,0.0,0.0
Sironko,UG2061,0.0,0.0,0.0,0.0,0.0,0.0,0.0,0.0,0.0
Soroti,UG2062,2.0,0.0,0.0,0.0,1.0,2.0,1.0,0.0,0.0
Ssembabule,UG1025,0.0,0.0,0.0,0.0,0.0,0.0,0.0,0.0,0.0
Tororo,UG2063,6.0,1.0,1.0,0.0,1.0,1.0,1.0,2.0,1.0
Wakiso,UG1026,18.0,4.0,0.0,0.0,3.0,5.0,4.0,1.0,6.0
Yumbe,UG3099,2.0,0.0,0.0,1.0,0.0,1.0,0.0,0.0,0.0
Zombo,UG3100,1.0,0.0,0.0,0.0,0.0,0.0,0.0,0.0,1.0
