district,adm2_pcode,n_projects,delay_time_overrun,cost_overrun,claims_and_disputes,land_and_right_of_way,contract_management,delayed_payments,governance_and_controls,procurement_irregularities,cen_lat,cen_lon,distance_to_kampala_km,elevation_m,mean_annual_rainfall_mm,district_population_2022,dependency_ratio,rural_pop_perc,rural_access_index_pct,land_tenure_proxy,log_population
Abim,UG3064,0.0,0.0,0.0,0.0,0.0,0.0,0.0,0.0,0.0,2.702986829304652,33.753086268265584,295.9,1195.0,1251.0,177943,89.4,38.68,11.2,customary,12.089218553272238
Adjumani,UG3065,2.0,2.0,0.0,0.0,0.0,0.0,0.0,0.0,0.0,3.22349086035516,31.769653805602715,335.9,855.0,1311.4,250003,88.21,63.43,10.1,customary,12.429228196772383
Agago,UG3066,2.0,1.0,0.0,0.0,0.0,0.0,0.0,0.0,1.0,2.910127479012784,33.346058093563975,301.0,1034.0,1329.4,271054,91.44,89.64,9.2,customary,12.510073342004423
Alebtong,UG3067,0.0,0.0,0.0,0.0,0.0,0.0,0.0,0.0,0.0,2.266683592193745,33.25570814933146,229.8,1086.0,1491.6,292937,84.99,69.03,10.4,customary,12.587712847814874
Amolatar,UG3068,1.0,0.0,0.0,0.0,1.0,0.0,0.0,0.0,0.0,1.6198694421520974,32.73588258350744,146.3,1053.0,1114.7,201244,80.21,42.1,8.4,customary,12.212273381171777
Amudat,UG3069,0.0,0.0,0.0,0.0,0.0,0.0,0.0,0.0,0.0,1.8027694938110033,34.87632875243644,304.2,1321.0,1110.3,152810,95.23,60.91,0.0,customary,11.936950598599303
Amuria,UG2027,2.0,0.0,0.0,0.0,0.0,0.0,1.0,1.0,0.0,2.0079124437636793,33.63802026969045,222.0,1126.0,1469.5,252188,91.6,70.8,26.6,customary,12.437930120096237
Amuru,UG3070,4.0,1.0,0.0,1.0,1.0,1.0,0.0,0.0,0.0,3.051434389867256,31.974608554851994,311.8,1168.0,1444.9,238089,90.65,68.02,25.4,customary,12.380399832331726
Apac,UG3071,0.0,0.0,0.0,0.0,0.0,0.0,0.0,0.0,0.0,1.8706174175244703,32.429403676698435,174.0,1064.0,1233.3,254371,79.93,66.53,28.9,customary,12.446549110239635
Arua,UG3072,1.0,1.0,0.0,0.0,0.0,0.0,0.0,0.0,0.0,3.0409483719360075,31.05266486034222,347.6,895.0,1244.1,821019,75.77,25.54,17.8,customary,13.618301530675916
Budaka,UG2028,0.0,0.0,0.0,0.0,0.0,0.0,0.0,0.0,0.0,1.0596678447446797,33.98856587314575,177.1,1123.0,1685.2,282782,94.05,3.17,30.9,customary,12.552431561756793
Bududa,UG2029,0.0,0.0,0.0,0.0,0.0,0.0,0.0,0.0,0.0,1.031983734115823,34.40786298581381,218.3,1794.0,1978.3,287475,88.17,0.85,0.0,customary,12.568891178916866
Bugiri,UG2030,1.0,1.0,0.0,0.0,0.0,0.0,0.0,0.0,0.0,0.5312845114065349,33.774453420591286,134.9,1133.0,1825.4,501933,93.85,7.58,17.1,customary,13.126221923631011
Bugweri,UG2031,0.0,0.0,0.0,0.0,0.0,0.0,0.0,0.0,0.0,0.6267498630908092,33.60558208617323,119.1,1144.0,1768.5,209809,90.48,7.55,41.5,customary,12.253952872022335
Buhweju,UG4101,0.0,0.0,0.0,0.0,0.0,0.0,0.0,0.0,0.0,-0.3289093262632979,30.350177009345355,258.1,1717.0,1241.2,159835,81.43,24.3,0.0,freehold,11.98189731211183
Buikwe,UG1001,4.0,0.0,0.0,1.0,1.0,2.0,0.0,1.0,0.0,0.305759297337125,33.040399043044545,51.1,1240.0,1649.7,514674,73.5,22.77,28.3,mailo,13.1512889695019
Bukedea,UG2032,0.0,0.0,0.0,0.0,0.0,0.0,0.0,0.0,0.0,1.3622793924204823,34.12431006503281,207.5,1074.0,1607.5,294042,93.03,21.2,20.8,customary,12.591477893260565
Bukomansimbi,UG1002,0.0,0.0,0.0,0.0,0.0,0.0,0.0,0.0,0.0,-0.1297083639659517,31.628256310688577,116.9,1237.0,1246.8,165223,89.98,44.5,31.2,mailo,12.015051355559686
Bukwo,UG2033,1.0,1.0,0.0,0.0,0.0,0.0,0.0,0.0,0.0,1.2785158660065403,34.68632400798123,257.5,2143.0,1809.1,137184,86.82,14.15,13.5,customary,11.829078369397704
Bulambuli,UG2034,1.0,1.0,0.0,0.0,0.0,0.0,0.0,0.0,0.0,1.3644616526173317,34.35970987597865,229.7,1382.0,1943.2,264885,82.14,6.32,36.8,customary,12.487051048515335
Buliisa,UG4102,0.0,0.0,0.0,0.0,0.0,0.0,0.0,0.0,0.0,1.9598914418358064,31.391653162275244,225.8,615.0,1070.3,171256,73.19,26.34,3.9,customary,12.050914792007058
Bundibugyo,UG4103,0.0,0.0,0.0,0.0,0.0,0.0,0.0,0.0,0.0,0.6955537727277701,30.056227427336957,283.9,993.0,1239.3,291112,80.95,6.91,24.4,customary,12.581463351831513
Bunyangabu,UG4104,0.0,0.0,0.0,0.0,0.0,0.0,0.0,0.0,0.0,0.4948283451101201,30.172526806543132,268.6,1521.0,1318.9,213867,79.62,5.0,38.3,customary,12.273109605468608
Bushenyi,UG4105,2.0,0.0,0.0,0.0,0.0,0.0,0.0,0.0,2.0,-0.4837579355204955,30.151847906953197,284.3,1508.0,1255.6,264248,65.76,14.19,34.7,freehold,12.484643335113493
Busia,UG2035,1.0,0.0,0.0,0.0,1.0,0.0,0.0,0.0,0.0,0.4118418331885642,34.00534567943288,158.7,1207.0,2006.7,425050,84.0,5.55,21.8,customary,12.959962088045504
Butaleja,UG2036,0.0,0.0,0.0,0.0,0.0,0.0,0.0,0.0,0.0,0.8835715991600183,33.93405828624949,163.2,1078.0,1325.3,336768,96.86,8.61,13.8,customary,12.727149544959909
Butambala,UG1003,4.0,0.0,0.0,0.0,3.0,1.0,0.0,0.0,0.0,0.1536879753728702,32.07471106634129,59.0,1212.0,1444.6,115136,90.52,33.09,35.8,mailo,11.653869317310205
Butebo,UG2037,2.0,0.0,0.0,0.0,1.0,0.0,0.0,0.0,1.0,1.182228242210463,33.9842894726408,183.5,1089.0,1674.3,149711,95.44,3.1,19.5,customary,11.916462048002096
Buvuma,UG1004,3.0,1.0,0.0,0.0,2.0,0.0,0.0,0.0,0.0,-0.39168257322154,33.20887951776582,105.0,1134.0,1728.5,152028,57.96,19.43,0.0,mailo,11.931819993390054
Buyende,UG2038,0.0,0.0,0.0,0.0,0.0,0.0,0.0,0.0,0.0,1.2605022729981266,33.14686875552398,122.7,1053.0,1365.1,471347,102.18,17.94,1.0,customary,13.063349832106896
Dokolo,UG3073,0.0,0.0,0.0,0.0,0.0,0.0,0.0,0.0,0.0,1.937342046393709,33.07589723029735,188.7,1041.0,1403.7,237880,83.6,36.19,30.7,customary,12.37952162382053
Gomba,UG1005,3.0,3.0,0.0,0.0,0.0,0.0,0.0,0.0,0.0,0.1956725013025429,31.702653202555872,98.6,1170.0,1222.0,186457,84.65,70.17,27.3,mailo,12.135955928479591
Gulu,UG3074,3.0,0.0,0.0,2.0,0.0,0.0,1.0,0.0,0.0,2.9748274584698304,32.39509635817473,296.6,1019.0,1357.8,359814,67.18,55.14,20.0,customary,12.793342510247411
Hoima,UG4106,10.0,4.0,1.0,0.0,1.0,2.0,0.0,1.0,2.0,1.581839841894728,31.213885009046656,207.3,1036.0,1131.9,414837,70.08,25.09,32.3,customary,12.935640950973733
Ibanda,UG4107,0.0,0.0,0.0,0.0,0.0,0.0,0.0,0.0,0.0,-0.0791686158178917,30.489528544929225,236.6,1413.0,1078.7,300002,70.58,27.49,29.2,freehold,12.611544420282783
Iganga,UG2039,1.0,1.0,0.0,0.0,0.0,0.0,0.0,0.0,0.0,0.7272312451260591,33.47893342867499,109.9,1125.0,1790.7,446408,79.36,8.45,48.1,customary,13.00898861103561
Isingiro,UG4108,1.0,0.0,0.0,1.0,0.0,0.0,0.0,0.0,0.0,-0.8532389629727275,30.87765213400251,229.6,1407.0,998.9,667624,80.79,32.11,19.5,freehold,13.411480419794104
Jinja,UG2040,4.0,1.0,0.0,0.0,0.0,1.0,1.0,0.0,3.0,0.5654901854361541,33.21271641089019,75.6,1128.0,1815.2,554123,67.41,7.18,46.7,customary,13.225141962746909
Kaabong,UG3075,2.0,1.0,0.0,0.0,0.0,0.0,0.0,0.0,1.0,3.5433500465658256,34.15562952523428,399.5,1570.0,859.7,135197,71.99,78.12,13.0,customary,11.814488252995702
Kabale,UG4109,6.0,3.0,0.0,0.0,0.0,0.0,1.0,0.0,2.0,-1.3308806146517422,30.017678801433114,338.6,1798.0,1086.1,258029,64.17,17.64,20.1,freehold,12.460827260687774
Kabarole,UG4110,5.0,0.0,0.0,0.0,0.0,4.0,1.0,0.0,0.0,0.6359427542561149,30.33457825818039,252.4,1489.0,1333.3,367094,66.77,14.34,18.9,customary,12.813373225031008
Kaberamaido,UG2041,1.0,0.0,0.0,0.0,0.0,0.0,0.0,0.0,1.0,1.694386137136713,33.128513954716865,165.2,1065.0,1359.7,151462,88.81,37.24,23.4,customary,11.928090047387181
Kagadi,UG4111,0.0,0.0,0.0,0.0,0.0,0.0,0.0,0.0,0.0,1.0147031258264374,30.81055033002011,211.7,1242.0,1234.3,481542,85.38,10.44,10.0,customary,13.084748733830558
Kakumiro,UG4112,2.0,0.0,0.0,0.0,1.0,1.0,1.0,0.0,0.0,0.9846405566477018,31.29844245691571,161.0,1182.0,1269.6,581485,81.44,23.98,26.0,customary,13.273340455251315
Kalaki,UG2042,1.0,1.0,0.0,0.0,0.0,0.0,0.0,0.0,0.0,1.8350001662952815,33.33627828188666,188.9,1097.0,1456.9,155506,96.48,28.34,16.1,customary,11.95443959506604
Kalangala,UG1006,1.0,1.0,0.0,0.0,0.0,0.0,0.0,0.0,0.0,-0.5785065518413156,32.44178142193399,100.4,1134.0,2135.0,75246,33.94,78.11,0.0,mailo,11.228518025052106
Kaliro,UG2043,2.0,1.0,0.0,0.0,0.0,0.0,0.0,0.0,1.0,1.0675913667830943,33.48334760825851,130.7,1046.0,1583.7,322596,94.15,14.14,25.0,customary,12.68415604534033
Kalungu,UG1007,0.0,0.0,0.0,0.0,0.0,0.0,0.0,0.0,0.0,-0.1020910334942152,31.802663312297064,98.1,1301.0,1314.3,206589,86.28,34.57,26.1,mailo,12.238486591268611
Kampala,UG1008,31.0,4.0,2.0,5.0,4.0,4.0,8.0,1.0,14.0,0.3157224477460211,32.596960389334825,1.8,1149.0,1442.8,1820702,41.52,0.09,99.7,mailo,14.41473269897006
Kamuli,UG2044,2.0,0.0,0.0,0.0,0.0,1.0,0.0,0.0,1.0,0.937092466073005,33.10749042186907,90.7,1086.0,1666.3,611295,90.32,19.58,14.5,customary,13.323334936693328
Kamwenge,UG4113,1.0,0.0,0.0,0.0,0.0,1.0,0.0,0.0,0.0,0.3157421029409666,30.55841525886329,224.9,1243.0,1103.8,402254,81.54,25.39,5.5,customary,12.904839008869825
Kanungu,UG4114,2.0,1.0,0.0,0.0,0.0,0.0,1.0,0.0,0.0,-0.8101814000778275,29.725847923832404,341.2,1297.0,1205.7,299026,74.33,23.12,10.8,freehold,12.608285805114063
Kapchorwa,UG2045,6.0,3.0,0.0,1.0,0.0,0.0,1.0,0.0,1.0,1.344533185057173,34.430035207404494,235.4,2047.0,2199.9,136730,73.34,7.35,11.6,customary,11.825763457303127
Kapelebyong,UG2046,0.0,0.0,0.0,0.0,0.0,0.0,0.0,0.0,0.0,2.2133905247340713,33.74387873851265,247.7,1101.0,1363.4,114549,93.96,95.55,1.8,customary,11.648757958031227
Karenga,UG3076,0.0,0.0,0.0,0.0,0.0,0.0,0.0,0.0,0.0,3.7280540154834614,33.78819854628223,402.7,1320.0,1090.6,74110,84.23,86.84,14.0,customary,11.213305754945404
Kasese,UG4115,4.0,0.0,1.0,0.0,0.0,1.0,0.0,0.0,2.0,0.1176554884975673,30.00187557586349,287.6,1710.0,998.9,866348,78.82,11.7,53.6,customary,13.672041954400518
Kassanda,UG1009,0.0,0.0,0.0,0.0,0.0,0.0,0.0,0.0,0.0,0.5382241780103153,31.754802979045785,95.2,1273.0,1000.8,335064,78.38,37.59,13.6,customary,12.722076837336594
Katakwi,UG2047,0.0,0.0,0.0,0.0,0.0,0.0,0.0,0.0,0.0,1.922236901402669,34.03813141809277,241.3,1064.0,1385.7,214230,90.78,75.32,38.5,customary,12.274805483211265
Kayunga,UG1010,6.0,1.0,0.0,1.0,3.0,2.0,0.0,1.0,0.0,0.9819119293741844,32.89254432545581,82.0,1054.0,1453.5,440598,89.14,27.11,15.5,mailo,12.995888174075438
Kazo,UG4116,2.0,0.0,0.0,1.0,1.0,0.0,0.0,0.0,1.0,0.0415187284317935,30.792383252228284,201.2,1291.0,1000.6,248209,73.74,69.6,15.1,freehold,12.422026412175
Kibaale,UG4117,1.0,1.0,0.0,0.0,0.0,0.0,0.0,0.0,0.0,0.8022053861703433,31.067351073371817,176.9,1279.0,1383.3,232487,85.23,40.82,16.3,customary,12.35658958846781
Kiboga,UG1011,1.0,1.0,0.0,0.0,0.0,0.0,0.0,0.0,0.0,0.8402373930834789,31.956647724047183,90.8,1121.0,1388.0,187707,77.18,54.79,21.2,mailo,12.142637515432757
Kibuku,UG2048,0.0,0.0,0.0,0.0,0.0,0.0,0.0,0.0,0.0,1.0534426540389028,33.80112178077178,158.6,1098.0,1639.1,281654,97.87,6.04,31.6,customary,12.5484346462458
Kikuube,UG4118,0.0,0.0,0.0,0.0,0.0,0.0,0.0,0.0,0.0,1.3080179233240807,30.95021313992544,212.4,1100.0,1148.9,418455,79.13,39.13,21.2,customary,12.944324636248517
Kiruhura,UG4119,1.0,0.0,0.0,1.0,0.0,0.0,0.0,0.0,0.0,-0.3496791926141344,30.914884548281012,199.4,1362.0,1045.0,203676,63.19,79.05,20.1,freehold,12.224285774949532
Kiryandongo,UG4120,2.0,0.0,0.0,0.0,1.0,0.0,0.0,1.0,1.0,2.022927924434828,32.04084504398008,199.3,1110.0,1408.5,346336,82.81,41.27,19.3,customary,12.755164681094874
Kisoro,UG4121,1.0,0.0,0.0,0.0,0.0,0.0,0.0,0.0,1.0,-1.2172459067422257,29.680185073267847,364.7,1784.0,1410.0,342423,84.29,9.2,9.0,freehold,12.743802093890922
Kitagwenda,UG4122,2.0,1.0,0.0,1.0,0.0,0.0,0.0,0.0,2.0,0.0122232103235682,30.34111041096017,251.3,1326.0,1119.0,179509,79.75,11.55,31.1,customary,12.097980624929304
Kitgum,UG3077,2.0,0.0,0.0,0.0,0.0,0.0,1.0,0.0,1.0,3.3980094382147605,33.25808447239956,351.1,1062.0,1206.8,240718,81.05,84.42,26.7,customary,12.391381402861303
Koboko,UG3078,2.0,1.0,0.0,0.0,0.0,0.0,0.0,0.0,1.0,3.5255849322871065,31.007976261043172,397.6,1191.0,1350.5,290646,83.26,17.03,4.2,customary,12.579861310777785
Kole,UG3079,0.0,0.0,0.0,0.0,0.0,0.0,0.0,0.0,0.0,2.291529224301969,32.766267076539876,220.9,1070.0,1363.2,314859,87.16,21.92,31.7,customary,12.659880198548839
Kotido,UG3080,1.0,0.0,0.0,0.0,0.0,0.0,1.0,0.0,0.0,3.0240934215277013,33.98810449967042,339.5,1240.0,939.3,207725,81.19,31.96,0.8,customary,12.243970368533182
Kumi,UG2049,1.0,1.0,0.0,0.0,0.0,0.0,0.0,0.0,0.0,1.4735640584543492,33.96144135290852,200.5,1148.0,1510.9,315424,87.64,14.77,20.8,customary,12.661673044465166
Kwania,UG3081,2.0,2.0,0.0,0.0,0.0,0.0,0.0,0.0,0.0,1.9167759335860213,32.734148351260245,179.1,1081.0,1294.5,238459,85.95,56.54,14.6,customary,12.381952666775888
Kween,UG2050,1.0,0.0,1.0,0.0,0.0,0.0,0.0,0.0,0.0,1.436639781954441,34.56952447713866,253.9,2004.0,1569.4,120529,79.38,22.79,26.5,customary,11.69964566685835
Kyankwanzi,UG1012,3.0,2.0,0.0,0.0,0.0,1.0,0.0,0.0,0.0,1.1214043618474003,31.64157515487525,137.8,1104.0,1204.5,324255,77.68,44.14,18.1,mailo,12.689285522260263
Kyegegwa,UG4123,0.0,0.0,0.0,0.0,0.0,0.0,0.0,0.0,0.0,0.4506716120862798,31.002085823148597,176.2,1397.0,1120.7,536196,84.23,12.16,4.9,customary,13.19225504485315
Kyenjojo,UG4124,0.0,0.0,0.0,0.0,0.0,0.0,0.0,0.0,0.0,0.6562696228510125,30.66236765627344,216.7,1340.0,1234.3,591035,83.89,30.15,12.6,customary,13.289630516292908
Kyotera,UG1013,1.0,1.0,0.0,0.0,0.0,0.0,0.0,0.0,0.0,-0.805728454193057,31.660361971797883,161.2,1139.0,1664.3,278536,80.14,36.65,27.1,mailo,12.53730259390944
Lamwo,UG3082,1.0,0.0,0.0,0.0,0.0,0.0,0.0,0.0,1.0,3.5506075202215386,32.72385537727017,360.3,1048.0,1260.3,153648,89.63,90.06,16.8,customary,11.942419550877753
Lira,UG3083,1.0,0.0,0.0,0.0,0.0,0.0,1.0,0.0,0.0,2.303547626613558,32.96344880625531,225.3,1120.0,1426.8,527434,70.08,23.06,18.8,customary,13.175779018020975
Luuka,UG2051,0.0,0.0,0.0,0.0,0.0,0.0,0.0,0.0,0.0,0.8039293847070152,33.33849199645605,100.3,1147.0,1682.6,289956,92.32,15.76,28.9,customary,12.577484466313454
Luwero,UG1014,5.0,1.0,0.0,1.0,0.0,0.0,3.0,0.0,0.0,0.8289443065558805,32.58325387452494,57.3,1141.0,1322.4,572467,76.94,37.07,12.6,mailo,13.257710370827775
Lwengo,UG1015,0.0,0.0,0.0,0.0,0.0,0.0,0.0,0.0,0.0,-0.413364842302425,31.425862500148657,151.8,1289.0,1087.2,309019,90.02,35.48,46.2,mailo,12.64115804266267
Lyantonde,UG1016,0.0,0.0,0.0,0.0,0.0,0.0,0.0,0.0,0.0,-0.2231344689437594,31.18807397381394,166.0,1327.0,1069.2,122064,75.19,66.81,21.7,mailo,11.71230077633001
Madi Okollo,UG3084,0.0,0.0,0.0,0.0,0.0,0.0,0.0,0.0,0.0,2.853115751080926,31.231179466691557,319.8,743.0,1205.9,187810,76.23,83.98,9.8,customary,12.143186092474982
Manafwa,UG2052,0.0,0.0,0.0,0.0,0.0,0.0,0.0,0.0,0.0,0.8751021882796305,34.270927412176164,198.0,1443.0,1793.1,191026,85.04,0.79,79.4,customary,12.160164823418961
Maracha,UG3085,0.0,0.0,0.0,0.0,0.0,0.0,0.0,0.0,0.0,3.2369393915467017,30.926918744735076,373.4,1198.0,1414.9,226120,85.17,3.14,22.9,customary,12.328821110789226
Masaka,UG1017,4.0,3.0,0.0,0.0,0.0,0.0,0.0,0.0,1.0,-0.4912577296015809,31.855583485473726,120.5,1134.0,1745.6,365274,70.77,22.7,26.0,mailo,12.808403035873134
Masindi,UG4125,5.0,1.0,0.0,0.0,2.0,1.0,0.0,0.0,1.0,1.7438485017186849,31.712290075404155,186.1,1148.0,1483.7,374991,68.76,50.32,25.4,customary,12.834657304664542
Mayuge,UG2053,1.0,1.0,0.0,0.0,0.0,0.0,0.0,0.0,0.0,-0.0884973251769078,33.551782988057006,116.8,1134.0,1652.6,626886,88.7,7.56,11.0,customary,13.34851998490231
Mbale,UG2054,5.0,2.0,0.0,0.0,0.0,1.0,1.0,0.0,1.0,1.01923945618184,34.19841760656379,196.2,1222.0,2142.2,651393,71.8,1.7,57.7,customary,13.386868425681175
Mbarara,UG4126,6.0,0.0,0.0,0.0,0.0,0.0,1.0,2.0,3.0,-0.4932948700999717,30.606333342864374,237.2,1431.0,836.3,430489,56.72,23.03,33.0,freehold,12.972677050839385
Mitooma,UG4127,1.0,0.0,0.0,0.0,0.0,0.0,0.0,0.0,1.0,-0.6242981969442726,30.02254357410603,303.0,1554.0,1202.7,206884,79.97,14.74,3.9,freehold,12.239913528698892
Mityana,UG1018,4.0,2.0,0.0,0.0,0.0,2.0,0.0,0.0,0.0,0.4432517600421094,32.05964516567667,59.7,1280.0,1454.1,391083,76.39,49.93,31.9,mailo,12.87667509265493
Moroto,UG3086,3.0,2.0,0.0,0.0,0.0,0.0,0.0,0.0,1.0,2.6486875080648846,34.63164757815848,345.5,1313.0,770.5,129591,82.01,36.25,6.9,customary,11.77213861604449
Moyo,UG3087,0.0,0.0,0.0,0.0,0.0,0.0,0.0,0.0,0.0,3.6428069096114664,31.765853937868,381.1,965.0,1232.3,92184,71.46,68.63,24.0,customary,11.43154185869385
Mpigi,UG1019,2.0,1.0,0.0,0.0,0.0,1.0,1.0,1.0,0.0,0.0670451278310874,32.1589710025055,54.4,1142.0,1577.3,313198,77.46,28.52,34.6,mailo,12.654590857382356
Mubende,UG1020,5.0,2.0,0.0,0.0,1.0,1.0,1.0,0.0,0.0,0.504042970630997,31.37908259804926,135.3,1274.0,1293.2,649351,76.23,33.32,15.7,mailo,13.38372868153859
Mukono,UG1021,6.0,0.0,0.0,0.0,3.0,0.0,2.0,1.0,2.0,0.2756011112544829,32.7735374649581,21.8,1150.0,1805.1,773792,67.7,16.59,22.3,mailo,13.559058382606324
Nabilatuk,UG3088,0.0,0.0,0.0,0.0,0.0,0.0,0.0,0.0,0.0,2.0239838329904893,34.50318530935104,286.1,1146.0,1046.5,103031,91.54,33.52,23.0,customary,11.542785192802912
Nakapiripirit,UG3089,0.0,0.0,0.0,0.0,0.0,0.0,0.0,0.0,0.0,1.7810113595635113,34.607997446132806,278.2,1150.0,1632.1,128697,80.56,39.39,0.0,customary,11.765216083289225
Nakaseke,UG1022,5.0,3.0,0.0,1.0,0.0,1.0,0.0,0.0,0.0,1.0487343296686409,32.169251207347315,93.7,1075.0,1452.1,259118,67.99,58.61,14.7,mailo,12.465038835383808
Nakasongola,UG1023,1.0,1.0,0.0,0.0,0.0,0.0,0.0,0.0,0.0,1.3519359049036437,32.42562989550186,116.7,1090.0,1186.6,237899,77.42,83.3,27.5,mailo,12.379601492835388
Namayingo,UG2055,0.0,0.0,0.0,0.0,0.0,0.0,0.0,0.0,0.0,-0.3173770380182866,33.8045739984921,153.1,1134.0,1504.5,288419,87.56,5.27,1.4,customary,12.572169562944111
Namisindwa,UG2056,1.0,0.0,1.0,0.0,0.0,0.0,0.0,0.0,0.0,0.876601414550198,34.37284407748054,208.8,1564.0,1822.4,271710,90.45,0.71,0.0,customary,12.512490600037104
Namutumba,UG2057,1.0,0.0,0.0,0.0,0.0,0.0,0.0,0.0,1.0,0.8686551128037878,33.68173165708258,137.1,1120.0,1672.8,341813,96.52,12.9,20.0,customary,12.74201908287833
Napak,UG3090,2.0,1.0,0.0,0.0,0.0,0.0,0.0,0.0,1.0,2.392251483941849,34.26380144967943,297.3,1154.0,1052.2,171400,90.05,68.65,15.2,customary,12.051755285145816
Nebbi,UG3091,1.0,0.0,0.0,0.0,0.0,1.0,0.0,0.0,0.0,2.430231021632899,31.177416201983057,282.4,1089.0,1128.4,310975,87.79,22.37,15.5,customary,12.647467802078165
Ngora,UG2058,0.0,0.0,0.0,0.0,0.0,0.0,0.0,0.0,0.0,1.4963469012863628,33.754444769697464,185.2,1074.0,1434.1,182506,87.8,15.99,12.9,customary,12.114538328176584
Ntoroko,UG4128,1.0,0.0,0.0,0.0,0.0,1.0,0.0,0.0,0.0,1.010473327683695,30.363187341356937,258.5,662.0,925.1,82839,73.66,73.48,18.7,customary,11.3246542439736
Ntungamo,UG4129,0.0,0.0,0.0,0.0,0.0,0.0,0.0,0.0,0.0,-0.9421225885004748,30.272241867235785,292.2,1439.0,1031.7,586480,76.63,27.87,24.7,freehold,13.281893845897468
Nwoya,UG3092,7.0,1.0,0.0,0.0,1.0,4.0,0.0,1.0,0.0,2.5284148645055997,31.83744439104385,259.8,971.0,1347.8,299211,86.2,48.96,14.2,customary,12.608904289112536
Obongi,UG3093,1.0,1.0,0.0,0.0,0.0,0.0,0.0,0.0,0.0,3.39200013497365,31.556842018289174,360.7,631.0,1200.9,27959,83.29,87.6,0.0,customary,10.238494430329037
Omoro,UG3094,1.0,1.0,0.0,0.0,0.0,0.0,0.0,0.0,0.0,2.667594941325897,32.46816934778483,262.1,1115.0,1485.0,219609,82.79,75.83,12.7,customary,12.299603971384265
Otuke,UG3095,0.0,0.0,0.0,0.0,0.0,0.0,0.0,0.0,0.0,2.4749217815597815,33.382556853009966,256.3,1087.0,1406.1,151640,84.66,97.27,20.7,customary,11.929264569630272
Oyam,UG3096,3.0,1.0,0.0,0.0,1.0,1.0,0.0,0.0,0.0,2.3722126074967043,32.48437904479256,229.2,1050.0,1427.5,501708,83.41,43.56,14.2,customary,13.125773556129545
Pader,UG3097,2.0,1.0,0.0,0.0,0.0,0.0,0.0,1.0,0.0,2.929381074242526,32.867503396820226,292.6,1000.0,1338.9,213262,85.4,94.21,25.4,customary,12.27027673575196
Pakwach,UG3098,1.0,0.0,0.0,0.0,0.0,0.0,0.0,0.0,1.0,2.493136957800847,31.370240496582497,277.2,713.0,870.8,223140,83.31,38.78,12.3,customary,12.315554656147171
Pallisa,UG2059,1.0,0.0,0.0,0.0,0.0,1.0,0.0,0.0,0.0,1.231452379233295,33.675308985760495,158.8,1053.0,1597.5,375281,93.78,7.33,24.9,customary,12.83543035767583
Rakai,UG1024,1.0,0.0,0.0,0.0,0.0,0.0,0.0,0.0,1.0,-0.7070115789567079,31.303662839968364,181.8,1224.0,1286.6,349617,90.08,40.34,26.8,mailo,12.764593548583552
Rubanda,UG4130,1.0,1.0,0.0,0.0,0.0,0.0,0.0,0.0,0.0,-1.171061244155117,29.866021574232477,344.1,2130.0,1215.1,231116,76.05,16.56,23.3,freehold,12.350675027963696
Rubirizi,UG4131,1.0,0.0,0.0,0.0,0.0,0.0,0.0,0.0,1.0,-0.2602180414057377,29.99239973116431,294.8,991.0,1147.8,156178,81.46,10.37,41.5,freehold,11.958751661397702
Rukiga,UG4132,2.0,1.0,0.0,0.0,0.0,1.0,0.0,0.0,0.0,-1.150517166917651,30.091259779625915,321.2,1931.0,1098.3,111085,69.32,36.29,6.8,freehold,11.618050953011227
Rukungiri,UG4133,1.0,1.0,0.0,0.0,0.0,0.0,0.0,0.0,0.0,-0.7059156879302736,29.889021304714813,320.1,1367.0,1188.5,355446,73.12,21.51,3.1,freehold,12.781128617953474
Rwampara,UG4134,0.0,0.0,0.0,0.0,0.0,0.0,0.0,0.0,0.0,-0.7463727418935211,30.49346102039363,260.3,1525.0,1342.7,152770,75.12,29.04,24.8,customary,11.936688801359768
Serere,UG2060,2.0,0.0,0.0,1.0,1.0,0.0,0.0,1.0,0.0,1.4881102141653388,33.37235167321255,157.5,1070.0,1495.1,405884,91.88,17.25,24.2,customary,12.913822683474052
Sheema,UG4135,0.0,0.0,0.0,0.0,0.0,0.0,0.0,0.0,0.0,-0.603639043528355,30.3266405334093,270.6,1563.0,1090.4,235121,67.52,26.32,31.8,freehold,12.367855554231083
Sironko,UG2061,0.0,0.0,0.0,0.0,0.0,0.0,0.0,0.0,0.0,1.1715829850461756,34.31871310740958,215.5,1204.0,2047.5,298587,78.42,3.55,27.8,customary,12.606816626635801
Soroti,UG2062,2.0,0.0,0.0,0.0,1.0,2.0,1.0,0.0,0.0,1.7710804293201967,33.590949267744875,197.2,1097.0,1590.3,406866,77.75,25.6,24.9,customary,12.916239171884655
Ssembabule,UG1025,0.0,0.0,0.0,0.0,0.0,0.0,0.0,0.0,0.0,-0.0264564664690476,31.339885059378233,143.1,1247.0,1109.9,326331,83.52,58.95,14.4,customary,12.695667482665758
Tororo,UG2063,6.0,1.0,1.0,0.0,1.0,1.0,1.0,2.0,1.0,0.7249736009186822,34.082245668906815,173.1,1156.0,1793.0,655416,82.54,5.42,17.3,customary,13.393025427521344
Wakiso,UG1026,18.0,4.0,0.0,0.0,3.0,5.0,4.0,1.0,6.0,0.2203842536347399,32.44603300209083,18.2,1246.0,1489.9,3446241,54.91,2.3,26.6,mailo,15.052794629782458
Yumbe,UG3099,2.0,0.0,0.0,1.0,0.0,1.0,0.0,0.0,0.0,3.5205335545582463,31.288721927203053,384.4,904.0,1251.4,770434,110.73,17.77,9.9,customary,13.55470927141019
Zombo,UG3100,1.0,0.0,0.0,0.0,0.0,0.0,0.0,0.0,1.0,2.51874067016983,30.89543420579378,308.6,1525.0,1510.7,312651,97.73,22.11,6.3,customary,12.652842831455066
