driver,district,value,Gi_star_z,p_sim,p_fdr,hotspot_95,hotspot_90,coldspot_95
n_projects,Abim,0.0,-0.323,0.205,0.4612,False,False,False
n_projects,Adjumani,2.0,-0.158,0.413,0.4876,False,False,False
n_projects,Agago,2.0,-0.226,0.21,0.4638,False,False,False
n_projects,Alebtong,0.0,-0.399,0.067,0.396,False,False,False
n_projects,Amolatar,1.0,-0.165,0.342,0.4876,False,False,False
n_projects,Amudat,0.0,-0.274,0.32,0.4876,False,False,False
n_projects,Amuria,2.0,-0.323,0.12,0.396,False,False,False
n_projects,Amuru,4.0,0.127,0.324,0.4876,False,False,False
n_projects,Apac,0.0,-0.191,0.436,0.4876,False,False,False
n_projects,Arua,1.0,-0.333,0.127,0.396,False,False,False
n_projects,Budaka,0.0,-0.158,0.423,0.4876,False,False,False
n_projects,Bududa,0.0,-0.226,0.337,0.4876,False,False,False
n_projects,Bugiri,1.0,-0.201,0.273,0.4725,False,False,False
n_projects,Bugweri,0.0,-0.333,0.213,0.4638,False,False,False
n_projects,Buhweju,0.0,-0.129,0.443,0.4902,False,False,False
n_projects,Buikwe,4.0,0.601,0.089,0.396,False,False,False
n_projects,Bukedea,0.0,-0.191,0.395,0.4876,False,False,False
n_projects,Bukomansimbi,0.0,-0.226,0.329,0.4876,False,False,False
n_projects,Bukwo,1.0,-0.372,0.113,0.396,False,False,False
n_projects,Bulambuli,1.0,-0.177,0.332,0.4876,False,False,False
n_projects,Buliisa,0.0,0.775,0.044,0.396,False,False,False
n_projects,Bundibugyo,0.0,0.017,0.25,0.4646,False,False,False
n_projects,Bunyangabu,0.0,0.09,0.186,0.4565,False,False,False
n_projects,Bushenyi,2.0,-0.323,0.117,0.396,False,False,False
n_projects,Busia,1.0,0.017,0.347,0.4876,False,False,False
n_projects,Butaleja,0.0,-0.024,0.299,0.4863,False,False,False
n_projects,Butambala,4.0,0.192,0.319,0.4876,False,False,False
n_projects,Butebo,2.0,-0.191,0.238,0.4646,False,False,False
n_projects,Buvuma,3.0,0.309,0.158,0.4102,False,False,False
n_projects,Buyende,0.0,-0.08,0.437,0.4876,False,False,False
n_projects,Dokolo,0.0,-0.316,0.226,0.4646,False,False,False
n_projects,Gomba,3.0,0.017,0.435,0.4876,False,False,False
n_projects,Gulu,3.0,0.076,0.41,0.4876,False,False,False
n_projects,Hoima,10.0,0.484,0.391,0.4876,False,False,False
n_projects,Ibanda,0.0,-0.092,0.429,0.4876,False,False,False
n_projects,Iganga,1.0,-0.323,0.178,0.445,False,False,False
n_projects,Isingiro,1.0,-0.129,0.42,0.4876,False,False,False
n_projects,Jinja,4.0,0.26,0.204,0.4612,False,False,False
n_projects,Kaabong,2.0,-0.129,0.384,0.4876,False,False,False
n_projects,Kabale,6.0,0.309,0.466,0.4954,False,False,False
n_projects,Kabarole,5.0,-0.165,0.105,0.396,False,False,False
n_projects,Kaberamaido,1.0,-0.323,0.113,0.396,False,False,False
n_projects,Kagadi,0.0,-0.191,0.388,0.4876,False,False,False
n_projects,Kakumiro,2.0,-0.031,0.403,0.4876,False,False,False
n_projects,Kalaki,1.0,-0.233,0.263,0.4646,False,False,False
n_projects,Kalangala,1.0,0.71,0.049,0.396,False,False,False
n_projects,Kaliro,2.0,-0.358,0.03,0.396,False,False,False
n_projects,Kalungu,0.0,0.017,0.278,0.4742,False,False,False
n_projects,Kampala,31.0,4.78,0.001,0.0675,False,True,False
n_projects,Kamuli,2.0,0.134,0.195,0.4612,False,False,False
n_projects,Kamwenge,1.0,-0.056,0.459,0.4918,False,False,False
n_projects,Kanungu,2.0,-0.201,0.26,0.4646,False,False,False
n_projects,Kapchorwa,6.0,0.212,0.295,0.4857,False,False,False
n_projects,Kapelebyong,0.0,-0.399,0.065,0.396,False,False,False
n_projects,Karenga,0.0,-0.201,0.474,0.496,False,False,False
n_projects,Kasese,4.0,-0.024,0.471,0.496,False,False,False
n_projects,Kassanda,0.0,0.212,0.128,0.396,False,False,False
n_projects,Katakwi,0.0,-0.311,0.157,0.4102,False,False,False
n_projects,Kayunga,6.0,0.374,0.148,0.4102,False,False,False
n_projects,Kazo,2.0,-0.372,0.021,0.3544,False,False,False
n_projects,Kibaale,1.0,-0.177,0.343,0.4876,False,False,False
n_projects,Kiboga,1.0,0.309,0.101,0.396,False,False,False
n_projects,Kibuku,0.0,-0.316,0.231,0.4646,False,False,False
n_projects,Kikuube,0.0,0.212,0.131,0.396,False,False,False
n_projects,Kiruhura,1.0,-0.165,0.357,0.4876,False,False,False
n_projects,Kiryandongo,2.0,0.309,0.13,0.396,False,False,False
n_projects,Kisoro,1.0,-0.177,0.457,0.4918,False,False,False
n_projects,Kitagwenda,2.0,-0.099,0.428,0.4876,False,False,False
n_projects,Kitgum,2.0,-0.177,0.254,0.4646,False,False,False
n_projects,Koboko,2.0,-0.177,0.29,0.4833,False,False,False
n_projects,Kole,0.0,-0.216,0.496,0.497,False,False,False
n_projects,Kotido,1.0,-0.129,0.414,0.4876,False,False,False
n_projects,Kumi,1.0,-0.42,0.009,0.3037,False,False,False
n_projects,Kwania,2.0,-0.372,0.021,0.3544,False,False,False
n_projects,Kween,1.0,-0.238,0.204,0.4612,False,False,False
n_projects,Kyankwanzi,3.0,0.438,0.094,0.396,False,False,False
n_projects,Kyegegwa,0.0,-0.191,0.389,0.4876,False,False,False
n_projects,Kyenjojo,0.0,-0.226,0.399,0.4876,False,False,False
n_projects,Kyotera,1.0,-0.158,0.485,0.497,False,False,False
n_projects,Lamwo,1.0,0.134,0.166,0.4228,False,False,False
n_projects,Lira,1.0,-0.274,0.125,0.396,False,False,False
n_projects,Luuka,0.0,-0.149,0.496,0.497,False,False,False
n_projects,Luwero,5.0,1.427,0.019,0.3544,False,False,False
n_projects,Lwengo,0.0,-0.316,0.218,0.4646,False,False,False
n_projects,Lyantonde,0.0,-0.449,0.06,0.396,False,False,False
n_projects,Madi Okollo,0.0,-0.145,0.489,0.497,False,False,False
n_projects,Manafwa,0.0,0.134,0.158,0.4102,False,False,False
n_projects,Maracha,0.0,-0.201,0.482,0.497,False,False,False
n_projects,Masaka,4.0,-0.233,0.064,0.396,False,False,False
n_projects,Masindi,5.0,0.637,0.077,0.396,False,False,False
n_projects,Mayuge,1.0,-0.112,0.453,0.4918,False,False,False
n_projects,Mbale,5.0,-0.145,0.138,0.3964,False,False,False
n_projects,Mbarara,6.0,-0.233,0.014,0.3544,False,False,False
n_projects,Mitooma,1.0,-0.333,0.129,0.396,False,False,False
n_projects,Mityana,4.0,0.783,0.049,0.396,False,False,False
n_projects,Moroto,3.0,-0.233,0.113,0.396,False,False,False
n_projects,Moyo,0.0,-0.201,0.497,0.497,False,False,False
n_projects,Mpigi,2.0,0.809,0.046,0.396,False,False,False
n_projects,Mubende,5.0,-0.08,0.34,0.4876,False,False,False
n_projects,Mukono,6.0,2.131,0.001,0.0675,False,True,False
n_projects,Nabilatuk,0.0,-0.274,0.251,0.4646,False,False,False
n_projects,Nakapiripirit,0.0,-0.347,0.116,0.396,False,False,False
n_projects,Nakaseke,5.0,0.965,0.037,0.396,False,False,False
n_projects,Nakasongola,1.0,0.345,0.086,0.396,False,False,False
n_projects,Namayingo,0.0,-0.347,0.26,0.4646,False,False,False
n_projects,Namisindwa,1.0,-0.056,0.397,0.4876,False,False,False
n_projects,Namutumba,1.0,-0.358,0.071,0.396,False,False,False
n_projects,Napak,2.0,-0.316,0.123,0.396,False,False,False
n_projects,Nebbi,1.0,-0.347,0.132,0.396,False,False,False
n_projects,Ngora,0.0,-0.274,0.26,0.4646,False,False,False
n_projects,Ntoroko,1.0,-0.216,0.449,0.4918,False,False,False
n_projects,Ntungamo,0.0,-0.358,0.118,0.396,False,False,False
n_projects,Nwoya,7.0,0.272,0.265,0.4646,False,False,False
n_projects,Obongi,1.0,-0.274,0.247,0.4646,False,False,False
n_projects,Omoro,1.0,0.309,0.105,0.396,False,False,False
n_projects,Otuke,0.0,-0.358,0.125,0.396,False,False,False
n_projects,Oyam,3.0,0.017,0.398,0.4876,False,False,False
n_projects,Pader,2.0,-0.129,0.374,0.4876,False,False,False
n_projects,Pakwach,1.0,0.066,0.239,0.4646,False,False,False
n_projects,Pallisa,1.0,-0.274,0.152,0.4102,False,False,False
n_projects,Rakai,1.0,-0.372,0.061,0.396,False,False,False
n_projects,Rubanda,1.0,0.066,0.239,0.4646,False,False,False
n_projects,Rubirizi,1.0,-0.149,0.422,0.4876,False,False,False
n_projects,Rukiga,2.0,0.017,0.306,0.4876,False,False,False
n_projects,Rukungiri,1.0,-0.201,0.281,0.4742,False,False,False
n_projects,Rwampara,0.0,-0.158,0.381,0.4876,False,False,False
n_projects,Serere,2.0,-0.274,0.122,0.396,False,False,False
n_projects,Sheema,0.0,-0.191,0.413,0.4876,False,False,False
n_projects,Sironko,0.0,-0.226,0.361,0.4876,False,False,False
n_projects,Soroti,2.0,-0.226,0.201,0.4612,False,False,False
n_projects,Ssembabule,0.0,-0.21,0.336,0.4876,False,False,False
n_projects,Tororo,6.0,0.017,0.432,0.4876,False,False,False
n_projects,Wakiso,18.0,2.059,0.002,0.09,False,True,False
n_projects,Yumbe,2.0,-0.316,0.11,0.396,False,False,False
n_projects,Zombo,1.0,-0.347,0.135,0.3962,False,False,False
delay_time_overrun,Abim,0.0,-0.259,0.296,0.4756,False,False,False
delay_time_overrun,Adjumani,2.0,0.251,0.431,0.4889,False,False,False
delay_time_overrun,Agago,1.0,-0.259,0.098,0.2405,False,False,False
delay_time_overrun,Alebtong,0.0,-0.467,0.056,0.18,False,False,False
delay_time_overrun,Amolatar,0.0,-0.077,0.479,0.4936,False,False,False
delay_time_overrun,Amudat,0.0,0.032,0.358,0.4889,False,False,False
delay_time_overrun,Amuria,0.0,-0.441,0.09,0.2318,False,False,False
delay_time_overrun,Amuru,1.0,0.06,0.495,0.4987,False,False,False
delay_time_overrun,Apac,0.0,0.001,0.414,0.4889,False,False,False
delay_time_overrun,Arua,1.0,-0.405,0.001,0.0068,False,False,True
delay_time_overrun,Budaka,0.0,-0.186,0.426,0.4889,False,False,False
delay_time_overrun,Bududa,0.0,-0.259,0.311,0.4771,False,False,False
delay_time_overrun,Bugiri,1.0,-0.213,0.156,0.3343,False,False,False
delay_time_overrun,Bugweri,0.0,0.032,0.363,0.4889,False,False,False
delay_time_overrun,Buhweju,0.0,-0.623,0.001,0.0068,False,False,True
delay_time_overrun,Buikwe,0.0,0.105,0.321,0.4869,False,False,False
delay_time_overrun,Bukedea,0.0,0.001,0.415,0.4889,False,False,False
delay_time_overrun,Bukomansimbi,0.0,0.469,0.105,0.2511,False,False,False
delay_time_overrun,Bukwo,1.0,-0.259,0.001,0.0068,False,False,True
delay_time_overrun,Bulambuli,1.0,0.105,0.475,0.4933,False,False,False
delay_time_overrun,Buliisa,0.0,0.688,0.053,0.1789,False,False,False
delay_time_overrun,Bundibugyo,0.0,-0.623,0.001,0.0068,False,False,True
delay_time_overrun,Bunyangabu,0.0,-0.623,0.001,0.0068,False,False,True
delay_time_overrun,Bushenyi,0.0,-0.441,0.091,0.2318,False,False,False
delay_time_overrun,Busia,0.0,-0.077,0.439,0.4915,False,False,False
delay_time_overrun,Butaleja,0.0,0.001,0.421,0.4889,False,False,False
delay_time_overrun,Butambala,0.0,0.688,0.053,0.1789,False,False,False
delay_time_overrun,Butebo,0.0,-0.155,0.411,0.4889,False,False,False
delay_time_overrun,Buvuma,1.0,0.032,0.428,0.4889,False,False,False
delay_time_overrun,Buyende,0.0,-0.38,0.093,0.2325,False,False,False
delay_time_overrun,Dokolo,0.0,-0.155,0.414,0.4889,False,False,False
delay_time_overrun,Gomba,3.0,0.333,0.49,0.4984,False,False,False
delay_time_overrun,Gulu,0.0,0.032,0.372,0.4889,False,False,False
delay_time_overrun,Hoima,4.0,0.906,0.351,0.4889,False,False,False
delay_time_overrun,Ibanda,0.0,-0.487,0.034,0.135,False,False,False
delay_time_overrun,Iganga,1.0,-0.077,0.307,0.4764,False,False,False
delay_time_overrun,Isingiro,0.0,-0.623,0.001,0.0068,False,False,True
delay_time_overrun,Jinja,1.0,-0.077,0.303,0.4756,False,False,False
delay_time_overrun,Kaabong,1.0,0.196,0.429,0.4889,False,False,False
delay_time_overrun,Kabale,3.0,1.198,0.263,0.4604,False,False,False
delay_time_overrun,Kabarole,0.0,-0.623,0.001,0.0068,False,False,True
delay_time_overrun,Kaberamaido,0.0,-0.441,0.089,0.2318,False,False,False
delay_time_overrun,Kagadi,0.0,-0.467,0.059,0.1852,False,False,False
delay_time_overrun,Kakumiro,0.0,0.287,0.205,0.4149,False,False,False
delay_time_overrun,Kalaki,1.0,-0.467,0.001,0.0068,False,False,True
delay_time_overrun,Kalangala,1.0,0.879,0.016,0.0697,False,True,False
delay_time_overrun,Kaliro,1.0,-0.311,0.063,0.192,False,False,False
delay_time_overrun,Kalungu,0.0,0.626,0.046,0.1774,False,False,False
delay_time_overrun,Kampala,4.0,2.29,0.064,0.192,False,False,False
delay_time_overrun,Kamuli,0.0,-0.186,0.426,0.4889,False,False,False
delay_time_overrun,Kamwenge,0.0,-0.487,0.032,0.1309,False,False,False
delay_time_overrun,Kanungu,1.0,0.196,0.424,0.4889,False,False,False
delay_time_overrun,Kapchorwa,3.0,0.834,0.408,0.4889,False,False,False
delay_time_overrun,Kapelebyong,0.0,-0.467,0.051,0.1789,False,False,False
delay_time_overrun,Karenga,0.0,-0.35,0.238,0.4342,False,False,False
delay_time_overrun,Kasese,0.0,-0.467,0.051,0.1789,False,False,False
delay_time_overrun,Kassanda,0.0,1.198,0.006,0.0324,True,True,False
delay_time_overrun,Katakwi,0.0,-0.35,0.131,0.3049,False,False,False
delay_time_overrun,Kayunga,1.0,-0.138,0.226,0.4238,False,False,False
delay_time_overrun,Kazo,0.0,-0.623,0.001,0.0068,False,False,True
delay_time_overrun,Kibaale,1.0,-0.077,0.302,0.4756,False,False,False
delay_time_overrun,Kiboga,1.0,1.198,0.009,0.045,True,True,False
delay_time_overrun,Kibuku,0.0,-0.467,0.051,0.1789,False,False,False
delay_time_overrun,Kikuube,0.0,0.469,0.106,0.2511,False,False,False
delay_time_overrun,Kiruhura,0.0,-0.623,0.001,0.0068,False,False,True
delay_time_overrun,Kiryandongo,0.0,0.105,0.332,0.4889,False,False,False
delay_time_overrun,Kisoro,0.0,0.105,0.277,0.4674,False,False,False
delay_time_overrun,Kitagwenda,1.0,-0.405,0.001,0.0068,False,False,True
delay_time_overrun,Kitgum,0.0,-0.259,0.288,0.4756,False,False,False
delay_time_overrun,Koboko,1.0,-0.259,0.001,0.0068,False,False,True
delay_time_overrun,Kole,0.0,0.032,0.361,0.4889,False,False,False
delay_time_overrun,Kotido,0.0,0.06,0.383,0.4889,False,False,False
delay_time_overrun,Kumi,1.0,-0.487,0.001,0.0068,False,False,True
delay_time_overrun,Kwania,2.0,-0.259,0.001,0.0068,False,False,True
delay_time_overrun,Kween,0.0,0.06,0.378,0.4889,False,False,False
delay_time_overrun,Kyankwanzi,2.0,0.955,0.016,0.0697,False,True,False
delay_time_overrun,Kyegegwa,0.0,-0.155,0.384,0.4889,False,False,False
delay_time_overrun,Kyenjojo,0.0,-0.441,0.087,0.2318,False,False,False
delay_time_overrun,Kyotera,1.0,0.469,0.234,0.4327,False,False,False
delay_time_overrun,Lamwo,0.0,-0.186,0.414,0.4889,False,False,False
delay_time_overrun,Lira,0.0,-0.016,0.471,0.4929,False,False,False
delay_time_overrun,Luuka,0.0,0.001,0.456,0.4915,False,False,False
delay_time_overrun,Luwero,1.0,1.198,0.008,0.0415,True,True,False
delay_time_overrun,Lwengo,0.0,0.001,0.449,0.4915,False,False,False
delay_time_overrun,Lyantonde,0.0,-0.623,0.001,0.0068,False,False,True
delay_time_overrun,Madi Okollo,0.0,-0.016,0.465,0.4915,False,False,False
delay_time_overrun,Manafwa,0.0,0.032,0.372,0.4889,False,False,False
delay_time_overrun,Maracha,0.0,-0.077,0.447,0.4915,False,False,False
delay_time_overrun,Masaka,3.0,0.313,0.416,0.4889,False,False,False
delay_time_overrun,Masindi,1.0,1.016,0.011,0.053,False,True,False
delay_time_overrun,Mayuge,1.0,-0.016,0.376,0.4889,False,False,False
delay_time_overrun,Mbale,2.0,-0.259,0.032,0.1309,False,False,False
delay_time_overrun,Mbarara,0.0,-0.623,0.001,0.0068,False,False,True
delay_time_overrun,Mitooma,0.0,-0.405,0.147,0.3298,False,False,False
delay_time_overrun,Mityana,2.0,1.289,0.006,0.0324,True,True,False
delay_time_overrun,Moroto,2.0,0.001,0.218,0.4202,False,False,False
delay_time_overrun,Moyo,0.0,0.196,0.266,0.4604,False,False,False
delay_time_overrun,Mpigi,1.0,1.094,0.013,0.0605,False,True,False
delay_time_overrun,Mubende,2.0,0.469,0.173,0.3649,False,False,False
delay_time_overrun,Mukono,0.0,1.016,0.004,0.0245,True,True,False
delay_time_overrun,Nabilatuk,0.0,0.105,0.335,0.4889,False,False,False
delay_time_overrun,Nakapiripirit,0.0,-0.077,0.461,0.4915,False,False,False
delay_time_overrun,Nakaseke,3.0,1.425,0.005,0.0293,True,True,False
delay_time_overrun,Nakasongola,1.0,0.333,0.27,0.4614,False,False,False
delay_time_overrun,Namayingo,0.0,-0.077,0.451,0.4915,False,False,False
delay_time_overrun,Namisindwa,0.0,-0.35,0.25,0.4441,False,False,False
delay_time_overrun,Namutumba,0.0,-0.155,0.396,0.4889,False,False,False
delay_time_overrun,Napak,1.0,-0.155,0.215,0.4202,False,False,False
delay_time_overrun,Nebbi,0.0,-0.623,0.001,0.0068,False,False,True
delay_time_overrun,Ngora,0.0,-0.441,0.09,0.2318,False,False,False
delay_time_overrun,Ntoroko,0.0,-0.623,0.001,0.0068,False,False,True
delay_time_overrun,Ntungamo,0.0,-0.311,0.209,0.4149,False,False,False
delay_time_overrun,Nwoya,1.0,0.06,0.466,0.4915,False,False,False
delay_time_overrun,Obongi,1.0,0.032,0.428,0.4889,False,False,False
delay_time_overrun,Omoro,1.0,0.157,0.456,0.4915,False,False,False
delay_time_overrun,Otuke,0.0,-0.311,0.209,0.4149,False,False,False
delay_time_overrun,Oyam,1.0,-0.155,0.221,0.4202,False,False,False
delay_time_overrun,Pader,1.0,-0.213,0.155,0.3343,False,False,False
delay_time_overrun,Pakwach,0.0,-0.259,0.302,0.4756,False,False,False
delay_time_overrun,Pallisa,0.0,-0.35,0.149,0.3298,False,False,False
delay_time_overrun,Rakai,0.0,-0.441,0.091,0.2318,False,False,False
delay_time_overrun,Rubanda,1.0,0.652,0.077,0.226,False,False,False
delay_time_overrun,Rubirizi,0.0,-0.311,0.205,0.4149,False,False,False
delay_time_overrun,Rukiga,1.0,0.688,0.14,0.3203,False,False,False
delay_time_overrun,Rukungiri,1.0,-0.077,0.303,0.4756,False,False,False
delay_time_overrun,Rwampara,0.0,-0.623,0.001,0.0068,False,False,True
delay_time_overrun,Serere,0.0,-0.467,0.056,0.18,False,False,False
delay_time_overrun,Sheema,0.0,-0.623,0.001,0.0068,False,False,True
delay_time_overrun,Sironko,0.0,-0.077,0.5,0.5,False,False,False
delay_time_overrun,Soroti,0.0,-0.441,0.086,0.2318,False,False,False
delay_time_overrun,Ssembabule,0.0,-0.016,0.491,0.4984,False,False,False
delay_time_overrun,Tororo,1.0,0.001,0.398,0.4889,False,False,False
delay_time_overrun,Wakiso,4.0,1.562,0.004,0.0245,True,True,False
delay_time_overrun,Yumbe,0.0,-0.155,0.396,0.4889,False,False,False
delay_time_overrun,Zombo,0.0,-0.35,0.242,0.4356,False,False,False
cost_overrun,Abim,0.0,-0.205,0.001,0.0012,False,False,True
cost_overrun,Adjumani,0.0,-0.205,0.001,0.0012,False,False,True
cost_overrun,Agago,0.0,-0.205,0.001,0.0012,False,False,True
cost_overrun,Alebtong,0.0,-0.205,0.001,0.0012,False,False,True
cost_overrun,Amolatar,0.0,-0.205,0.001,0.0012,False,False,True
cost_overrun,Amudat,0.0,0.586,0.041,0.0494,True,True,False
cost_overrun,Amuria,0.0,-0.205,0.001,0.0012,False,False,True
cost_overrun,Amuru,0.0,-0.205,0.001,0.0012,False,False,True
cost_overrun,Apac,0.0,-0.205,0.001,0.0012,False,False,True
cost_overrun,Arua,0.0,-0.205,0.001,0.0012,False,False,True
cost_overrun,Budaka,0.0,-0.205,0.001,0.0012,False,False,True
cost_overrun,Bududa,0.0,1.113,0.048,0.0568,False,True,False
cost_overrun,Bugiri,0.0,0.289,0.284,0.2966,False,False,False
cost_overrun,Bugweri,0.0,-0.205,0.001,0.0012,False,False,True
cost_overrun,Buhweju,0.0,-0.205,0.001,0.0012,False,False,True
cost_overrun,Buikwe,0.0,-0.205,0.001,0.0012,False,False,True
cost_overrun,Bukedea,0.0,-0.205,0.001,0.0012,False,False,True
cost_overrun,Bukomansimbi,0.0,-0.205,0.001,0.0012,False,False,True
cost_overrun,Bukwo,0.0,1.113,0.09,0.103,False,False,False
cost_overrun,Bulambuli,0.0,0.454,0.21,0.2305,False,False,False
cost_overrun,Buliisa,0.0,0.586,0.041,0.0494,True,True,False
cost_overrun,Bundibugyo,0.0,0.586,0.041,0.0494,True,True,False
cost_overrun,Bunyangabu,0.0,0.783,0.135,0.1506,False,False,False
cost_overrun,Bushenyi,0.0,-0.205,0.001,0.0012,False,False,True
cost_overrun,Busia,0.0,0.783,0.135,0.1506,False,False,False
cost_overrun,Butaleja,0.0,0.36,0.247,0.2626,False,False,False
cost_overrun,Butambala,0.0,-0.205,0.001,0.0012,False,False,True
cost_overrun,Butebo,0.0,-0.205,0.001,0.0012,False,False,True
cost_overrun,Buvuma,0.0,-0.205,0.001,0.0012,False,False,True
cost_overrun,Buyende,0.0,-0.205,0.001,0.0012,False,False,True
cost_overrun,Dokolo,0.0,-0.205,0.001,0.0012,False,False,True
cost_overrun,Gomba,0.0,-0.205,0.001,0.0012,False,False,True
cost_overrun,Gulu,0.0,-0.205,0.001,0.0012,False,False,True
cost_overrun,Hoima,1.0,0.586,0.158,0.1748,False,False,False
cost_overrun,Ibanda,0.0,-0.205,0.001,0.0012,False,False,True
cost_overrun,Iganga,0.0,-0.205,0.001,0.0012,False,False,True
cost_overrun,Isingiro,0.0,-0.205,0.001,0.0012,False,False,True
cost_overrun,Jinja,0.0,-0.205,0.001,0.0012,False,False,True
cost_overrun,Kaabong,0.0,-0.205,0.001,0.0012,False,False,True
cost_overrun,Kabale,0.0,-0.205,0.001,0.0012,False,False,True
cost_overrun,Kabarole,0.0,0.289,0.29,0.2966,False,False,False
cost_overrun,Kaberamaido,0.0,-0.205,0.001,0.0012,False,False,True
cost_overrun,Kagadi,0.0,-0.205,0.001,0.0012,False,False,True
cost_overrun,Kakumiro,0.0,-0.205,0.001,0.0012,False,False,True
cost_overrun,Kalaki,0.0,-0.205,0.001,0.0012,False,False,True
cost_overrun,Kalangala,0.0,-0.205,0.001,0.0012,False,False,True
cost_overrun,Kaliro,0.0,-0.205,0.001,0.0012,False,False,True
cost_overrun,Kalungu,0.0,-0.205,0.001,0.0012,False,False,True
cost_overrun,Kampala,2.0,2.431,0.001,0.0012,True,True,False
cost_overrun,Kamuli,0.0,-0.205,0.001,0.0012,False,False,True
cost_overrun,Kamwenge,0.0,0.289,0.296,0.3005,False,False,False
cost_overrun,Kanungu,0.0,-0.205,0.001,0.0012,False,False,True
cost_overrun,Kapchorwa,0.0,1.113,0.088,0.1015,False,False,False
cost_overrun,Kapelebyong,0.0,-0.205,0.001,0.0012,False,False,True
cost_overrun,Karenga,0.0,-0.205,0.001,0.0012,False,False,True
cost_overrun,Kasese,1.0,0.36,0.001,0.0012,True,True,False
cost_overrun,Kassanda,0.0,-0.205,0.001,0.0012,False,False,True
cost_overrun,Katakwi,0.0,-0.205,0.001,0.0012,False,False,True
cost_overrun,Kayunga,0.0,-0.205,0.001,0.0012,False,False,True
cost_overrun,Kazo,0.0,-0.205,0.001,0.0012,False,False,True
cost_overrun,Kibaale,0.0,-0.205,0.001,0.0012,False,False,True
cost_overrun,Kiboga,0.0,-0.205,0.001,0.0012,False,False,True
cost_overrun,Kibuku,0.0,-0.205,0.001,0.0012,False,False,True
cost_overrun,Kikuube,0.0,0.454,0.232,0.2486,False,False,False
cost_overrun,Kiruhura,0.0,-0.205,0.001,0.0012,False,False,True
cost_overrun,Kiryandongo,0.0,-0.205,0.001,0.0012,False,False,True
cost_overrun,Kisoro,0.0,-0.205,0.001,0.0012,False,False,True
cost_overrun,Kitagwenda,0.0,0.586,0.043,0.0514,False,True,False
cost_overrun,Kitgum,0.0,-0.205,0.001,0.0012,False,False,True
cost_overrun,Koboko,0.0,-0.205,0.001,0.0012,False,False,True
cost_overrun,Kole,0.0,-0.205,0.001,0.0012,False,False,True
cost_overrun,Kotido,0.0,-0.205,0.001,0.0012,False,False,True
cost_overrun,Kumi,0.0,-0.205,0.001,0.0012,False,False,True
cost_overrun,Kwania,0.0,-0.205,0.001,0.0012,False,False,True
cost_overrun,Kween,1.0,0.289,0.001,0.0012,True,True,False
cost_overrun,Kyankwanzi,0.0,0.234,0.323,0.323,False,False,False
cost_overrun,Kyegegwa,0.0,-0.205,0.001,0.0012,False,False,True
cost_overrun,Kyenjojo,0.0,-0.205,0.001,0.0012,False,False,True
cost_overrun,Kyotera,0.0,-0.205,0.001,0.0012,False,False,True
cost_overrun,Lamwo,0.0,-0.205,0.001,0.0012,False,False,True
cost_overrun,Lira,0.0,-0.205,0.001,0.0012,False,False,True
cost_overrun,Luuka,0.0,-0.205,0.001,0.0012,False,False,True
cost_overrun,Luwero,0.0,-0.205,0.001,0.0012,False,False,True
cost_overrun,Lwengo,0.0,-0.205,0.001,0.0012,False,False,True
cost_overrun,Lyantonde,0.0,-0.205,0.001,0.0012,False,False,True
cost_overrun,Madi Okollo,0.0,-0.205,0.001,0.0012,False,False,True
cost_overrun,Manafwa,0.0,1.376,0.001,0.0012,True,True,False
cost_overrun,Maracha,0.0,-0.205,0.001,0.0012,False,False,True
cost_overrun,Masaka,0.0,-0.205,0.001,0.0012,False,False,True
cost_overrun,Masindi,0.0,0.289,0.288,0.2966,False,False,False
cost_overrun,Mayuge,0.0,-0.205,0.001,0.0012,False,False,True
cost_overrun,Mbale,0.0,0.234,0.323,0.323,False,False,False
cost_overrun,Mbarara,0.0,-0.205,0.001,0.0012,False,False,True
cost_overrun,Mitooma,0.0,-0.205,0.001,0.0012,False,False,True
cost_overrun,Mityana,0.0,-0.205,0.001,0.0012,False,False,True
cost_overrun,Moroto,0.0,-0.205,0.001,0.0012,False,False,True
cost_overrun,Moyo,0.0,-0.205,0.001,0.0012,False,False,True
cost_overrun,Mpigi,0.0,-0.205,0.001,0.0012,False,False,True
cost_overrun,Mubende,0.0,-0.205,0.001,0.0012,False,False,True
cost_overrun,Mukono,0.0,0.783,0.087,0.1012,False,False,False
cost_overrun,Nabilatuk,0.0,-0.205,0.001,0.0012,False,False,True
cost_overrun,Nakapiripirit,0.0,0.289,0.288,0.2966,False,False,False
cost_overrun,Nakaseke,0.0,-0.205,0.001,0.0012,False,False,True
cost_overrun,Nakasongola,0.0,-0.205,0.001,0.0012,False,False,True
cost_overrun,Namayingo,0.0,-0.205,0.001,0.0012,False,False,True
cost_overrun,Namisindwa,1.0,1.772,0.109,0.1237,False,False,False
cost_overrun,Namutumba,0.0,-0.205,0.001,0.0012,False,False,True
cost_overrun,Napak,0.0,-0.205,0.001,0.0012,False,False,True
cost_overrun,Nebbi,0.0,-0.205,0.001,0.0012,False,False,True
cost_overrun,Ngora,0.0,-0.205,0.001,0.0012,False,False,True
cost_overrun,Ntoroko,0.0,-0.205,0.001,0.0012,False,False,True
cost_overrun,Ntungamo,0.0,-0.205,0.001,0.0012,False,False,True
cost_overrun,Nwoya,0.0,-0.205,0.001,0.0012,False,False,True
cost_overrun,Obongi,0.0,-0.205,0.001,0.0012,False,False,True
cost_overrun,Omoro,0.0,-0.205,0.001,0.0012,False,False,True
cost_overrun,Otuke,0.0,-0.205,0.001,0.0012,False,False,True
cost_overrun,Oyam,0.0,-0.205,0.001,0.0012,False,False,True
cost_overrun,Pader,0.0,-0.205,0.001,0.0012,False,False,True
cost_overrun,Pakwach,0.0,-0.205,0.001,0.0012,False,False,True
cost_overrun,Pallisa,0.0,-0.205,0.001,0.0012,False,False,True
cost_overrun,Rakai,0.0,-0.205,0.001,0.0012,False,False,True
cost_overrun,Rubanda,0.0,-0.205,0.001,0.0012,False,False,True
cost_overrun,Rubirizi,0.0,0.36,0.256,0.27,False,False,False
cost_overrun,Rukiga,0.0,-0.205,0.001,0.0012,False,False,True
cost_overrun,Rukungiri,0.0,-0.205,0.001,0.0012,False,False,True
cost_overrun,Rwampara,0.0,-0.205,0.001,0.0012,False,False,True
cost_overrun,Serere,0.0,-0.205,0.001,0.0012,False,False,True
cost_overrun,Sheema,0.0,-0.205,0.001,0.0012,False,False,True
cost_overrun,Sironko,0.0,0.454,0.227,0.2452,False,False,False
cost_overrun,Soroti,0.0,-0.205,0.001,0.0012,False,False,True
cost_overrun,Ssembabule,0.0,-0.205,0.001,0.0012,False,False,True
cost_overrun,Tororo,1.0,0.925,0.22,0.2395,False,False,False
cost_overrun,Wakiso,0.0,0.783,0.078,0.0916,False,True,False
cost_overrun,Yumbe,0.0,-0.205,0.001,0.0012,False,False,True
cost_overrun,Zombo,0.0,-0.205,0.001,0.0012,False,False,True
claims_and_disputes,Abim,0.0,-0.264,0.001,0.0017,False,False,True
claims_and_disputes,Adjumani,0.0,0.111,0.378,0.4449,False,False,False
claims_and_disputes,Agago,0.0,-0.264,0.001,0.0017,False,False,True
claims_and_disputes,Alebtong,0.0,-0.264,0.001,0.0017,False,False,True
claims_and_disputes,Amolatar,0.0,-0.03,0.41,0.466,False,False,False
claims_and_disputes,Amudat,0.0,-0.264,0.001,0.0017,False,False,True
claims_and_disputes,Amuria,0.0,-0.264,0.001,0.0017,False,False,True
claims_and_disputes,Amuru,1.0,0.44,0.228,0.3018,False,False,False
claims_and_disputes,Apac,0.0,-0.264,0.001,0.0017,False,False,True
claims_and_disputes,Arua,0.0,0.111,0.379,0.4449,False,False,False
claims_and_disputes,Budaka,0.0,-0.264,0.001,0.0017,False,False,True
claims_and_disputes,Bududa,0.0,-0.264,0.001,0.0017,False,False,True
claims_and_disputes,Bugiri,0.0,-0.264,0.001,0.0017,False,False,True
claims_and_disputes,Bugweri,0.0,-0.264,0.001,0.0017,False,False,True
claims_and_disputes,Buhweju,0.0,-0.264,0.001,0.0017,False,False,True
claims_and_disputes,Buikwe,1.0,0.361,0.42,0.466,False,False,False
claims_and_disputes,Bukedea,0.0,-0.264,0.001,0.0017,False,False,True
claims_and_disputes,Bukomansimbi,0.0,-0.264,0.001,0.0017,False,False,True
claims_and_disputes,Bukwo,0.0,-0.264,0.001,0.0017,False,False,True
claims_and_disputes,Bulambuli,0.0,0.049,0.438,0.4693,False,False,False
claims_and_disputes,Buliisa,0.0,-0.264,0.001,0.0017,False,False,True
claims_and_disputes,Bundibugyo,0.0,-0.264,0.001,0.0017,False,False,True
claims_and_disputes,Bunyangabu,0.0,-0.264,0.001,0.0017,False,False,True
claims_and_disputes,Bushenyi,0.0,-0.264,0.001,0.0017,False,False,True
claims_and_disputes,Busia,0.0,-0.264,0.001,0.0017,False,False,True
claims_and_disputes,Butaleja,0.0,-0.264,0.001,0.0017,False,False,True
claims_and_disputes,Butambala,0.0,-0.264,0.001,0.0017,False,False,True
claims_and_disputes,Butebo,0.0,-0.264,0.001,0.0017,False,False,True
claims_and_disputes,Buvuma,0.0,0.111,0.372,0.4444,False,False,False
claims_and_disputes,Buyende,0.0,0.153,0.278,0.35,False,False,False
claims_and_disputes,Dokolo,0.0,-0.264,0.001,0.0017,False,False,True
claims_and_disputes,Gomba,0.0,-0.264,0.001,0.0017,False,False,True
claims_and_disputes,Gulu,2.0,0.862,0.072,0.113,False,False,False
claims_and_disputes,Hoima,0.0,-0.264,0.001,0.0017,False,False,True
claims_and_disputes,Ibanda,0.0,0.44,0.082,0.1258,False,False,False
claims_and_disputes,Iganga,0.0,-0.264,0.001,0.0017,False,False,True
claims_and_disputes,Isingiro,1.0,0.361,0.411,0.466,False,False,False
claims_and_disputes,Jinja,0.0,0.361,0.127,0.1884,False,False,False
claims_and_disputes,Kaabong,0.0,-0.264,0.001,0.0017,False,False,True
claims_and_disputes,Kabale,0.0,-0.264,0.001,0.0017,False,False,True
claims_and_disputes,Kabarole,0.0,-0.264,0.001,0.0017,False,False,True
claims_and_disputes,Kaberamaido,0.0,0.049,0.443,0.4693,False,False,False
claims_and_disputes,Kagadi,0.0,-0.264,0.001,0.0017,False,False,True
claims_and_disputes,Kakumiro,0.0,-0.264,0.001,0.0017,False,False,True
claims_and_disputes,Kalaki,0.0,0.004,0.167,0.2373,False,False,False
claims_and_disputes,Kalangala,0.0,-0.264,0.001,0.0017,False,False,True
claims_and_disputes,Kaliro,0.0,-0.264,0.001,0.0017,False,False,True
claims_and_disputes,Kalungu,0.0,-0.264,0.001,0.0017,False,False,True
claims_and_disputes,Kampala,5.0,2.864,0.192,0.2672,False,False,False
claims_and_disputes,Kamuli,0.0,0.111,0.367,0.4424,False,False,False
claims_and_disputes,Kamwenge,0.0,0.205,0.21,0.2807,False,False,False
claims_and_disputes,Kanungu,0.0,-0.264,0.001,0.0017,False,False,True
claims_and_disputes,Kapchorwa,1.0,0.361,0.001,0.0017,True,True,False
claims_and_disputes,Kapelebyong,0.0,-0.264,0.001,0.0017,False,False,True
claims_and_disputes,Karenga,0.0,-0.264,0.001,0.0017,False,False,True
claims_and_disputes,Kasese,0.0,0.004,0.167,0.2373,False,False,False
claims_and_disputes,Kassanda,0.0,-0.264,0.001,0.0017,False,False,True
claims_and_disputes,Katakwi,0.0,-0.264,0.001,0.0017,False,False,True
claims_and_disputes,Kayunga,1.0,0.361,0.237,0.3106,False,False,False
claims_and_disputes,Kazo,1.0,0.361,0.428,0.466,False,False,False
claims_and_disputes,Kibaale,0.0,-0.264,0.001,0.0017,False,False,True
claims_and_disputes,Kiboga,0.0,0.049,0.45,0.4705,False,False,False
claims_and_disputes,Kibuku,0.0,-0.264,0.001,0.0017,False,False,True
claims_and_disputes,Kikuube,0.0,-0.264,0.001,0.0017,False,False,True
claims_and_disputes,Kiruhura,1.0,0.44,0.194,0.2672,False,False,False
claims_and_disputes,Kiryandongo,0.0,-0.264,0.001,0.0017,False,False,True
claims_and_disputes,Kisoro,0.0,-0.264,0.001,0.0017,False,False,True
claims_and_disputes,Kitagwenda,1.0,0.111,0.001,0.0017,True,True,False
claims_and_disputes,Kitgum,0.0,-0.264,0.001,0.0017,False,False,True
claims_and_disputes,Koboko,0.0,0.361,0.207,0.2794,False,False,False
claims_and_disputes,Kole,0.0,-0.264,0.001,0.0017,False,False,True
claims_and_disputes,Kotido,0.0,-0.264,0.001,0.0017,False,False,True
claims_and_disputes,Kumi,0.0,-0.264,0.001,0.0017,False,False,True
claims_and_disputes,Kwania,0.0,-0.264,0.001,0.0017,False,False,True
claims_and_disputes,Kween,0.0,-0.03,0.458,0.4705,False,False,False
claims_and_disputes,Kyankwanzi,0.0,-0.056,0.403,0.466,False,False,False
claims_and_disputes,Kyegegwa,0.0,0.004,0.17,0.2391,False,False,False
claims_and_disputes,Kyenjojo,0.0,-0.264,0.001,0.0017,False,False,True
claims_and_disputes,Kyotera,0.0,-0.264,0.001,0.0017,False,False,True
claims_and_disputes,Lamwo,0.0,0.862,0.034,0.0553,False,True,False
claims_and_disputes,Lira,0.0,-0.264,0.001,0.0017,False,False,True
claims_and_disputes,Luuka,0.0,-0.264,0.001,0.0017,False,False,True
claims_and_disputes,Luwero,1.0,0.674,0.114,0.1729,False,False,False
claims_and_disputes,Lwengo,0.0,-0.264,0.001,0.0017,False,False,True
claims_and_disputes,Lyantonde,0.0,0.111,0.35,0.4269,False,False,False
claims_and_disputes,Madi Okollo,0.0,0.153,0.247,0.3189,False,False,False
claims_and_disputes,Manafwa,0.0,-0.264,0.001,0.0017,False,False,True
claims_and_disputes,Maracha,0.0,0.205,0.28,0.35,False,False,False
claims_and_disputes,Masaka,0.0,-0.264,0.001,0.0017,False,False,True
claims_and_disputes,Masindi,0.0,-0.03,0.467,0.4705,False,False,False
claims_and_disputes,Mayuge,0.0,-0.056,0.411,0.466,False,False,False
claims_and_disputes,Mbale,0.0,-0.264,0.001,0.0017,False,False,True
claims_and_disputes,Mbarara,0.0,0.272,0.063,0.1001,False,False,False
claims_and_disputes,Mitooma,0.0,-0.264,0.001,0.0017,False,False,True
claims_and_disputes,Mityana,0.0,-0.03,0.467,0.4705,False,False,False
claims_and_disputes,Moroto,0.0,-0.264,0.001,0.0017,False,False,True
claims_and_disputes,Moyo,0.0,0.205,0.28,0.35,False,False,False
claims_and_disputes,Mpigi,0.0,-0.264,0.001,0.0017,False,False,True
claims_and_disputes,Mubende,0.0,-0.264,0.001,0.0017,False,False,True
claims_and_disputes,Mukono,0.0,1.613,0.002,0.0033,True,True,False
claims_and_disputes,Nabilatuk,0.0,-0.264,0.001,0.0017,False,False,True
claims_and_disputes,Nakapiripirit,0.0,-0.264,0.001,0.0017,False,False,True
claims_and_disputes,Nakaseke,1.0,0.205,0.498,0.498,False,False,False
claims_and_disputes,Nakasongola,0.0,0.44,0.08,0.1241,False,False,False
claims_and_disputes,Namayingo,0.0,-0.264,0.001,0.0017,False,False,True
claims_and_disputes,Namisindwa,0.0,-0.264,0.001,0.0017,False,False,True
claims_and_disputes,Namutumba,0.0,-0.264,0.001,0.0017,False,False,True
claims_and_disputes,Napak,0.0,-0.264,0.001,0.0017,False,False,True
claims_and_disputes,Nebbi,0.0,-0.264,0.001,0.0017,False,False,True
claims_and_disputes,Ngora,0.0,0.049,0.428,0.466,False,False,False
claims_and_disputes,Ntoroko,0.0,-0.264,0.001,0.0017,False,False,True
claims_and_disputes,Ntungamo,0.0,0.004,0.153,0.2221,False,False,False
claims_and_disputes,Nwoya,0.0,-0.03,0.466,0.4705,False,False,False
claims_and_disputes,Obongi,0.0,0.111,0.351,0.4269,False,False,False
claims_and_disputes,Omoro,0.0,0.54,0.043,0.0691,False,True,False
claims_and_disputes,Otuke,0.0,-0.264,0.001,0.0017,False,False,True
claims_and_disputes,Oyam,0.0,-0.264,0.001,0.0017,False,False,True
claims_and_disputes,Pader,0.0,0.205,0.198,0.27,False,False,False
claims_and_disputes,Pakwach,0.0,0.049,0.428,0.466,False,False,False
claims_and_disputes,Pallisa,0.0,-0.03,0.466,0.4705,False,False,False
claims_and_disputes,Rakai,0.0,0.361,0.118,0.177,False,False,False
claims_and_disputes,Rubanda,0.0,-0.264,0.001,0.0017,False,False,True
claims_and_disputes,Rubirizi,0.0,0.004,0.153,0.2221,False,False,False
claims_and_disputes,Rukiga,0.0,-0.264,0.001,0.0017,False,False,True
claims_and_disputes,Rukungiri,0.0,-0.264,0.001,0.0017,False,False,True
claims_and_disputes,Rwampara,0.0,0.111,0.351,0.4269,False,False,False
claims_and_disputes,Serere,1.0,0.004,0.445,0.4693,False,False,False
claims_and_disputes,Sheema,0.0,-0.264,0.001,0.0017,False,False,True
claims_and_disputes,Sironko,0.0,-0.264,0.001,0.0017,False,False,True
claims_and_disputes,Soroti,0.0,0.049,0.417,0.466,False,False,False
claims_and_disputes,Ssembabule,0.0,0.153,0.248,0.3189,False,False,False
claims_and_disputes,Tororo,0.0,-0.264,0.001,0.0017,False,False,True
claims_and_disputes,Wakiso,0.0,1.378,0.005,0.0082,True,True,False
claims_and_disputes,Yumbe,1.0,0.004,0.443,0.4693,False,False,False
claims_and_disputes,Zombo,0.0,-0.264,0.001,0.0017,False,False,True
land_and_right_of_way,Abim,0.0,-0.371,0.001,0.002,False,False,True
land_and_right_of_way,Adjumani,0.0,-0.085,0.484,0.498,False,False,False
land_and_right_of_way,Agago,0.0,-0.371,0.001,0.002,False,False,True
land_and_right_of_way,Alebtong,0.0,-0.371,0.001,0.002,False,False,True
land_and_right_of_way,Amolatar,1.0,0.344,0.3,0.4175,False,False,False
land_and_right_of_way,Amudat,0.0,-0.371,0.001,0.002,False,False,True
land_and_right_of_way,Amuria,0.0,-0.132,0.395,0.4597,False,False,False
land_and_right_of_way,Amuru,1.0,-0.013,0.287,0.4064,False,False,False
land_and_right_of_way,Apac,0.0,0.242,0.261,0.402,False,False,False
land_and_right_of_way,Arua,0.0,-0.371,0.001,0.002,False,False,True
land_and_right_of_way,Budaka,0.0,-0.085,0.488,0.498,False,False,False
land_and_right_of_way,Bududa,0.0,-0.371,0.001,0.002,False,False,True
land_and_right_of_way,Bugiri,0.0,-0.013,0.458,0.4907,False,False,False
land_and_right_of_way,Bugweri,0.0,-0.371,0.001,0.002,False,False,True
land_and_right_of_way,Buhweju,0.0,-0.371,0.001,0.002,False,False,True
land_and_right_of_way,Buikwe,1.0,1.775,0.007,0.0137,True,True,False
land_and_right_of_way,Bukedea,0.0,-0.167,0.339,0.4343,False,False,False
land_and_right_of_way,Bukomansimbi,0.0,-0.371,0.001,0.002,False,False,True
land_and_right_of_way,Bukwo,0.0,-0.371,0.001,0.002,False,False,True
land_and_right_of_way,Bulambuli,0.0,-0.371,0.001,0.002,False,False,True
land_and_right_of_way,Buliisa,0.0,0.774,0.089,0.154,False,False,False
land_and_right_of_way,Bundibugyo,0.0,-0.371,0.001,0.002,False,False,True
land_and_right_of_way,Bunyangabu,0.0,-0.371,0.001,0.002,False,False,True
land_and_right_of_way,Bushenyi,0.0,-0.371,0.001,0.002,False,False,True
land_and_right_of_way,Busia,1.0,0.344,0.403,0.4624,False,False,False
land_and_right_of_way,Butaleja,0.0,-0.167,0.336,0.4343,False,False,False
land_and_right_of_way,Butambala,3.0,0.488,0.001,0.002,True,True,False
land_and_right_of_way,Butebo,1.0,-0.167,0.001,0.002,False,False,True
land_and_right_of_way,Buvuma,2.0,1.346,0.085,0.149,False,False,False
land_and_right_of_way,Buyende,0.0,0.424,0.125,0.2058,False,False,False
land_and_right_of_way,Dokolo,0.0,-0.167,0.34,0.4343,False,False,False
land_and_right_of_way,Gomba,0.0,0.344,0.183,0.2906,False,False,False
land_and_right_of_way,Gulu,0.0,-0.085,0.486,0.498,False,False,False
land_and_right_of_way,Hoima,1.0,0.488,0.259,0.402,False,False,False
land_and_right_of_way,Ibanda,0.0,-0.192,0.289,0.4064,False,False,False
land_and_right_of_way,Iganga,0.0,-0.371,0.001,0.002,False,False,True
land_and_right_of_way,Isingiro,0.0,-0.371,0.001,0.002,False,False,True
land_and_right_of_way,Jinja,0.0,0.583,0.114,0.19,False,False,False
land_and_right_of_way,Kaabong,0.0,-0.371,0.001,0.002,False,False,True
land_and_right_of_way,Kabale,0.0,-0.371,0.001,0.002,False,False,True
land_and_right_of_way,Kabarole,0.0,-0.371,0.001,0.002,False,False,True
land_and_right_of_way,Kaberamaido,0.0,0.106,0.337,0.4343,False,False,False
land_and_right_of_way,Kagadi,0.0,-0.167,0.346,0.4365,False,False,False
land_and_right_of_way,Kakumiro,1.0,0.106,0.438,0.4769,False,False,False
land_and_right_of_way,Kalaki,0.0,0.038,0.389,0.4567,False,False,False
land_and_right_of_way,Kalangala,0.0,1.06,0.011,0.0212,True,True,False
land_and_right_of_way,Kaliro,0.0,-0.371,0.001,0.002,False,False,True
land_and_right_of_way,Kalungu,0.0,0.242,0.264,0.402,False,False,False
land_and_right_of_way,Kampala,4.0,4.399,0.001,0.002,True,True,False
land_and_right_of_way,Kamuli,0.0,0.488,0.166,0.2668,False,False,False
land_and_right_of_way,Kamwenge,0.0,-0.192,0.288,0.4064,False,False,False
land_and_right_of_way,Kanungu,0.0,-0.371,0.001,0.002,False,False,True
land_and_right_of_way,Kapchorwa,0.0,-0.371,0.001,0.002,False,False,True
land_and_right_of_way,Kapelebyong,0.0,-0.371,0.001,0.002,False,False,True
land_and_right_of_way,Karenga,0.0,-0.371,0.001,0.002,False,False,True
land_and_right_of_way,Kasese,0.0,-0.371,0.001,0.002,False,False,True
land_and_right_of_way,Kassanda,0.0,-0.132,0.418,0.4625,False,False,False
land_and_right_of_way,Katakwi,0.0,-0.192,0.288,0.4064,False,False,False
land_and_right_of_way,Kayunga,3.0,0.901,0.049,0.087,False,True,False
land_and_right_of_way,Kazo,1.0,-0.132,0.001,0.002,False,False,True
land_and_right_of_way,Kibaale,0.0,0.106,0.32,0.4277,False,False,False
land_and_right_of_way,Kiboga,0.0,-0.132,0.416,0.4625,False,False,False
land_and_right_of_way,Kibuku,0.0,-0.167,0.341,0.4343,False,False,False
land_and_right_of_way,Kikuube,0.0,0.106,0.32,0.4277,False,False,False
land_and_right_of_way,Kiruhura,0.0,-0.192,0.289,0.4064,False,False,False
land_and_right_of_way,Kiryandongo,1.0,0.821,0.049,0.087,False,True,False
land_and_right_of_way,Kisoro,0.0,-0.371,0.001,0.002,False,False,True
land_and_right_of_way,Kitagwenda,0.0,-0.371,0.001,0.002,False,False,True
land_and_right_of_way,Kitgum,0.0,-0.371,0.001,0.002,False,False,True
land_and_right_of_way,Koboko,0.0,-0.371,0.001,0.002,False,False,True
land_and_right_of_way,Kole,0.0,-0.085,0.491,0.498,False,False,False
land_and_right_of_way,Kotido,0.0,-0.371,0.001,0.002,False,False,True
land_and_right_of_way,Kumi,0.0,-0.192,0.287,0.4064,False,False,False
land_and_right_of_way,Kwania,0.0,-0.132,0.411,0.4624,False,False,False
land_and_right_of_way,Kween,0.0,-0.371,0.001,0.002,False,False,True
land_and_right_of_way,Kyankwanzi,0.0,0.424,0.133,0.2163,False,False,False
land_and_right_of_way,Kyegegwa,0.0,0.038,0.376,0.4453,False,False,False
land_and_right_of_way,Kyenjojo,0.0,-0.371,0.001,0.002,False,False,True
land_and_right_of_way,Kyotera,0.0,-0.371,0.001,0.002,False,False,True
land_and_right_of_way,Lamwo,0.0,-0.085,0.491,0.498,False,False,False
land_and_right_of_way,Lira,0.0,-0.212,0.498,0.498,False,False,False
land_and_right_of_way,Luuka,0.0,-0.371,0.001,0.002,False,False,True
land_and_right_of_way,Luwero,0.0,1.775,0.002,0.004,True,True,False
land_and_right_of_way,Lwengo,0.0,-0.371,0.001,0.002,False,False,True
land_and_right_of_way,Lyantonde,0.0,-0.371,0.001,0.002,False,False,True
land_and_right_of_way,Madi Okollo,0.0,-0.212,0.498,0.498,False,False,False
land_and_right_of_way,Manafwa,0.0,-0.085,0.491,0.498,False,False,False
land_and_right_of_way,Maracha,0.0,-0.371,0.001,0.002,False,False,True
land_and_right_of_way,Masaka,0.0,-0.371,0.001,0.002,False,False,True
land_and_right_of_way,Masindi,2.0,0.523,0.288,0.4064,False,False,False
land_and_right_of_way,Mayuge,0.0,0.106,0.365,0.44,False,False,False
land_and_right_of_way,Mbale,0.0,-0.053,0.365,0.44,False,False,False
land_and_right_of_way,Mbarara,0.0,-0.371,0.001,0.002,False,False,True
land_and_right_of_way,Mitooma,0.0,-0.371,0.001,0.002,False,False,True
land_and_right_of_way,Mityana,0.0,0.702,0.039,0.0711,False,True,False
land_and_right_of_way,Moroto,0.0,-0.371,0.001,0.002,False,False,True
land_and_right_of_way,Moyo,0.0,-0.371,0.001,0.002,False,False,True
land_and_right_of_way,Mpigi,0.0,0.856,0.031,0.0573,False,True,False
land_and_right_of_way,Mubende,1.0,-0.053,0.482,0.498,False,False,False
land_and_right_of_way,Mukono,3.0,2.491,0.001,0.002,True,True,False
land_and_right_of_way,Nabilatuk,0.0,-0.371,0.001,0.002,False,False,True
land_and_right_of_way,Nakapiripirit,0.0,-0.371,0.001,0.002,False,False,True
land_and_right_of_way,Nakaseke,0.0,0.523,0.099,0.1671,False,False,False
land_and_right_of_way,Nakasongola,0.0,0.881,0.026,0.0488,True,True,False
land_and_right_of_way,Namayingo,0.0,-0.013,0.411,0.4624,False,False,False
land_and_right_of_way,Namisindwa,0.0,-0.013,0.411,0.4624,False,False,False
land_and_right_of_way,Namutumba,0.0,-0.371,0.001,0.002,False,False,True
land_and_right_of_way,Napak,0.0,-0.371,0.001,0.002,False,False,True
land_and_right_of_way,Nebbi,0.0,-0.371,0.001,0.002,False,False,True
land_and_right_of_way,Ngora,0.0,0.106,0.31,0.427,False,False,False
land_and_right_of_way,Ntoroko,0.0,-0.371,0.001,0.002,False,False,True
land_and_right_of_way,Ntungamo,0.0,-0.371,0.001,0.002,False,False,True
land_and_right_of_way,Nwoya,1.0,0.702,0.095,0.1623,False,False,False
land_and_right_of_way,Obongi,0.0,-0.371,0.001,0.002,False,False,True
land_and_right_of_way,Omoro,0.0,0.242,0.265,0.402,False,False,False
land_and_right_of_way,Otuke,0.0,-0.371,0.001,0.002,False,False,True
land_and_right_of_way,Oyam,1.0,0.242,0.372,0.4444,False,False,False
land_and_right_of_way,Pader,0.0,-0.371,0.001,0.002,False,False,True
land_and_right_of_way,Pakwach,0.0,0.106,0.319,0.4277,False,False,False
land_and_right_of_way,Pallisa,0.0,-0.013,0.45,0.486,False,False,False
land_and_right_of_way,Rakai,0.0,-0.371,0.001,0.002,False,False,True
land_and_right_of_way,Rubanda,0.0,-0.371,0.001,0.002,False,False,True
land_and_right_of_way,Rubirizi,0.0,-0.371,0.001,0.002,False,False,True
land_and_right_of_way,Rukiga,0.0,-0.371,0.001,0.002,False,False,True
land_and_right_of_way,Rukungiri,0.0,-0.371,0.001,0.002,False,False,True
land_and_right_of_way,Rwampara,0.0,-0.371,0.001,0.002,False,False,True
land_and_right_of_way,Serere,1.0,0.038,0.364,0.44,False,False,False
land_and_right_of_way,Sheema,0.0,-0.371,0.001,0.002,False,False,True
land_and_right_of_way,Sironko,0.0,-0.371,0.001,0.002,False,False,True
land_and_right_of_way,Soroti,1.0,0.106,0.436,0.4769,False,False,False
land_and_right_of_way,Ssembabule,0.0,-0.053,0.363,0.44,False,False,False
land_and_right_of_way,Tororo,1.0,0.038,0.359,0.44,False,False,False
land_and_right_of_way,Wakiso,3.0,1.418,0.02,0.038,True,True,False
land_and_right_of_way,Yumbe,0.0,-0.371,0.001,0.002,False,False,True
land_and_right_of_way,Zombo,0.0,-0.371,0.001,0.002,False,False,True
contract_management,Abim,0.0,-0.411,0.001,0.0029,False,False,True
contract_management,Adjumani,0.0,-0.175,0.37,0.4583,False,False,False
contract_management,Agago,0.0,-0.411,0.001,0.0029,False,False,True
contract_management,Alebtong,0.0,-0.411,0.001,0.0029,False,False,True
contract_management,Amolatar,0.0,-0.116,0.384,0.4629,False,False,False
contract_management,Amudat,0.0,-0.411,0.001,0.0029,False,False,True
contract_management,Amuria,0.0,-0.018,0.425,0.4781,False,False,False
contract_management,Amuru,1.0,0.327,0.263,0.3832,False,False,False
contract_management,Apac,0.0,-0.243,0.229,0.3553,False,False,False
contract_management,Arua,0.0,-0.175,0.378,0.4597,False,False,False
contract_management,Budaka,0.0,-0.175,0.378,0.4597,False,False,False
contract_management,Bududa,0.0,-0.215,0.296,0.4162,False,False,False
contract_management,Bugiri,0.0,-0.264,0.416,0.4719,False,False,False
contract_management,Bugweri,0.0,-0.411,0.001,0.0029,False,False,True
contract_management,Buhweju,0.0,-0.411,0.001,0.0029,False,False,True
contract_management,Buikwe,2.0,0.573,0.237,0.3595,False,False,False
contract_management,Bukedea,0.0,-0.243,0.222,0.3526,False,False,False
contract_management,Bukomansimbi,0.0,-0.411,0.001,0.0029,False,False,True
contract_management,Bukwo,0.0,-0.411,0.001,0.0029,False,False,True
contract_management,Bulambuli,0.0,-0.411,0.001,0.0029,False,False,True
contract_management,Buliisa,0.0,1.243,0.007,0.0201,True,True,False
contract_management,Bundibugyo,0.0,1.007,0.035,0.0844,False,True,False
contract_management,Bunyangabu,0.0,1.066,0.04,0.0947,False,True,False
contract_management,Bushenyi,0.0,-0.411,0.001,0.0029,False,False,True
contract_management,Busia,0.0,-0.116,0.451,0.482,False,False,False
contract_management,Butaleja,0.0,-0.074,0.481,0.482,False,False,False
contract_management,Butambala,1.0,0.534,0.181,0.3173,False,False,False
contract_management,Butebo,0.0,-0.074,0.481,0.482,False,False,False
contract_management,Buvuma,0.0,0.061,0.344,0.4478,False,False,False
contract_management,Buyende,0.0,0.114,0.316,0.4353,False,False,False
contract_management,Dokolo,0.0,-0.411,0.001,0.0029,False,False,True
contract_management,Gomba,0.0,0.179,0.184,0.3185,False,False,False
contract_management,Gulu,0.0,-0.175,0.369,0.4583,False,False,False
contract_management,Hoima,2.0,0.534,0.316,0.4353,False,False,False
contract_management,Ibanda,0.0,-0.264,0.405,0.4645,False,False,False
contract_management,Iganga,0.0,-0.411,0.001,0.0029,False,False,True
contract_management,Isingiro,0.0,-0.411,0.001,0.0029,False,False,True
contract_management,Jinja,1.0,0.77,0.104,0.216,False,False,False
contract_management,Kaabong,0.0,-0.411,0.001,0.0029,False,False,True
contract_management,Kabale,0.0,-0.018,0.4,0.4645,False,False,False
contract_management,Kabarole,4.0,0.623,0.342,0.4478,False,False,False
contract_management,Kaberamaido,0.0,-0.411,0.001,0.0029,False,False,True
contract_management,Kagadi,0.0,0.602,0.074,0.1586,False,False,False
contract_management,Kakumiro,1.0,0.179,0.437,0.482,False,False,False
contract_management,Kalaki,0.0,-0.074,0.482,0.482,False,False,False
contract_management,Kalangala,0.0,0.475,0.085,0.1793,False,False,False
contract_management,Kaliro,0.0,-0.243,0.232,0.3559,False,False,False
contract_management,Kalungu,0.0,-0.074,0.482,0.482,False,False,False
contract_management,Kampala,4.0,3.134,0.019,0.0493,True,True,False
contract_management,Kamuli,1.0,0.534,0.177,0.3144,False,False,False
contract_management,Kamwenge,1.0,0.475,0.175,0.3144,False,False,False
contract_management,Kanungu,0.0,-0.411,0.001,0.0029,False,False,True
contract_management,Kapchorwa,0.0,-0.411,0.001,0.0029,False,False,True
contract_management,Kapelebyong,0.0,-0.411,0.001,0.0029,False,False,True
contract_management,Karenga,0.0,-0.411,0.001,0.0029,False,False,True
contract_management,Kasese,1.0,0.602,0.137,0.268,False,False,False
contract_management,Kassanda,0.0,0.376,0.171,0.3144,False,False,False
contract_management,Katakwi,0.0,-0.116,0.389,0.4645,False,False,False
contract_management,Kayunga,2.0,0.376,0.296,0.4162,False,False,False
contract_management,Kazo,0.0,-0.215,0.285,0.4093,False,False,False
contract_management,Kibaale,0.0,-0.018,0.445,0.482,False,False,False
contract_management,Kiboga,0.0,0.573,0.054,0.1215,False,False,False
contract_management,Kibuku,0.0,-0.243,0.219,0.3526,False,False,False
contract_management,Kikuube,0.0,0.573,0.054,0.1215,False,False,False
contract_management,Kiruhura,0.0,-0.411,0.001,0.0029,False,False,True
contract_management,Kiryandongo,0.0,0.77,0.022,0.056,False,True,False
contract_management,Kisoro,0.0,-0.411,0.001,0.0029,False,False,True
contract_management,Kitagwenda,0.0,0.061,0.345,0.4478,False,False,False
contract_management,Kitgum,0.0,-0.411,0.001,0.0029,False,False,True
contract_management,Koboko,0.0,-0.018,0.406,0.4645,False,False,False
contract_management,Kole,0.0,-0.175,0.357,0.4529,False,False,False
contract_management,Kotido,0.0,-0.411,0.001,0.0029,False,False,True
contract_management,Kumi,0.0,-0.264,0.404,0.4645,False,False,False
contract_management,Kwania,0.0,-0.411,0.001,0.0029,False,False,True
contract_management,Kween,0.0,-0.411,0.001,0.0029,False,False,True
contract_management,Kyankwanzi,1.0,0.508,0.114,0.2332,False,False,False
contract_management,Kyegegwa,0.0,-0.074,0.476,0.482,False,False,False
contract_management,Kyenjojo,0.0,0.573,0.055,0.1217,False,False,False
contract_management,Kyotera,0.0,-0.411,0.001,0.0029,False,False,True
contract_management,Lamwo,0.0,-0.175,0.349,0.4487,False,False,False
contract_management,Lira,0.0,-0.28,0.142,0.2739,False,False,False
contract_management,Luuka,0.0,-0.074,0.476,0.482,False,False,False
contract_management,Luwero,0.0,1.164,0.014,0.0394,True,True,False
contract_management,Lwengo,0.0,-0.411,0.001,0.0029,False,False,True
contract_management,Lyantonde,0.0,-0.411,0.001,0.0029,False,False,True
contract_management,Madi Okollo,0.0,-0.018,0.46,0.482,False,False,False
contract_management,Manafwa,0.0,0.061,0.342,0.4478,False,False,False
contract_management,Maracha,0.0,-0.116,0.443,0.482,False,False,False
contract_management,Masaka,0.0,-0.243,0.216,0.3526,False,False,False
contract_management,Masindi,1.0,0.918,0.032,0.0785,False,True,False
contract_management,Mayuge,0.0,-0.018,0.462,0.482,False,False,False
contract_management,Mbale,1.0,-0.149,0.153,0.2909,False,False,False
contract_management,Mbarara,0.0,-0.411,0.001,0.0029,False,False,True
contract_management,Mitooma,0.0,-0.411,0.001,0.0029,False,False,True
contract_management,Mityana,2.0,1.066,0.032,0.0785,False,True,False
contract_management,Moroto,0.0,-0.411,0.001,0.0029,False,False,True
contract_management,Moyo,0.0,-0.116,0.454,0.482,False,False,False
contract_management,Mpigi,1.0,1.108,0.018,0.0486,True,True,False
contract_management,Mubende,1.0,-0.018,0.359,0.4529,False,False,False
contract_management,Mukono,0.0,1.509,0.001,0.0029,True,True,False
contract_management,Nabilatuk,0.0,-0.411,0.001,0.0029,False,False,True
contract_management,Nakapiripirit,0.0,-0.411,0.001,0.0029,False,False,True
contract_management,Nakaseke,1.0,1.066,0.019,0.0493,True,True,False
contract_management,Nakasongola,0.0,0.179,0.176,0.3144,False,False,False
contract_management,Namayingo,0.0,-0.411,0.001,0.0029,False,False,True
contract_management,Namisindwa,0.0,-0.116,0.445,0.482,False,False,False
contract_management,Namutumba,0.0,-0.411,0.001,0.0029,False,False,True
contract_management,Napak,0.0,-0.411,0.001,0.0029,False,False,True
contract_management,Nebbi,1.0,-0.116,0.001,0.0029,False,False,True
contract_management,Ngora,0.0,0.179,0.25,0.375,False,False,False
contract_management,Ntoroko,1.0,0.77,0.129,0.2561,False,False,False
contract_management,Ntungamo,0.0,-0.243,0.196,0.3349,False,False,False
contract_management,Nwoya,4.0,0.623,0.226,0.3548,False,False,False
contract_management,Obongi,0.0,-0.175,0.345,0.4478,False,False,False
contract_management,Omoro,0.0,0.602,0.071,0.1546,False,False,False
contract_management,Otuke,0.0,-0.411,0.001,0.0029,False,False,True
contract_management,Oyam,1.0,0.433,0.213,0.3526,False,False,False
contract_management,Pader,0.0,-0.411,0.001,0.0029,False,False,True
contract_management,Pakwach,0.0,0.77,0.05,0.1164,False,False,False
contract_management,Pallisa,1.0,-0.264,0.157,0.2944,False,False,False
contract_management,Rakai,0.0,-0.411,0.001,0.0029,False,False,True
contract_management,Rubanda,0.0,-0.215,0.259,0.3832,False,False,False
contract_management,Rubirizi,0.0,-0.243,0.201,0.3392,False,False,False
contract_management,Rukiga,1.0,-0.175,0.001,0.0029,False,False,True
contract_management,Rukungiri,0.0,-0.264,0.397,0.4645,False,False,False
contract_management,Rwampara,0.0,-0.411,0.001,0.0029,False,False,True
contract_management,Serere,0.0,0.095,0.32,0.4364,False,False,False
contract_management,Sheema,0.0,-0.411,0.001,0.0029,False,False,True
contract_management,Sironko,0.0,-0.215,0.264,0.3832,False,False,False
contract_management,Soroti,2.0,-0.018,0.001,0.0029,False,False,True
contract_management,Ssembabule,0.0,-0.28,0.119,0.2398,False,False,False
contract_management,Tororo,1.0,-0.074,0.221,0.3526,False,False,False
contract_management,Wakiso,5.0,1.509,0.017,0.0468,True,True,False
contract_management,Yumbe,1.0,-0.243,0.001,0.0029,False,False,True
contract_management,Zombo,0.0,-0.116,0.467,0.482,False,False,False
delayed_payments,Abim,0.0,-0.098,0.423,0.4643,False,False,False
delayed_payments,Adjumani,0.0,-0.291,0.001,0.0025,False,False,True
delayed_payments,Agago,0.0,0.094,0.248,0.455,False,False,False
delayed_payments,Alebtong,0.0,0.039,0.323,0.455,False,False,False
delayed_payments,Amolatar,0.0,-0.291,0.001,0.0025,False,False,True
delayed_payments,Amudat,0.0,-0.291,0.001,0.0025,False,False,True
delayed_payments,Amuria,1.0,0.094,0.442,0.4736,False,False,False
delayed_payments,Amuru,0.0,-0.146,0.293,0.455,False,False,False
delayed_payments,Apac,0.0,-0.291,0.001,0.0025,False,False,True
delayed_payments,Arua,0.0,-0.291,0.001,0.0025,False,False,True
delayed_payments,Budaka,0.0,-0.06,0.491,0.491,False,False,False
delayed_payments,Bududa,0.0,-0.098,0.416,0.4643,False,False,False
delayed_payments,Bugiri,0.0,-0.146,0.293,0.455,False,False,False
delayed_payments,Bugweri,0.0,-0.291,0.001,0.0025,False,False,True
delayed_payments,Buhweju,0.0,-0.098,0.416,0.4643,False,False,False
delayed_payments,Buikwe,0.0,0.286,0.125,0.2812,False,False,False
delayed_payments,Bukedea,0.0,-0.126,0.351,0.4556,False,False,False
delayed_payments,Bukomansimbi,0.0,-0.291,0.001,0.0025,False,False,True
delayed_payments,Bukwo,0.0,-0.291,0.001,0.0025,False,False,True
delayed_payments,Bulambuli,0.0,-0.098,0.416,0.4643,False,False,False
delayed_payments,Buliisa,0.0,-0.291,0.001,0.0025,False,False,True
delayed_payments,Bundibugyo,0.0,-0.06,0.491,0.491,False,False,False
delayed_payments,Bunyangabu,0.0,-0.002,0.404,0.4643,False,False,False
delayed_payments,Bushenyi,0.0,-0.291,0.001,0.0025,False,False,True
delayed_payments,Busia,0.0,-0.002,0.404,0.4643,False,False,False
delayed_payments,Butaleja,0.0,0.039,0.325,0.455,False,False,False
delayed_payments,Butambala,0.0,-0.06,0.491,0.491,False,False,False
delayed_payments,Butebo,0.0,-0.126,0.351,0.4556,False,False,False
delayed_payments,Buvuma,0.0,0.171,0.19,0.4071,False,False,False
delayed_payments,Buyende,0.0,-0.291,0.001,0.0025,False,False,True
delayed_payments,Dokolo,0.0,-0.126,0.351,0.4556,False,False,False
delayed_payments,Gomba,0.0,-0.146,0.293,0.455,False,False,False
delayed_payments,Gulu,1.0,-0.06,0.001,0.0025,False,False,True
delayed_payments,Hoima,0.0,-0.291,0.001,0.0025,False,False,True
delayed_payments,Ibanda,0.0,-0.146,0.297,0.455,False,False,False
delayed_payments,Iganga,0.0,-0.291,0.001,0.0025,False,False,True
delayed_payments,Isingiro,0.0,-0.098,0.423,0.4643,False,False,False
delayed_payments,Jinja,1.0,-0.098,0.001,0.0025,False,False,True
delayed_payments,Kaabong,0.0,-0.002,0.4,0.4643,False,False,False
delayed_payments,Kabale,1.0,0.094,0.001,0.0025,True,True,False
delayed_payments,Kabarole,1.0,-0.146,0.001,0.0025,False,False,True
delayed_payments,Kaberamaido,0.0,-0.291,0.001,0.0025,False,False,True
delayed_payments,Kagadi,0.0,0.039,0.332,0.455,False,False,False
delayed_payments,Kakumiro,1.0,0.094,0.43,0.4681,False,False,False
delayed_payments,Kalaki,0.0,0.039,0.334,0.455,False,False,False
delayed_payments,Kalangala,0.0,0.719,0.047,0.1154,False,False,False
delayed_payments,Kaliro,0.0,-0.291,0.001,0.0025,False,False,True
delayed_payments,Kalungu,0.0,-0.126,0.344,0.4556,False,False,False
delayed_payments,Kampala,8.0,5.093,0.001,0.0025,True,True,False
delayed_payments,Kamuli,0.0,-0.06,0.486,0.491,False,False,False
delayed_payments,Kamwenge,0.0,-0.146,0.277,0.455,False,False,False
delayed_payments,Kanungu,1.0,-0.002,0.001,0.0025,False,False,True
delayed_payments,Kapchorwa,1.0,0.094,0.001,0.0025,True,True,False
delayed_payments,Kapelebyong,0.0,-0.126,0.337,0.455,False,False,False
delayed_payments,Karenga,0.0,0.286,0.136,0.2961,False,False,False
delayed_payments,Kasese,0.0,-0.126,0.337,0.455,False,False,False
delayed_payments,Kassanda,0.0,-0.098,0.403,0.4643,False,False,False
delayed_payments,Katakwi,0.0,-0.002,0.414,0.4643,False,False,False
delayed_payments,Kayunga,0.0,0.479,0.092,0.2141,False,False,False
delayed_payments,Kazo,0.0,-0.291,0.001,0.0025,False,False,True
delayed_payments,Kibaale,0.0,0.094,0.28,0.455,False,False,False
delayed_payments,Kiboga,0.0,-0.098,0.403,0.4643,False,False,False
delayed_payments,Kibuku,0.0,-0.291,0.001,0.0025,False,False,True
delayed_payments,Kikuube,0.0,-0.098,0.403,0.4643,False,False,False
delayed_payments,Kiruhura,0.0,-0.146,0.272,0.455,False,False,False
delayed_payments,Kiryandongo,0.0,-0.291,0.001,0.0025,False,False,True
delayed_payments,Kisoro,0.0,0.094,0.293,0.455,False,False,False
delayed_payments,Kitagwenda,0.0,-0.291,0.001,0.0025,False,False,True
delayed_payments,Kitgum,1.0,0.094,0.418,0.4643,False,False,False
delayed_payments,Koboko,0.0,-0.291,0.001,0.0025,False,False,True
delayed_payments,Kole,0.0,-0.06,0.478,0.491,False,False,False
delayed_payments,Kotido,1.0,-0.002,0.28,0.455,False,False,False
delayed_payments,Kumi,0.0,-0.291,0.001,0.0025,False,False,True
delayed_payments,Kwania,0.0,-0.098,0.389,0.4643,False,False,False
delayed_payments,Kween,0.0,-0.146,0.263,0.455,False,False,False
delayed_payments,Kyankwanzi,0.0,-0.034,0.479,0.491,False,False,False
delayed_payments,Kyegegwa,0.0,-0.126,0.325,0.455,False,False,False
delayed_payments,Kyenjojo,0.0,-0.098,0.389,0.4643,False,False,False
delayed_payments,Kyotera,0.0,-0.291,0.001,0.0025,False,False,True
delayed_payments,Lamwo,0.0,0.171,0.207,0.4341,False,False,False
delayed_payments,Lira,1.0,-0.162,0.001,0.0025,False,False,True
delayed_payments,Luuka,0.0,-0.126,0.324,0.455,False,False,False
delayed_payments,Luwero,3.0,1.44,0.051,0.1229,False,False,False
delayed_payments,Lwengo,0.0,-0.291,0.001,0.0025,False,False,True
delayed_payments,Lyantonde,0.0,-0.291,0.001,0.0025,False,False,True
delayed_payments,Madi Okollo,0.0,-0.291,0.001,0.0025,False,False,True
delayed_payments,Manafwa,0.0,0.171,0.22,0.4433,False,False,False
delayed_payments,Maracha,0.0,-0.291,0.001,0.0025,False,False,True
delayed_payments,Masaka,0.0,-0.126,0.317,0.455,False,False,False
delayed_payments,Masindi,0.0,-0.291,0.001,0.0025,False,False,True
delayed_payments,Mayuge,0.0,-0.162,0.209,0.4341,False,False,False
delayed_payments,Mbale,1.0,-0.034,0.231,0.452,False,False,False
delayed_payments,Mbarara,1.0,-0.126,0.001,0.0025,False,False,True
delayed_payments,Mitooma,0.0,-0.291,0.001,0.0025,False,False,True
delayed_payments,Mityana,0.0,0.43,0.111,0.254,False,False,False
delayed_payments,Moroto,0.0,-0.126,0.319,0.455,False,False,False
delayed_payments,Moyo,0.0,-0.291,0.001,0.0025,False,False,True
delayed_payments,Mpigi,1.0,0.533,0.134,0.2961,False,False,False
delayed_payments,Mubende,1.0,-0.034,0.227,0.4507,False,False,False
delayed_payments,Mukono,2.0,2.161,0.001,0.0025,True,True,False
delayed_payments,Nabilatuk,0.0,-0.291,0.001,0.0025,False,False,True
delayed_payments,Nakapiripirit,0.0,-0.291,0.001,0.0025,False,False,True
delayed_payments,Nakaseke,0.0,0.719,0.075,0.1776,False,False,False
delayed_payments,Nakasongola,0.0,0.142,0.249,0.455,False,False,False
delayed_payments,Namayingo,0.0,-0.291,0.001,0.0025,False,False,True
delayed_payments,Namisindwa,0.0,-0.002,0.437,0.472,False,False,False
delayed_payments,Namutumba,0.0,-0.291,0.001,0.0025,False,False,True
delayed_payments,Napak,0.0,-0.126,0.326,0.455,False,False,False
delayed_payments,Nebbi,0.0,-0.291,0.001,0.0025,False,False,True
delayed_payments,Ngora,0.0,-0.098,0.384,0.4643,False,False,False
delayed_payments,Ntoroko,0.0,-0.06,0.456,0.4772,False,False,False
delayed_payments,Ntungamo,0.0,-0.291,0.001,0.0025,False,False,True
delayed_payments,Nwoya,0.0,-0.291,0.001,0.0025,False,False,True
delayed_payments,Obongi,0.0,-0.291,0.001,0.0025,False,False,True
delayed_payments,Omoro,0.0,0.039,0.362,0.4643,False,False,False
delayed_payments,Otuke,0.0,-0.126,0.326,0.455,False,False,False
delayed_payments,Oyam,0.0,-0.126,0.326,0.455,False,False,False
delayed_payments,Pader,0.0,0.142,0.249,0.455,False,False,False
delayed_payments,Pakwach,0.0,-0.291,0.001,0.0025,False,False,True
delayed_payments,Pallisa,0.0,-0.291,0.001,0.0025,False,False,True
delayed_payments,Rakai,0.0,-0.291,0.001,0.0025,False,False,True
delayed_payments,Rubanda,0.0,0.094,0.29,0.455,False,False,False
delayed_payments,Rubirizi,0.0,-0.291,0.001,0.0025,False,False,True
delayed_payments,Rukiga,0.0,-0.06,0.456,0.4772,False,False,False
delayed_payments,Rukungiri,0.0,-0.146,0.267,0.455,False,False,False
delayed_payments,Rwampara,0.0,-0.06,0.456,0.4772,False,False,False
delayed_payments,Serere,0.0,-0.126,0.326,0.455,False,False,False
delayed_payments,Sheema,0.0,-0.126,0.326,0.455,False,False,False
delayed_payments,Sironko,0.0,-0.098,0.384,0.4643,False,False,False
delayed_payments,Soroti,1.0,0.094,0.392,0.4643,False,False,False
delayed_payments,Ssembabule,0.0,-0.162,0.216,0.4418,False,False,False
delayed_payments,Tororo,1.0,0.039,0.331,0.455,False,False,False
delayed_payments,Wakiso,4.0,2.305,0.001,0.0025,True,True,False
delayed_payments,Yumbe,0.0,-0.291,0.001,0.0025,False,False,True
delayed_payments,Zombo,0.0,-0.291,0.001,0.0025,False,False,True
governance_and_controls,Abim,0.0,-0.324,0.001,0.0017,False,False,True
governance_and_controls,Adjumani,0.0,-0.324,0.001,0.0017,False,False,True
governance_and_controls,Agago,0.0,0.131,0.428,0.4815,False,False,False
governance_and_controls,Alebtong,0.0,0.066,0.49,0.4987,False,False,False
governance_and_controls,Amolatar,0.0,0.018,0.469,0.4946,False,False,False
governance_and_controls,Amudat,0.0,-0.324,0.001,0.0017,False,False,True
governance_and_controls,Amuria,1.0,0.131,0.001,0.0017,True,True,False
governance_and_controls,Amuru,0.0,0.018,0.461,0.49,False,False,False
governance_and_controls,Apac,0.0,0.066,0.495,0.4987,False,False,False
governance_and_controls,Arua,0.0,-0.324,0.001,0.0017,False,False,True
governance_and_controls,Budaka,0.0,-0.324,0.001,0.0017,False,False,True
governance_and_controls,Bududa,0.0,-0.324,0.001,0.0017,False,False,True
governance_and_controls,Bugiri,0.0,0.359,0.227,0.2947,False,False,False
governance_and_controls,Bugweri,0.0,-0.324,0.001,0.0017,False,False,True
governance_and_controls,Buhweju,0.0,0.587,0.144,0.2075,False,False,False
governance_and_controls,Buikwe,1.0,1.042,0.136,0.1996,False,False,False
governance_and_controls,Bukedea,0.0,-0.324,0.001,0.0017,False,False,True
governance_and_controls,Bukomansimbi,0.0,-0.324,0.001,0.0017,False,False,True
governance_and_controls,Bukwo,0.0,-0.324,0.001,0.0017,False,False,True
governance_and_controls,Bulambuli,0.0,-0.324,0.001,0.0017,False,False,True
governance_and_controls,Buliisa,0.0,0.769,0.104,0.156,False,False,False
governance_and_controls,Bundibugyo,0.0,-0.324,0.001,0.0017,False,False,True
governance_and_controls,Bunyangabu,0.0,-0.324,0.001,0.0017,False,False,True
governance_and_controls,Bushenyi,0.0,-0.324,0.001,0.0017,False,False,True
governance_and_controls,Busia,0.0,1.042,0.082,0.1287,False,False,False
governance_and_controls,Butaleja,0.0,0.457,0.193,0.2606,False,False,False
governance_and_controls,Butambala,0.0,0.223,0.351,0.4281,False,False,False
governance_and_controls,Butebo,0.0,-0.324,0.001,0.0017,False,False,True
governance_and_controls,Buvuma,0.0,0.769,0.104,0.156,False,False,False
governance_and_controls,Buyende,0.0,0.283,0.265,0.3312,False,False,False
governance_and_controls,Dokolo,0.0,-0.324,0.001,0.0017,False,False,True
governance_and_controls,Gomba,0.0,-0.324,0.001,0.0017,False,False,True
governance_and_controls,Gulu,0.0,0.223,0.351,0.4281,False,False,False
governance_and_controls,Hoima,1.0,0.223,0.001,0.0017,True,True,False
governance_and_controls,Ibanda,0.0,0.359,0.235,0.3021,False,False,False
governance_and_controls,Iganga,0.0,-0.324,0.001,0.0017,False,False,True
governance_and_controls,Isingiro,0.0,0.587,0.146,0.2075,False,False,False
governance_and_controls,Jinja,0.0,0.587,0.146,0.2075,False,False,False
governance_and_controls,Kaabong,0.0,-0.324,0.001,0.0017,False,False,True
governance_and_controls,Kabale,0.0,-0.324,0.001,0.0017,False,False,True
governance_and_controls,Kabarole,0.0,-0.324,0.001,0.0017,False,False,True
governance_and_controls,Kaberamaido,0.0,0.131,0.427,0.4815,False,False,False
governance_and_controls,Kagadi,0.0,-0.324,0.001,0.0017,False,False,True
governance_and_controls,Kakumiro,0.0,-0.324,0.001,0.0017,False,False,True
governance_and_controls,Kalaki,0.0,0.457,0.192,0.2606,False,False,False
governance_and_controls,Kalangala,0.0,0.7,0.063,0.1012,False,False,False
governance_and_controls,Kaliro,0.0,-0.324,0.001,0.0017,False,False,True
governance_and_controls,Kalungu,0.0,0.066,0.493,0.4987,False,False,False
governance_and_controls,Kampala,1.0,2.407,0.042,0.07,False,True,False
governance_and_controls,Kamuli,0.0,0.223,0.352,0.4281,False,False,False
governance_and_controls,Kamwenge,0.0,-0.324,0.001,0.0017,False,False,True
governance_and_controls,Kanungu,0.0,-0.324,0.001,0.0017,False,False,True
governance_and_controls,Kapchorwa,0.0,-0.324,0.001,0.0017,False,False,True
governance_and_controls,Kapelebyong,0.0,0.066,0.499,0.499,False,False,False
governance_and_controls,Karenga,0.0,-0.324,0.001,0.0017,False,False,True
governance_and_controls,Kasese,0.0,-0.324,0.001,0.0017,False,False,True
governance_and_controls,Kassanda,0.0,-0.324,0.001,0.0017,False,False,True
governance_and_controls,Katakwi,0.0,0.018,0.452,0.4882,False,False,False
governance_and_controls,Kayunga,1.0,0.587,0.249,0.3171,False,False,False
governance_and_controls,Kazo,0.0,-0.324,0.001,0.0017,False,False,True
governance_and_controls,Kibaale,0.0,-0.324,0.001,0.0017,False,False,True
governance_and_controls,Kiboga,0.0,-0.324,0.001,0.0017,False,False,True
governance_and_controls,Kibuku,0.0,-0.324,0.001,0.0017,False,False,True
governance_and_controls,Kikuube,0.0,0.131,0.433,0.4831,False,False,False
governance_and_controls,Kiruhura,0.0,0.359,0.225,0.2947,False,False,False
governance_and_controls,Kiryandongo,1.0,0.587,0.407,0.4737,False,False,False
governance_and_controls,Kisoro,0.0,-0.324,0.001,0.0017,False,False,True
governance_and_controls,Kitagwenda,0.0,-0.324,0.001,0.0017,False,False,True
governance_and_controls,Kitgum,0.0,0.131,0.446,0.4867,False,False,False
governance_and_controls,Koboko,0.0,-0.324,0.001,0.0017,False,False,True
governance_and_controls,Kole,0.0,-0.324,0.001,0.0017,False,False,True
governance_and_controls,Kotido,0.0,-0.324,0.001,0.0017,False,False,True
governance_and_controls,Kumi,0.0,-0.324,0.001,0.0017,False,False,True
governance_and_controls,Kwania,0.0,-0.324,0.001,0.0017,False,False,True
governance_and_controls,Kween,0.0,-0.324,0.001,0.0017,False,False,True
governance_and_controls,Kyankwanzi,0.0,-0.02,0.382,0.4484,False,False,False
governance_and_controls,Kyegegwa,0.0,-0.324,0.001,0.0017,False,False,True
governance_and_controls,Kyenjojo,0.0,-0.324,0.001,0.0017,False,False,True
governance_and_controls,Kyotera,0.0,-0.324,0.001,0.0017,False,False,True
governance_and_controls,Lamwo,0.0,0.223,0.369,0.4448,False,False,False
governance_and_controls,Lira,0.0,-0.02,0.382,0.4484,False,False,False
governance_and_controls,Luuka,0.0,-0.324,0.001,0.0017,False,False,True
governance_and_controls,Luwero,0.0,1.042,0.021,0.0354,True,True,False
governance_and_controls,Lwengo,0.0,-0.324,0.001,0.0017,False,False,True
governance_and_controls,Lyantonde,0.0,-0.324,0.001,0.0017,False,False,True
governance_and_controls,Madi Okollo,0.0,-0.324,0.001,0.0017,False,False,True
governance_and_controls,Manafwa,0.0,0.769,0.097,0.1488,False,False,False
governance_and_controls,Maracha,0.0,-0.324,0.001,0.0017,False,False,True
governance_and_controls,Masaka,0.0,0.066,0.48,0.4987,False,False,False
governance_and_controls,Masindi,0.0,0.7,0.061,0.0992,False,True,False
governance_and_controls,Mayuge,0.0,-0.02,0.382,0.4484,False,False,False
governance_and_controls,Mbale,0.0,0.283,0.265,0.3312,False,False,False
governance_and_controls,Mbarara,2.0,0.457,0.001,0.0017,True,True,False
governance_and_controls,Mitooma,0.0,-0.324,0.001,0.0017,False,False,True
governance_and_controls,Mityana,0.0,0.359,0.224,0.2947,False,False,False
governance_and_controls,Moroto,0.0,-0.324,0.001,0.0017,False,False,True
governance_and_controls,Moyo,0.0,-0.324,0.001,0.0017,False,False,True
governance_and_controls,Mpigi,1.0,0.457,0.485,0.4987,False,False,False
governance_and_controls,Mubende,0.0,-0.324,0.001,0.0017,False,False,True
governance_and_controls,Mukono,1.0,1.383,0.017,0.0291,True,True,False
governance_and_controls,Nabilatuk,0.0,-0.324,0.001,0.0017,False,False,True
governance_and_controls,Nakapiripirit,0.0,-0.324,0.001,0.0017,False,False,True
governance_and_controls,Nakaseke,0.0,0.018,0.415,0.4788,False,False,False
governance_and_controls,Nakasongola,0.0,0.359,0.226,0.2947,False,False,False
governance_and_controls,Namayingo,0.0,-0.324,0.001,0.0017,False,False,True
governance_and_controls,Namisindwa,0.0,1.042,0.069,0.1096,False,False,False
governance_and_controls,Namutumba,0.0,-0.324,0.001,0.0017,False,False,True
governance_and_controls,Napak,0.0,-0.324,0.001,0.0017,False,False,True
governance_and_controls,Nebbi,0.0,-0.324,0.001,0.0017,False,False,True
governance_and_controls,Ngora,0.0,0.131,0.458,0.49,False,False,False
governance_and_controls,Ntoroko,0.0,-0.324,0.001,0.0017,False,False,True
governance_and_controls,Ntungamo,0.0,-0.324,0.001,0.0017,False,False,True
governance_and_controls,Nwoya,1.0,0.359,0.447,0.4867,False,False,False
governance_and_controls,Obongi,0.0,-0.324,0.001,0.0017,False,False,True
governance_and_controls,Omoro,0.0,0.457,0.174,0.2422,False,False,False
governance_and_controls,Otuke,0.0,0.066,0.485,0.4987,False,False,False
governance_and_controls,Oyam,0.0,0.457,0.174,0.2422,False,False,False
governance_and_controls,Pader,1.0,0.018,0.001,0.0017,True,True,False
governance_and_controls,Pakwach,0.0,0.131,0.444,0.4867,False,False,False
governance_and_controls,Pallisa,0.0,0.018,0.421,0.4815,False,False,False
governance_and_controls,Rakai,0.0,-0.324,0.001,0.0017,False,False,True
governance_and_controls,Rubanda,0.0,-0.324,0.001,0.0017,False,False,True
governance_and_controls,Rubirizi,0.0,-0.324,0.001,0.0017,False,False,True
governance_and_controls,Rukiga,0.0,-0.324,0.001,0.0017,False,False,True
governance_and_controls,Rukungiri,0.0,-0.324,0.001,0.0017,False,False,True
governance_and_controls,Rwampara,0.0,0.769,0.096,0.1488,False,False,False
governance_and_controls,Serere,1.0,0.066,0.001,0.0017,True,True,False
governance_and_controls,Sheema,0.0,0.457,0.182,0.2507,False,False,False
governance_and_controls,Sironko,0.0,-0.324,0.001,0.0017,False,False,True
governance_and_controls,Soroti,0.0,0.587,0.136,0.1996,False,False,False
governance_and_controls,Ssembabule,0.0,-0.324,0.001,0.0017,False,False,True
governance_and_controls,Tororo,2.0,0.457,0.001,0.0017,True,True,False
governance_and_controls,Wakiso,1.0,1.042,0.053,0.0873,False,True,False
governance_and_controls,Yumbe,0.0,-0.324,0.001,0.0017,False,False,True
governance_and_controls,Zombo,0.0,-0.324,0.001,0.0017,False,False,True
procurement_irregularities,Abim,0.0,-0.094,0.492,0.4967,False,False,False
procurement_irregularities,Adjumani,0.0,-0.33,0.001,0.0042,False,False,True
procurement_irregularities,Agago,1.0,-0.094,0.24,0.45,False,False,False
procurement_irregularities,Alebtong,0.0,-0.33,0.001,0.0042,False,False,True
procurement_irregularities,Amolatar,0.0,-0.242,0.107,0.315,False,False,False
procurement_irregularities,Amudat,0.0,-0.189,0.304,0.4664,False,False,False
procurement_irregularities,Amuria,0.0,-0.33,0.001,0.0042,False,False,True
procurement_irregularities,Amuru,0.0,-0.153,0.316,0.4664,False,False,False
procurement_irregularities,Apac,0.0,-0.229,0.388,0.4664,False,False,False
procurement_irregularities,Arua,0.0,-0.189,0.304,0.4664,False,False,False
procurement_irregularities,Budaka,0.0,-0.047,0.407,0.4664,False,False,False
procurement_irregularities,Bududa,0.0,-0.212,0.229,0.4411,False,False,False
procurement_irregularities,Bugiri,0.0,-0.153,0.316,0.4664,False,False,False
procurement_irregularities,Bugweri,0.0,-0.189,0.304,0.4664,False,False,False
procurement_irregularities,Buhweju,0.0,0.377,0.071,0.2591,False,False,False
procurement_irregularities,Buikwe,0.0,0.259,0.097,0.3118,False,False,False
procurement_irregularities,Bukedea,0.0,-0.128,0.392,0.4664,False,False,False
procurement_irregularities,Bukomansimbi,0.0,-0.212,0.229,0.4411,False,False,False
procurement_irregularities,Bukwo,0.0,-0.33,0.001,0.0042,False,False,True
procurement_irregularities,Bulambuli,0.0,-0.212,0.229,0.4411,False,False,False
procurement_irregularities,Buliisa,0.0,0.236,0.11,0.315,False,False,False
procurement_irregularities,Bundibugyo,0.0,-0.047,0.407,0.4664,False,False,False
procurement_irregularities,Bunyangabu,0.0,0.024,0.277,0.4664,False,False,False
procurement_irregularities,Bushenyi,2.0,0.142,0.484,0.4967,False,False,False
procurement_irregularities,Busia,0.0,-0.153,0.412,0.4664,False,False,False
procurement_irregularities,Butaleja,0.0,-0.027,0.229,0.4411,False,False,False
procurement_irregularities,Butambala,0.0,-0.33,0.001,0.0042,False,False,True
procurement_irregularities,Butebo,1.0,-0.128,0.408,0.4664,False,False,False
procurement_irregularities,Buvuma,0.0,-0.047,0.404,0.4664,False,False,False
procurement_irregularities,Buyende,0.0,-0.094,0.459,0.4803,False,False,False
procurement_irregularities,Dokolo,0.0,-0.229,0.393,0.4664,False,False,False
procurement_irregularities,Gomba,0.0,-0.33,0.001,0.0042,False,False,True
procurement_irregularities,Gulu,0.0,-0.189,0.304,0.4664,False,False,False
procurement_irregularities,Hoima,2.0,0.094,0.315,0.4664,False,False,False
procurement_irregularities,Ibanda,0.0,0.289,0.112,0.315,False,False,False
procurement_irregularities,Iganga,0.0,-0.094,0.492,0.4967,False,False,False
procurement_irregularities,Isingiro,0.0,0.142,0.159,0.3975,False,False,False
procurement_irregularities,Jinja,3.0,0.142,0.232,0.4411,False,False,False
procurement_irregularities,Kaabong,1.0,0.024,0.423,0.4681,False,False,False
procurement_irregularities,Kabale,2.0,0.142,0.001,0.0042,True,True,False
procurement_irregularities,Kabarole,0.0,-0.153,0.329,0.4664,False,False,False
procurement_irregularities,Kaberamaido,1.0,-0.212,0.001,0.0042,False,False,True
procurement_irregularities,Kagadi,0.0,-0.33,0.001,0.0042,False,False,True
procurement_irregularities,Kakumiro,0.0,-0.33,0.001,0.0042,False,False,True
procurement_irregularities,Kalaki,0.0,-0.229,0.401,0.4664,False,False,False
procurement_irregularities,Kalangala,0.0,0.466,0.075,0.2664,False,False,False
procurement_irregularities,Kaliro,1.0,-0.128,0.41,0.4664,False,False,False
procurement_irregularities,Kalungu,0.0,-0.229,0.401,0.4664,False,False,False
procurement_irregularities,Kampala,14.0,4.859,0.002,0.0082,True,True,False
procurement_irregularities,Kamuli,1.0,0.236,0.198,0.4411,False,False,False
procurement_irregularities,Kamwenge,0.0,0.112,0.166,0.4002,False,False,False
procurement_irregularities,Kanungu,0.0,-0.153,0.416,0.4664,False,False,False
procurement_irregularities,Kapchorwa,1.0,-0.094,0.001,0.0042,False,False,True
procurement_irregularities,Kapelebyong,0.0,-0.229,0.413,0.4664,False,False,False
procurement_irregularities,Karenga,0.0,0.024,0.285,0.4664,False,False,False
procurement_irregularities,Kasese,2.0,0.175,0.361,0.4664,False,False,False
procurement_irregularities,Kassanda,0.0,-0.33,0.001,0.0042,False,False,True
procurement_irregularities,Katakwi,0.0,-0.242,0.103,0.315,False,False,False
procurement_irregularities,Kayunga,0.0,0.142,0.188,0.4325,False,False,False
procurement_irregularities,Kazo,1.0,-0.212,0.001,0.0042,False,False,True
procurement_irregularities,Kibaale,0.0,-0.33,0.001,0.0042,False,False,True
procurement_irregularities,Kiboga,0.0,-0.33,0.001,0.0042,False,False,True
procurement_irregularities,Kibuku,0.0,-0.027,0.226,0.4411,False,False,False
procurement_irregularities,Kikuube,0.0,-0.094,0.493,0.4967,False,False,False
procurement_irregularities,Kiruhura,0.0,0.112,0.204,0.4411,False,False,False
procurement_irregularities,Kiryandongo,1.0,-0.094,0.229,0.4411,False,False,False
procurement_irregularities,Kisoro,1.0,-0.094,0.001,0.0042,False,False,True
procurement_irregularities,Kitagwenda,2.0,0.377,0.189,0.4325,False,False,False
procurement_irregularities,Kitgum,1.0,0.024,0.497,0.497,False,False,False
procurement_irregularities,Koboko,1.0,-0.094,0.001,0.0042,False,False,True
procurement_irregularities,Kole,0.0,-0.33,0.001,0.0042,False,False,True
procurement_irregularities,Kotido,0.0,0.112,0.208,0.4411,False,False,False
procurement_irregularities,Kumi,0.0,-0.242,0.11,0.315,False,False,False
procurement_irregularities,Kwania,0.0,-0.33,0.001,0.0042,False,False,True
procurement_irregularities,Kween,0.0,-0.242,0.11,0.315,False,False,False
procurement_irregularities,Kyankwanzi,0.0,-0.094,0.45,0.4757,False,False,False
procurement_irregularities,Kyegegwa,0.0,-0.229,0.415,0.4664,False,False,False
procurement_irregularities,Kyenjojo,0.0,-0.33,0.001,0.0042,False,False,True
procurement_irregularities,Kyotera,0.0,-0.047,0.399,0.4664,False,False,False
procurement_irregularities,Lamwo,1.0,-0.047,0.314,0.4664,False,False,False
procurement_irregularities,Lira,0.0,-0.33,0.001,0.0042,False,False,True
procurement_irregularities,Luuka,0.0,0.175,0.152,0.3872,False,False,False
procurement_irregularities,Luwero,0.0,0.613,0.051,0.1912,False,False,False
procurement_irregularities,Lwengo,0.0,-0.128,0.374,0.4664,False,False,False
procurement_irregularities,Lyantonde,0.0,-0.189,0.297,0.4664,False,False,False
procurement_irregularities,Madi Okollo,0.0,-0.173,0.255,0.4664,False,False,False
procurement_irregularities,Manafwa,0.0,-0.047,0.402,0.4664,False,False,False
procurement_irregularities,Maracha,0.0,-0.153,0.418,0.4664,False,False,False
procurement_irregularities,Masaka,1.0,-0.229,0.165,0.4002,False,False,False
procurement_irregularities,Masindi,1.0,0.024,0.442,0.4757,False,False,False
procurement_irregularities,Mayuge,0.0,-0.094,0.446,0.4757,False,False,False
procurement_irregularities,Mbale,1.0,-0.094,0.266,0.4664,False,False,False
procurement_irregularities,Mbarara,3.0,-0.027,0.169,0.4003,False,False,False
procurement_irregularities,Mitooma,1.0,0.094,0.393,0.4664,False,False,False
procurement_irregularities,Mityana,0.0,0.2,0.141,0.3661,False,False,False
procurement_irregularities,Moroto,1.0,-0.027,0.371,0.4664,False,False,False
procurement_irregularities,Moyo,0.0,-0.33,0.001,0.0042,False,False,True
procurement_irregularities,Mpigi,0.0,0.377,0.081,0.2804,False,False,False
procurement_irregularities,Mubende,0.0,-0.33,0.001,0.0042,False,False,True
procurement_irregularities,Mukono,2.0,1.616,0.005,0.0199,True,True,False
procurement_irregularities,Nabilatuk,0.0,-0.094,0.493,0.4967,False,False,False
procurement_irregularities,Nakapiripirit,0.0,-0.242,0.12,0.3176,False,False,False
procurement_irregularities,Nakaseke,0.0,0.289,0.117,0.3159,False,False,False
procurement_irregularities,Nakasongola,0.0,-0.153,0.317,0.4664,False,False,False
procurement_irregularities,Namayingo,0.0,-0.33,0.001,0.0042,False,False,True
procurement_irregularities,Namisindwa,0.0,-0.153,0.43,0.472,False,False,False
procurement_irregularities,Namutumba,1.0,-0.128,0.413,0.4664,False,False,False
procurement_irregularities,Napak,1.0,-0.128,0.413,0.4664,False,False,False
procurement_irregularities,Nebbi,0.0,0.024,0.284,0.4664,False,False,False
procurement_irregularities,Ngora,0.0,-0.33,0.001,0.0042,False,False,True
procurement_irregularities,Ntoroko,0.0,-0.33,0.001,0.0042,False,False,True
procurement_irregularities,Ntungamo,0.0,-0.229,0.405,0.4664,False,False,False
procurement_irregularities,Nwoya,0.0,-0.065,0.451,0.4757,False,False,False
procurement_irregularities,Obongi,0.0,-0.33,0.001,0.0042,False,False,True
procurement_irregularities,Omoro,0.0,-0.33,0.001,0.0042,False,False,True
procurement_irregularities,Otuke,0.0,-0.229,0.405,0.4664,False,False,False
procurement_irregularities,Oyam,0.0,-0.229,0.405,0.4664,False,False,False
procurement_irregularities,Pader,0.0,-0.065,0.451,0.4757,False,False,False
procurement_irregularities,Pakwach,1.0,-0.212,0.001,0.0042,False,False,True
procurement_irregularities,Pallisa,0.0,-0.153,0.316,0.4664,False,False,False
procurement_irregularities,Rakai,1.0,-0.212,0.001,0.0042,False,False,True
procurement_irregularities,Rubanda,0.0,0.024,0.298,0.4664,False,False,False
procurement_irregularities,Rubirizi,1.0,0.377,0.116,0.3159,False,False,False
procurement_irregularities,Rukiga,0.0,-0.047,0.39,0.4664,False,False,False
procurement_irregularities,Rukungiri,0.0,0.024,0.284,0.4664,False,False,False
procurement_irregularities,Rwampara,0.0,0.094,0.219,0.4411,False,False,False
procurement_irregularities,Serere,0.0,-0.229,0.393,0.4664,False,False,False
procurement_irregularities,Sheema,0.0,0.276,0.093,0.3062,False,False,False
procurement_irregularities,Sironko,0.0,-0.212,0.221,0.4411,False,False,False
procurement_irregularities,Soroti,0.0,-0.33,0.001,0.0042,False,False,True
procurement_irregularities,Ssembabule,0.0,-0.252,0.089,0.3004,False,False,False
procurement_irregularities,Tororo,1.0,-0.128,0.404,0.4664,False,False,False
procurement_irregularities,Wakiso,6.0,1.616,0.043,0.1659,False,False,False
procurement_irregularities,Yumbe,0.0,-0.229,0.388,0.4664,False,False,False
procurement_irregularities,Zombo,1.0,-0.153,0.001,0.0042,False,False,True
