variable,morans_I,expected_I,p_value_sim,z_sim,n_nonzero_districts
n_projects,0.3037,-0.0075,0.001,6.774,90
delay_time_overrun,0.1645,-0.0075,0.002,3.483,51
cost_overrun,0.0187,-0.0075,0.266,0.495,6
claims_and_disputes,0.0093,-0.0075,0.292,0.381,14
land_and_right_of_way,0.3333,-0.0075,0.001,6.965,22
contract_management,0.1891,-0.0075,0.002,3.926,29
delayed_payments,0.3362,-0.0075,0.001,7.824,21
governance_and_controls,0.0604,-0.0075,0.112,1.322,14
procurement_irregularities,0.226,-0.0075,0.002,6.229,35
