dv,variable,gini_importance,loo_r2
log1p_n_projects,dependency_ratio,0.3223,0.2758
log1p_n_projects,distance_to_kampala_km,0.2504,0.2758
log1p_n_projects,log_population,0.1981,0.2758
log1p_n_projects,rural_access_index_pct,0.0733,0.2758
log1p_n_projects,rural_pop_perc,0.0618,0.2758
log1p_n_projects,mean_annual_rainfall_mm,0.0465,0.2758
log1p_n_projects,elevation_m,0.0364,0.2758
log1p_n_projects,tenure_mailo,0.01,0.2758
log1p_n_projects,tenure_freehold,0.0011,0.2758
log1p_land,distance_to_kampala_km,0.503,0.1191
log1p_land,log_population,0.1812,0.1191
log1p_land,dependency_ratio,0.0989,0.1191
log1p_land,rural_pop_perc,0.0695,0.1191
log1p_land,mean_annual_rainfall_mm,0.0656,0.1191
log1p_land,rural_access_index_pct,0.0396,0.1191
log1p_land,elevation_m,0.0326,0.1191
log1p_land,tenure_mailo,0.0091,0.1191
log1p_land,tenure_freehold,0.0005,0.1191
log1p_delay,dependency_ratio,0.2535,0.0571
log1p_delay,distance_to_kampala_km,0.2414,0.0571
log1p_delay,mean_annual_rainfall_mm,0.1189,0.0571
log1p_delay,elevation_m,0.0897,0.0571
log1p_delay,rural_pop_perc,0.0826,0.0571
log1p_delay,tenure_mailo,0.081,0.0571
log1p_delay,rural_access_index_pct,0.0777,0.0571
log1p_delay,log_population,0.0539,0.0571
log1p_delay,tenure_freehold,0.0012,0.0571
