dv,variable,mean_abs_shap,direction
log1p_n_projects,dependency_ratio,0.1693,negative
log1p_n_projects,log_population,0.1108,positive
log1p_n_projects,distance_to_kampala_km,0.0927,negative
log1p_n_projects,rural_access_index_pct,0.0322,negative
log1p_n_projects,mean_annual_rainfall_mm,0.029,positive
log1p_n_projects,rural_pop_perc,0.023,positive
log1p_n_projects,elevation_m,0.0164,negative
log1p_n_projects,tenure_mailo,0.0079,positive
log1p_n_projects,tenure_freehold,0.0007,negative
log1p_land,distance_to_kampala_km,0.0765,negative
log1p_land,log_population,0.0527,positive
log1p_land,dependency_ratio,0.0174,negative
log1p_land,mean_annual_rainfall_mm,0.0161,positive
log1p_land,rural_pop_perc,0.0112,positive
log1p_land,elevation_m,0.0092,negative
log1p_land,rural_access_index_pct,0.0057,negative
log1p_land,tenure_mailo,0.002,positive
log1p_land,tenure_freehold,0.0001,positive
log1p_delay,dependency_ratio,0.0951,negative
log1p_delay,distance_to_kampala_km,0.0666,negative
log1p_delay,tenure_mailo,0.0343,positive
log1p_delay,mean_annual_rainfall_mm,0.033,positive
log1p_delay,rural_pop_perc,0.0234,positive
log1p_delay,elevation_m,0.0195,negative
log1p_delay,rural_access_index_pct,0.0172,negative
log1p_delay,log_population,0.0087,positive
log1p_delay,tenure_freehold,0.0003,negative
