dv,variable,coef,se,p_value
n_projects,Intercept,0.3492,0.116,0.0026
n_projects,distance_to_kampala_km,0.213,0.1808,0.2389
n_projects,elevation_m,0.0485,0.1452,0.7383
n_projects,mean_annual_rainfall_mm,0.1141,0.1422,0.4222
n_projects,log_population,0.4306,0.142,0.0024
n_projects,dependency_ratio,-0.3884,0.1263,0.0021
n_projects,rural_pop_perc,0.0976,0.1615,0.5457
n_projects,rural_access_index_pct,0.0404,0.119,0.7341
n_projects,tenure_mailo,0.2697,0.1547,0.0813
n_projects,tenure_freehold,-0.0954,0.1497,0.5241
n_projects,pseudo_R2_deviance,0.3655,,
land_and_right_of_way,Intercept,-2.1523,0.3334,0.0
land_and_right_of_way,distance_to_kampala_km,-0.8069,0.4195,0.0544
land_and_right_of_way,elevation_m,-0.736,0.4715,0.1185
land_and_right_of_way,mean_annual_rainfall_mm,0.1589,0.2973,0.5929
land_and_right_of_way,log_population,0.2869,0.2645,0.278
land_and_right_of_way,dependency_ratio,-0.1249,0.2216,0.5731
land_and_right_of_way,rural_pop_perc,0.0017,0.36,0.9962
land_and_right_of_way,rural_access_index_pct,-0.052,0.2007,0.7958
land_and_right_of_way,tenure_mailo,0.1264,0.2813,0.6533
land_and_right_of_way,tenure_freehold,0.1712,0.4597,0.7096
land_and_right_of_way,pseudo_R2_deviance,0.3816,,
delay_time_overrun,Intercept,-0.8051,0.1633,0.0
delay_time_overrun,distance_to_kampala_km,0.3431,0.2532,0.1754
delay_time_overrun,elevation_m,0.1402,0.1896,0.4594
delay_time_overrun,mean_annual_rainfall_mm,0.2158,0.1893,0.2543
delay_time_overrun,log_population,0.2579,0.1858,0.1651
delay_time_overrun,dependency_ratio,-0.4065,0.1589,0.0105
delay_time_overrun,rural_pop_perc,0.1892,0.2177,0.3849
delay_time_overrun,rural_access_index_pct,-0.0199,0.1542,0.8975
delay_time_overrun,tenure_mailo,0.4113,0.2093,0.0493
delay_time_overrun,tenure_freehold,-0.1987,0.2116,0.3477
delay_time_overrun,pseudo_R2_deviance,0.2196,,
