dv,model,variable,coef,se,pseudo_r2
log1p_n_projects,OLS,CONSTANT,0.7741,0.0501,
log1p_n_projects,OLS,distance_to_kampala_km,0.1225,0.0789,
log1p_n_projects,OLS,elevation_m,0.014,0.0617,
log1p_n_projects,OLS,mean_annual_rainfall_mm,0.0776,0.0638,
log1p_n_projects,OLS,log_population,0.2933,0.062,
log1p_n_projects,OLS,dependency_ratio,-0.2379,0.0585,
log1p_n_projects,OLS,rural_pop_perc,0.0606,0.0686,
log1p_n_projects,OLS,rural_access_index_pct,0.0306,0.0549,
log1p_n_projects,OLS,tenure_mailo,0.1757,0.0705,
log1p_n_projects,OLS,tenure_freehold,-0.0453,0.0659,
log1p_n_projects,Spatial_Lag,CONSTANT,0.774,0.1071,0.3715
log1p_n_projects,Spatial_Lag,distance_to_kampala_km,0.1225,0.076,0.3715
log1p_n_projects,Spatial_Lag,elevation_m,0.014,0.0593,0.3715
log1p_n_projects,Spatial_Lag,mean_annual_rainfall_mm,0.0776,0.0614,0.3715
log1p_n_projects,Spatial_Lag,log_population,0.2933,0.0599,0.3715
log1p_n_projects,Spatial_Lag,dependency_ratio,-0.2378,0.0576,0.3715
log1p_n_projects,Spatial_Lag,rural_pop_perc,0.0606,0.0661,0.3715
log1p_n_projects,Spatial_Lag,rural_access_index_pct,0.0306,0.0528,0.3715
log1p_n_projects,Spatial_Lag,tenure_mailo,0.1757,0.0701,0.3715
log1p_n_projects,Spatial_Lag,tenure_freehold,-0.0453,0.0634,0.3715
log1p_n_projects,Spatial_Lag,W_lag_y,0.0001,0.1206,0.3715
log1p_n_projects,Spatial_Error,CONSTANT,0.7743,0.0495,0.3715
log1p_n_projects,Spatial_Error,distance_to_kampala_km,0.1229,0.0771,0.3715
log1p_n_projects,Spatial_Error,elevation_m,0.015,0.0599,0.3715
log1p_n_projects,Spatial_Error,mean_annual_rainfall_mm,0.0779,0.0621,0.3715
log1p_n_projects,Spatial_Error,log_population,0.2936,0.0598,0.3715
log1p_n_projects,Spatial_Error,dependency_ratio,-0.2366,0.0565,0.3715
log1p_n_projects,Spatial_Error,rural_pop_perc,0.0602,0.0666,0.3715
log1p_n_projects,Spatial_Error,rural_access_index_pct,0.0305,0.0528,0.3715
log1p_n_projects,Spatial_Error,tenure_mailo,0.1774,0.0686,0.3715
log1p_n_projects,Spatial_Error,tenure_freehold,-0.0437,0.0643,0.3715
log1p_n_projects,Spatial_Error,lambda,0.0252,0.135,0.3715
log1p_n_projects,OLS,MORAN_I_RESIDUALS,0.009,0.375,
log1p_n_projects,OLS,LM_LAG_P,0.9992907624478526,,
log1p_n_projects,OLS,LM_ERROR_P,0.8685921822177814,,
log1p_land,OLS,CONSTANT,0.1463,0.0273,
log1p_land,OLS,distance_to_kampala_km,-0.0524,0.043,
log1p_land,OLS,elevation_m,-0.0377,0.0336,
log1p_land,OLS,mean_annual_rainfall_mm,0.0158,0.0347,
log1p_land,OLS,log_population,0.0803,0.0338,
log1p_land,OLS,dependency_ratio,-0.0695,0.0319,
log1p_land,OLS,rural_pop_perc,-0.0094,0.0374,
log1p_land,OLS,rural_access_index_pct,-0.0003,0.0299,
log1p_land,OLS,tenure_mailo,0.0497,0.0384,
log1p_land,OLS,tenure_freehold,-0.0143,0.0359,
log1p_land,Spatial_Lag,CONSTANT,0.1121,0.0316,0.2855
log1p_land,Spatial_Lag,distance_to_kampala_km,-0.0333,0.042,0.2855
log1p_land,Spatial_Lag,elevation_m,-0.0287,0.0318,0.2855
log1p_land,Spatial_Lag,mean_annual_rainfall_mm,0.0157,0.0328,0.2855
log1p_land,Spatial_Lag,log_population,0.0713,0.032,0.2855
log1p_land,Spatial_Lag,dependency_ratio,-0.0527,0.0303,0.2855
log1p_land,Spatial_Lag,rural_pop_perc,-0.0113,0.0354,0.2855
log1p_land,Spatial_Lag,rural_access_index_pct,0.0015,0.0283,0.2855
log1p_land,Spatial_Lag,tenure_mailo,0.0461,0.0366,0.2855
log1p_land,Spatial_Lag,tenure_freehold,-0.0078,0.0339,0.2855
log1p_land,Spatial_Lag,W_lag_y,0.2326,0.1186,0.2855
log1p_land,Spatial_Error,CONSTANT,0.1475,0.0327,0.2565
log1p_land,Spatial_Error,distance_to_kampala_km,-0.0558,0.047,0.2565
log1p_land,Spatial_Error,elevation_m,-0.0297,0.0345,0.2565
log1p_land,Spatial_Error,mean_annual_rainfall_mm,0.0151,0.0363,0.2565
log1p_land,Spatial_Error,log_population,0.0694,0.0326,0.2565
log1p_land,Spatial_Error,dependency_ratio,-0.0536,0.0314,0.2565
log1p_land,Spatial_Error,rural_pop_perc,-0.0181,0.0381,0.2565
log1p_land,Spatial_Error,rural_access_index_pct,0.0044,0.0284,0.2565
log1p_land,Spatial_Error,tenure_mailo,0.0558,0.04,0.2565
log1p_land,Spatial_Error,tenure_freehold,-0.0059,0.0385,0.2565
log1p_land,Spatial_Error,lambda,0.206,0.1245,0.2565
log1p_land,OLS,MORAN_I_RESIDUALS,0.0681,0.085,
log1p_land,OLS,LM_LAG_P,0.07380354002525912,,
log1p_land,OLS,LM_ERROR_P,0.2106728607495138,,
log1p_delay,OLS,CONSTANT,0.3289,0.0356,
log1p_delay,OLS,distance_to_kampala_km,0.0933,0.056,
log1p_delay,OLS,elevation_m,0.0217,0.0438,
log1p_delay,OLS,mean_annual_rainfall_mm,0.0874,0.0453,
log1p_delay,OLS,log_population,0.0919,0.0441,
log1p_delay,OLS,dependency_ratio,-0.1311,0.0415,
log1p_delay,OLS,rural_pop_perc,0.0486,0.0487,
log1p_delay,OLS,rural_access_index_pct,-0.0065,0.0389,
log1p_delay,OLS,tenure_mailo,0.1471,0.05,
log1p_delay,OLS,tenure_freehold,-0.0471,0.0468,
log1p_delay,Spatial_Lag,CONSTANT,0.3109,0.0539,0.2513
log1p_delay,Spatial_Lag,distance_to_kampala_km,0.0946,0.0539,0.2513
log1p_delay,Spatial_Lag,elevation_m,0.0218,0.0421,0.2513
log1p_delay,Spatial_Lag,mean_annual_rainfall_mm,0.087,0.0436,0.2513
log1p_delay,Spatial_Lag,log_population,0.0915,0.0425,0.2513
log1p_delay,Spatial_Lag,dependency_ratio,-0.1287,0.0405,0.2513
log1p_delay,Spatial_Lag,rural_pop_perc,0.0485,0.0468,0.2513
log1p_delay,Spatial_Lag,rural_access_index_pct,-0.0056,0.0374,0.2513
log1p_delay,Spatial_Lag,tenure_mailo,0.1422,0.0501,0.2513
log1p_delay,Spatial_Lag,tenure_freehold,-0.0462,0.0451,0.2513
log1p_delay,Spatial_Lag,W_lag_y,0.054,0.1247,0.2513
log1p_delay,Spatial_Error,CONSTANT,0.329,0.0376,0.2498
log1p_delay,Spatial_Error,distance_to_kampala_km,0.0978,0.0571,0.2498
log1p_delay,Spatial_Error,elevation_m,0.0212,0.0435,0.2498
log1p_delay,Spatial_Error,mean_annual_rainfall_mm,0.0897,0.0453,0.2498
log1p_delay,Spatial_Error,log_population,0.0958,0.0426,0.2498
log1p_delay,Spatial_Error,dependency_ratio,-0.1309,0.0405,0.2498
log1p_delay,Spatial_Error,rural_pop_perc,0.0513,0.0482,0.2498
log1p_delay,Spatial_Error,rural_access_index_pct,-0.0047,0.0374,0.2498
log1p_delay,Spatial_Error,tenure_mailo,0.1499,0.05,0.2498
log1p_delay,Spatial_Error,tenure_freehold,-0.0461,0.0473,0.2498
log1p_delay,Spatial_Error,lambda,0.0922,0.1316,0.2498
log1p_delay,OLS,MORAN_I_RESIDUALS,0.0383,0.19,
log1p_delay,OLS,LM_LAG_P,0.656070675420111,,
log1p_delay,OLS,LM_ERROR_P,0.4816885201091379,,
