district,local_R2,intercept,beta_distance_to_kampala_km,t_distance_to_kampala_km,sig_distance_to_kampala_km,beta_elevation_m,t_elevation_m,sig_elevation_m,beta_mean_annual_rainfall_mm,t_mean_annual_rainfall_mm,sig_mean_annual_rainfall_mm,beta_log_population,t_log_population,sig_log_population,beta_dependency_ratio,t_dependency_ratio,sig_dependency_ratio,beta_rural_pop_perc,t_rural_pop_perc,sig_rural_pop_perc,beta_rural_access_index_pct,t_rural_access_index_pct,sig_rural_access_index_pct,beta_tenure_mailo,t_tenure_mailo,sig_tenure_mailo,beta_tenure_freehold,t_tenure_freehold,sig_tenure_freehold
Abim,0.3009000535949045,-0.09401272617069725,-0.020979658309842827,-0.3004522759364023,False,-0.03040549986234699,-0.6426674272808939,False,-0.0043490264375220765,-0.0844208373166922,False,0.07608147735866497,1.383798216598019,False,-0.03553086587296407,-0.6792522528843492,False,-0.02209210122350156,-0.46355706436395344,False,-0.02821888275319429,-0.6651830347469921,False,0.10843612706492348,1.564129448785093,False,-0.7353131604985433,-2.8093056970068235,True
Adjumani,0.32786232983661545,0.10634685173957013,-0.0953425215438076,-1.690303183842516,False,-0.0009722417826245992,-0.014763109441078063,False,0.09520617344152202,1.177578241380185,False,0.04591168268759334,0.795170452172724,False,-0.04171267667657916,-0.7035850240633607,False,0.0066164904610330096,0.12846248613103906,False,0.03503515114039565,0.4514805376681207,False,-0.08080664173481072,-1.324287509305379,False,-0.3089501592100897,-2.1942915335306448,True
Agago,0.2979439524131243,0.07098783234792466,-0.043064889674367626,-0.7284737547109472,False,-0.019230548759778365,-0.4367031384158025,False,-0.0029592035872771684,-0.05825148296180106,False,0.07770342956362514,1.6049137580388733,False,-0.037033427405028525,-0.7631153590765947,False,-0.007229857128513277,-0.16364933140778554,False,-0.024629882719719463,-0.5422494336388797,False,0.055151236932671474,0.8474094772204108,False,-0.2764120471792294,-1.0002455998143107,False
Alebtong,0.3362753152165915,0.19780331549848584,-0.00927882223765402,-0.127082581191207,False,-0.0303068889653154,-0.6460523377752557,False,-0.011691345255211781,-0.22911403898698077,False,0.10555123361337539,1.8349015810441924,False,-0.04232164701532707,-0.8007691097202254,False,-0.028843986525100257,-0.6059566994919947,False,-0.028341458674787098,-0.6727828344893576,False,0.08814146019149728,1.2900493171540612,False,0.011320033922700382,0.07407160735424567,False
Amolatar,0.4311370208713982,-0.40169689418887433,0.059549726842383834,0.7179276556794143,False,-0.03047098813741422,-0.4722413674904463,False,-0.04182301892574662,-0.67135984694632,False,0.1585065092474061,2.6130513911679385,True,-0.06277260628551712,-1.1052263275483358,False,-0.07317065903040193,-1.3748832196862457,False,0.001363116463683367,0.030584097839862795,False,0.09570577277271688,1.5202456076721074,False,-1.7068502216296055,-4.007259185950879,True
Amudat,0.434912707942277,-0.14325238963567605,0.011143737929804193,0.1408909190416153,False,-0.047465045087100324,-0.8519624806583908,False,-0.004699771322409764,-0.0930086396297257,False,0.061888634937428015,1.0830709179531208,False,-0.05852381655039192,-1.0943002692924142,False,-0.05313300087629684,-1.0541726681729224,False,-0.024457205358671026,-0.6501066744764264,False,0.20220062069777153,3.001243836290426,True,-0.943027625552686,-4.5603372509491,True
Amuria,0.39450292732865855,0.20108390900082196,0.00505116470904559,0.06765654876161332,False,-0.041192483114060374,-0.7751840012757597,False,-0.012575414702076938,-0.25108154367557567,False,0.08913531018098973,1.5042149808381453,False,-0.05642098864471082,-1.0449960874094346,False,-0.04552036485456689,-0.9325407861957095,False,-0.02555199465468148,-0.6656344980903188,False,0.13999707384185348,2.113037092261793,True,-0.017166338370639272,-0.13429646410948803,False
Amuru,0.3261732029557156,0.06923683141976406,-0.08700658520328108,-1.5716415411098184,False,0.005097543549166361,0.07798576019296229,False,0.08277549257078302,1.0655088664663666,False,0.05372685891960685,0.9633491090917753,False,-0.04876458066578261,-0.850222274397927,False,0.006196878860613584,0.12535298628971234,False,0.023152124884918815,0.3164783821047556,False,-0.0681531040665597,-1.1271395991947237,False,-0.39585456706602645,-3.1560993018159254,True
Apac,0.3852635360418744,0.16237285780743635,0.008225953210369747,0.11078879132632682,False,0.0007691541142375302,0.008770728525688574,False,0.018484641412096228,0.2640377476722925,False,0.15869613020203177,2.6028056953162775,True,-0.06526042518789962,-1.0871782801527243,False,-0.029840370481183893,-0.5436636725174703,False,0.012864903182048353,0.2332829143637602,False,0.026539114549525657,0.440168150218514,False,-0.1946614056828718,-3.1321253574318706,True
Arua,0.3579614871692053,0.29050642611010374,-0.11513433893359015,-2.03579961782558,True,-0.06743454248583187,-0.9972781686580021,False,0.17734706509117987,2.0876066490869456,True,0.046384472703347834,0.813843120781573,False,-0.026982948023387788,-0.4497975514648466,False,0.0053957361035691966,0.10138177894180056,False,0.08525213240731347,1.1700165353279288,False,-0.08665973654885827,-1.5379953759664131,False,0.1532667113700883,1.7888527082905183,False
Budaka,0.5014434512447551,0.3803097604125246,0.05616852696361033,0.6877197129331211,False,-0.05724484504007236,-1.0806033993331878,False,-0.0281005609025841,-0.587167863769433,False,0.08085588422081824,1.6392948410705097,False,-0.07261989394030396,-1.5691846906255777,False,-0.10158333691958285,-2.007681129341988,True,-0.019402306336907725,-0.5678216281669203,False,0.2035229120824415,3.2269153208113193,True,0.40062554315502297,2.7877179796685083,True
Bududa,0.49781689664548967,0.24833350104780233,0.04763349663401148,0.5836140213257635,False,-0.052445228218760506,-0.9806745267457897,False,-0.0220873398674599,-0.4594907840332156,False,0.07784304593788677,1.5577212861931304,False,-0.06496391718770361,-1.3914096799759963,False,-0.09073351418463925,-1.7972556343807211,False,-0.01904012958513436,-0.5481612685825346,False,0.21085833015756877,3.287384415553424,True,0.067447895920028,1.138047914534719,False
Bugiri,0.537763577421329,0.121217168741062,0.1000450142189799,1.1347873942243716,False,-0.06741410970630955,-1.2929292529015775,False,-0.05943018113781842,-1.1749683793168046,False,0.08291563386364748,1.6986995095680544,False,-0.08542547795662689,-1.93346930626643,False,-0.1695046562806362,-3.003681904115036,True,-0.016515812658072733,-0.49743751278663895,False,0.21939843703550777,3.679118531952205,True,-0.31021966502443266,-1.3730770691414957,False
Bugweri,0.5359245138317643,-0.20523956799638127,0.1058643320161134,1.196052678256785,False,-0.0717941234774066,-1.3825638201923807,False,-0.06301871669863361,-1.236079022917299,False,0.08323032794202678,1.7190236966659969,False,-0.08970045391227296,-2.0298242700747275,True,-0.17526200411117512,-3.0903400347163363,True,-0.016315996222420623,-0.49431407381057274,False,0.2159873817205964,3.6421909428403128,True,-1.186309815429941,-3.082783610287696,True
Buhweju,0.4833419631343244,0.08807021337093106,-0.19162467573878467,-2.5074889297769425,True,-0.03025171079358447,-0.6152748405237872,False,0.04556162281271908,0.7141739145472445,False,0.05909517944876996,1.1994430928711044,False,-0.05091453040541574,-1.1651573707631655,False,-0.06117614773329465,-0.8502013419961065,False,0.031656022534517186,0.7228470868806807,False,-0.025113396755678016,-0.5095799244838759,False,0.04242401564074216,1.0266832395297065,False
Buikwe,0.5543106008380304,0.20233491471202913,0.03068966557770643,0.3325292250494506,False,-0.0938030088776893,-1.729623256270568,False,-0.09121555349354066,-1.6937497264676011,False,0.04827914616148624,0.9726121863715455,False,-0.11758307503221298,-2.6707954217879353,True,-0.2896645005550196,-4.232464244286986,True,-0.0163014578530499,-0.48302856142931333,False,0.17662140608498067,3.5548396373249846,True,0.15967634661665542,1.9441252531005686,False
Bukedea,0.47335656809044907,0.17181172145277054,0.03326919156295302,0.415293013828316,False,-0.05437412890166579,-1.0014742160102648,False,-0.01575153542359963,-0.3227275271491229,False,0.07225967946593306,1.3743887196398044,False,-0.06893935708396233,-1.3810045275531773,False,-0.07751256780974941,-1.5456898165133917,False,-0.023124732547422883,-0.6495456938171406,False,0.19871972381108619,3.039683637204319,True,-0.13180343412818002,-1.4555052099009642,False
Bukomansimbi,0.5391916569222198,-0.03086009221642444,-0.2578934878529152,-3.110600014337738,True,-0.05719305901198995,-1.0774992293761019,False,-0.05755838664452219,-0.9516579999726358,False,0.03278049994005896,0.656004972015396,False,-0.09077880404201633,-2.2761028593811288,True,-0.17713302848986573,-2.480102536160024,True,0.014969468935789834,0.38065109816473475,False,0.022711271079457127,0.520641214801265,False,0.058980886167717,1.3838440025517318,False
Bukwo,0.47758906720075284,0.05104833102780749,0.0323854644238612,0.4011184885951014,False,-0.04995232626750536,-0.9194015165564757,False,-0.013452466869815556,-0.2752802607225346,False,0.07103221744192123,1.3632429904757009,False,-0.060914641933990474,-1.241180976827723,False,-0.07349486981283618,-1.459813828588549,False,-0.02094574058573669,-0.5857530293461776,False,0.21111193173209541,3.206138722397604,True,-0.4429790023571224,-3.8890255355369887,True
Bulambuli,0.47078679901879766,-0.026138441916112587,0.0301054635438994,0.37312371653142745,False,-0.052492240385961855,-0.9600052009164611,False,-0.013144435947133666,-0.26725911764839216,False,0.06925645572520923,1.3038207690876407,False,-0.06511800595560024,-1.2935067930590802,False,-0.07345507654931802,-1.4588795594100004,False,-0.022909111509897613,-0.6368708334700516,False,0.205744237576855,3.1063077991782992,True,-0.6490460094672619,-1.3930697421154365,False
Buliisa,0.3985986215588667,0.2756467322787013,-0.09863443793320226,-1.8948079248125018,False,-0.10516236983621217,-1.6921155853931158,False,0.19261899100046523,2.6543144110172787,True,0.09303618418135143,1.9528954609988616,False,-0.04474868890057344,-0.8715745254589715,False,-1.1663080851917473e-05,-0.00022061789522281823,False,0.10656955288894523,1.9662415384313847,True,-0.0637379850035687,-1.2694509889797796,False,0.13990159397494512,1.8906283556083339,False
Bundibugyo,0.42953907611324865,0.18716348813770892,-0.1500542533754758,-2.280817783942843,True,-0.05825700513451085,-1.2683313509231622,False,0.1401132697973957,2.2035094404966293,True,0.08546610117715596,1.8097482882457767,False,-0.027795187446278024,-0.5827157981890627,False,0.02625279402320428,0.40648137661995726,False,0.0630769211722862,1.3362298342969945,False,-0.07065620791903322,-1.362484723642509,False,0.044165474238916924,1.0519585450336373,False
Bunyangabu,0.4436433655867917,0.1671107214331991,-0.15989743620893937,-2.3263541943206376,True,-0.05342898014518775,-1.1505949203241266,False,0.11915675351750635,1.8890805354080968,False,0.0821597726581716,1.7240699359311984,False,-0.030868814307595506,-0.6651540069808204,False,0.007827651252140369,0.11807292353926055,False,0.05847597892034206,1.2655704718695138,False,-0.06259487000122257,-1.2161535567173993,False,0.04423151109573645,1.059619954672499,False
Bushenyi,0.47984189446288883,0.08789496573653537,-0.189180538358443,-2.464271294401142,True,-0.027016414940183225,-0.5458167536034968,False,0.045560529271163074,0.7062946348484017,False,0.057539501594880305,1.1582850376947345,False,-0.05027729821705179,-1.1381356351935823,False,-0.05952333428345663,-0.8211606046191257,False,0.02920097060391731,0.6575647093176203,False,-0.024018030156722117,-0.4823835640142233,False,0.04123124297057207,0.9957174681541874,False
Busia,0.5384357503782375,0.1496033356567622,0.09011139143458088,1.0347815503242506,False,-0.062099909538534975,-1.1882219366024716,False,-0.05474879643954561,-1.099046015983866,False,0.08315257467902118,1.6946529353981854,False,-0.08128232940512897,-1.8510874690312633,False,-0.1598654722955217,-2.8716016265404765,True,-0.016738331225285112,-0.5011127649481769,False,0.2182262628606895,3.670398312334336,True,-0.21551064855012986,-2.369919519107139,True
Butaleja,0.5141519812725291,0.27723296527235075,0.07291922993817726,0.8635427920397479,False,-0.06039037986556065,-1.1413979378541546,False,-0.03594039164407507,-0.7405227625781929,False,0.08248024456361326,1.681922961768208,False,-0.07450240565557689,-1.6323606626997431,False,-0.1195466935885065,-2.3011819292089197,True,-0.01802347178309658,-0.5323248033535904,False,0.21350812645969303,3.3948528283249875,True,0.11481515254496999,0.14091134150224263,False
Butambala,0.5462252453101837,-0.05843584322992773,-0.24700019697815354,-2.5831189909699392,True,-0.14932906914863386,-1.9040387004072437,False,-0.10630416227512718,-1.806750844153953,False,0.020675227015230654,0.38041991937941405,False,-0.1081770975687522,-2.73997516595061,True,-0.25364787656054016,-3.4434328953244515,True,0.0020966411646403324,0.05068245021096557,False,0.06424265407341323,1.4403607570349768,False,0.09490882435761391,1.7564542368249583,False
Butebo,0.4921161693324493,0.12210630415194504,0.04787617506282575,0.5947151619530837,False,-0.05638960440434165,-1.0603966491366417,False,-0.02391785400412142,-0.4995704907740216,False,0.07913754743134731,1.5822388651580694,False,-0.07221693180169667,-1.5296432663068162,False,-0.09255829192318746,-1.844504527718597,False,-0.020630732488405308,-0.5981914430796836,False,0.1986032658375532,3.1285463559303075,True,-0.27427114039197376,-3.981738955206279,True
Buvuma,0.5752993749472538,0.007380082970261541,-0.11084092817703974,-1.1425728735875331,False,-0.054897921025747136,-0.9679560366989033,False,-0.08805668139259015,-1.515779122994128,False,0.0032837914614733885,0.060977266701730766,False,-0.11450931029778545,-2.4325621831666595,True,-0.3692406667778878,-4.385085266360529,True,-0.02664788553474171,-0.7640517230559356,False,0.16922489043686867,3.483977596554019,True,0.1292007337090209,1.7732557394314679,False
Buyende,0.49171112871752015,0.1762870004981864,0.08638750821533431,1.0393276321083242,False,-0.07317201888546891,-1.4227350362487232,False,-0.047160181209407806,-0.9262629703900039,False,0.09860472477421171,1.9544603422140217,False,-0.09361991385048585,-1.9522169799721174,False,-0.12654279601083007,-2.3977331780133815,True,-0.017431364691060387,-0.5094144570775238,False,0.16891060315638395,2.771073276573786,True,-0.20608752057027308,-4.4512262990416,True
Dokolo,0.3789881913610072,0.10049796089727475,0.01120997179446025,0.14669945389136527,False,-0.0342511515385685,-0.6522150781732049,False,-0.02457114208059727,-0.4590531800703063,False,0.12734525345908357,2.0533881080023253,True,-0.05387021050230882,-0.9804495883765765,False,-0.044898366813192286,-0.914116764409285,False,-0.023871520844602357,-0.5795362226554265,False,0.09301037509250382,1.3861644518247207,False,-0.2886056836674721,-3.03011330819493,True
Gomba,0.5300724948833279,-0.00991011867708852,-0.24326437552836644,-2.779384355948244,True,-0.10003016463231948,-1.6981372304093474,False,-0.05094982617489091,-0.8333914041209177,False,0.04709654143072561,0.9118166378555193,False,-0.08657835504576823,-2.169541072855382,True,-0.16631005840661428,-2.3602841782574417,True,0.02851374138533146,0.7067143864155015,False,0.01626926945181846,0.36728635473955373,False,0.06416404683890878,1.4298625961683398,False
Gulu,0.3062336112267263,0.257847972135511,-0.07667732307907782,-1.3747374838671969,False,0.014125969346803532,0.22739637172806376,False,0.05069443490726012,0.7264277466175331,False,0.06342686196530582,1.201876628528105,False,-0.04830345175775097,-0.8858660961352772,False,0.005816760203921944,0.12586004965050934,False,-0.005459902302897779,-0.07809428287815075,False,-0.04758197139498925,-0.7533321383203181,False,0.14396336121004505,0.5144179780412909,False
Hoima,0.4183608538368182,0.2619955662832713,-0.12025520917130812,-2.118818612434754,True,-0.13578113052364174,-2.3468705708171154,True,0.2175128297981177,3.137833138440165,True,0.11656688180718142,2.37050124382831,True,-0.028651427856432578,-0.5283028686746652,False,0.009531948639351216,0.16512035682810727,False,0.12043754088465641,2.382738296074705,True,-0.07894550711983357,-1.541355243128121,False,0.10662274275151967,1.8278403345709797,False
Ibanda,0.48044475223586125,0.10049201258800833,-0.19035690724883383,-2.514270318609305,True,-0.03723502517403951,-0.7675335748658565,False,0.0564629365322493,0.8904284837105543,False,0.06423185277275881,1.3155543324508048,False,-0.047699587929960534,-1.0906598567875554,False,-0.0526530241164577,-0.7413262561032605,False,0.0386710501005288,0.8858246167359077,False,-0.03284257834036895,-0.6643846442329641,False,0.044090070416180335,1.0672732483673957,False
Iganga,0.5313690429829354,0.048377195582873726,0.1041782811666987,1.2021435972874488,False,-0.07355725365341892,-1.4331027303538846,False,-0.06311970901676899,-1.2578539393567378,False,0.08564609884638885,1.7974501550395101,False,-0.09302788363737638,-2.13313255748461,True,-0.17112700894401378,-3.078950282637509,True,-0.015893167292790764,-0.4851553222093772,False,0.20514011780510913,3.525739791750176,True,-0.5266073412391933,-2.7869538249589545,True
Isingiro,0.5190181707036241,0.014610755481920215,-0.22267152715017102,-2.847112922248206,True,-0.01700411629380948,-0.3297938028678855,False,-0.012321615892966667,-0.19799219912711294,False,0.04014331312460425,0.8154571124559001,False,-0.07229194202144199,-1.7422185540753141,False,-0.12513711511895584,-1.6974803433420669,False,0.011989217894748053,0.2923581583157612,False,0.009969274955181517,0.21666784025226446,False,0.046130456442893084,1.1161761659917968,False
Jinja,0.5428109103613944,0.24003226786701565,0.0994490337990266,1.098084445618414,False,-0.08647507423548784,-1.6813045724506928,False,-0.08020023323983495,-1.529936846355002,False,0.07519589411667703,1.5662770939869959,False,-0.10690375198980696,-2.471472501042087,True,-0.2243494967835735,-3.700289391399286,True,-0.014458418827815598,-0.4401641331730728,False,0.1955885153678334,3.6023322300379728,True,0.030725539104038316,0.2813292374029814,False
Kaabong,0.27372868389412675,0.11243423086236691,-0.03960365161023697,-0.6586084722268969,False,-0.02333234874085304,-0.5141682936988734,False,-0.001959417148625707,-0.0375299474639775,False,0.06100286441195649,1.2222869663235298,False,-0.0319989726224935,-0.6375996763639914,False,-0.009498223728908224,-0.20892523474560035,False,-0.023991346323199114,-0.5465853731688987,False,0.0932269650922082,1.3818444689261442,False,-0.16651117231328877,-1.1773751293733983,False
Kabale,0.4913603571471266,0.04774653062724785,-0.20338995388632553,-2.5320114568160133,True,-0.013180152508964482,-0.2523901920531916,False,0.015290294113527503,0.22949287283293282,False,0.044314966783467837,0.8658376557650747,False,-0.05868568354502798,-1.3194799341336205,False,-0.09167905383766889,-1.2073539793707977,False,0.01486186749188343,0.33413372500708305,False,-0.004178169755755058,-0.08396867476165373,False,0.041818040011409076,1.0025394017037335,False
Kabarole,0.44385265801517526,0.17658506720783848,-0.15936884141334137,-2.3502038909556613,True,-0.06231810404550119,-1.3422779308019321,False,0.1295560062229981,2.0632813213573264,True,0.08777830502239024,1.8530861188085892,False,-0.029358753385109727,-0.6283628206138946,False,0.012942877864316,0.1985373513563779,False,0.06527297523232864,1.421368846081111,False,-0.06780660001330358,-1.323515296472051,False,0.04685680960650282,1.1192107886671647,False
Kaberamaido,0.4238834733668642,0.15257216014545438,0.035243286490235275,0.4478087162975594,False,-0.04859756456680033,-0.8886001380421418,False,-0.03184044613975785,-0.6018543239685384,False,0.11682964415743824,1.9432785433914912,False,-0.06901432380941772,-1.2460838016862867,False,-0.06966508474281989,-1.377541911610152,False,-0.021476998675653485,-0.5571281999043144,False,0.12356051147186713,1.890956736315456,False,-0.19394510087077155,-0.6973027533323938,False
Kagadi,0.44647041729276166,0.20671247123872435,-0.15679292763620928,-2.3723932269086663,True,-0.10770806312669723,-2.144715535821959,True,0.16651469755189396,2.6628827780881874,True,0.1133523748612019,2.3698636277649845,True,-0.021250413384822087,-0.4342298611663028,False,0.022521836370369322,0.36911700917168355,False,0.0937794985933737,2.0713967867527536,True,-0.08216793486662964,-1.6154037238170371,False,0.06041733982096438,1.3909200597403304,False
Kakumiro,0.46598191731112354,0.18023687712894088,-0.1333832147795297,-1.8522696265078111,False,-0.1326017228156531,-2.4053911201695137,True,0.12771871844762597,2.1580964115513868,True,0.13522038524361946,2.7108472975516946,True,-0.021009401494047106,-0.4666533331511693,False,-0.005486971558491802,-0.08813866020981138,False,0.10112498848394331,2.319277835820642,True,-0.05091456080189362,-1.0401308750102265,False,0.0729072727262978,1.5486800269039869,False
Kalaki,0.40460289033218766,0.11824254825483935,0.01587049527765713,0.2081146026280292,False,-0.04443412759518187,-0.81465391021005,False,-0.021019561180040468,-0.4120012932068097,False,0.10277486100840642,1.6919203508152234,False,-0.062005771391968834,-1.1256908654191742,False,-0.055502511741819416,-1.1220314225740364,False,-0.02546286300043183,-0.6623354450356005,False,0.12841355853207134,1.9335573617525963,False,-0.25135517753011877,-3.027908120525666,True
Kalangala,0.5829017807294806,-0.216903002034336,-0.35759238842758034,-3.231110405997127,True,-0.054820374762760415,-0.46507284811397365,False,-0.12136240311171752,-1.9088180579326408,False,-0.02993873197777698,-0.5108203276994465,False,-0.1074723575292633,-2.412124749324412,True,-0.35174114857633326,-3.9942734113984804,True,-0.03341357304825046,-0.8012103854764455,False,0.11001294920583725,2.3275102542512056,True,0.1404389606736131,2.2473535595596665,True
Kaliro,0.5080326843863637,-0.015424453072167894,0.07977321578790424,0.9697617572276084,False,-0.06739710057205929,-1.3067924499824903,False,-0.043700163598674666,-0.9047479663022113,False,0.08845784858713462,1.8382057295295242,False,-0.08673665454617845,-1.9192945424412944,False,-0.12710294324121507,-2.4589626539614247,True,-0.018150635946067223,-0.5463383395204402,False,0.1910913873729182,3.152270496701923,True,-0.6836075623534835,-3.5869200026740375,True
Kalungu,0.5463352717363915,-0.05457465199650191,-0.26658568772537056,-3.092520017597931,True,-0.07486109757135834,-1.3176872237244708,False,-0.08032382430267114,-1.3494058844127712,False,0.025584815653068464,0.5017845140812061,False,-0.09968870514287467,-2.533740329981619,True,-0.20487401582515613,-2.872879330907583,True,0.007541834607666657,0.19095776653691204,False,0.03682775707560752,0.8525149257604181,False,0.06488369154349236,1.4669699426697183,False
Kampala,0.549672102664541,0.0769253342674156,-0.08802183666573722,-0.9537098978879183,False,-0.15543021907757082,-1.8536206859774333,False,-0.10897467104492789,-2.0362828665400823,True,0.02023524697795158,0.3835033727165995,False,-0.12405604921914792,-2.884862251419543,True,-0.33114585384668416,-4.390065215632673,True,-0.011443162649747197,-0.3066178831748253,False,0.1371747773738629,2.9388211398647526,True,0.15813477939468806,2.2079373724881175,True
Kamuli,0.5215564520315608,-0.41046558172603353,0.12154082865764182,1.3546291226671656,False,-0.08850399121022998,-1.7223895329368268,False,-0.06947119943691339,-1.3228946403113524,False,0.08993687339098083,1.8833948253530093,False,-0.10246103345236737,-2.324414750201248,True,-0.18399747537360334,-3.227015816736555,True,-0.012984650521019676,-0.39081964077468795,False,0.19357606976956104,3.3055988244877237,True,-1.7784980239203987,-2.5895608647186346,True
Kamwenge,0.47144728745375014,0.13408257230985454,-0.17622611774926927,-2.456927945029426,True,-0.0531076964026116,-1.1265900529184816,False,0.08603999992887003,1.399380329501161,False,0.07857073414805293,1.651314136832975,False,-0.04001288560883075,-0.9132594407131163,False,-0.025530198502369095,-0.3782407678831376,False,0.05281424787707915,1.2108486086181605,False,-0.04767913716035407,-0.9693911234915841,False,0.045770246327658776,1.1089905753734783,False
Kanungu,0.471645966355928,0.08805934512897444,-0.1856940141595229,-2.3837036598552452,True,-0.022169299048655257,-0.4416454022805994,False,0.046254177731008664,0.6975914075854397,False,0.05482913104295035,1.0836448779165375,False,-0.04845438595738252,-1.0691752556345149,False,-0.056389503016393755,-0.7648596663030929,False,0.025749454831979043,0.5634626867167838,False,-0.02313007656971168,-0.45300199358141985,False,0.039624652762642015,0.9518508108451048,False
Kapchorwa,0.4726334341521203,0.004585494532749339,0.030739714249163524,0.3809758108537919,False,-0.051882187002234424,-0.9506468327034692,False,-0.013230958448206431,-0.2695519158266177,False,0.06969698366386767,1.3194525096999414,False,-0.0640974260729753,-1.2821416766730898,False,-0.07352279205224715,-1.4605118149250986,False,-0.02239936277209183,-0.6238765859659172,False,0.2071591698041003,3.1327049178918105,True,-0.5675481670116141,-4.316829942060763,True
Kapelebyong,0.36131259644198577,0.0033675571980132206,-0.0030633038952412317,-0.04081625621886999,False,-0.03788334155281173,-0.7193954056493008,False,-0.00927907197995572,-0.1818819319278011,False,0.08442528561779428,1.396927725946042,False,-0.04801080121967319,-0.8763817173918799,False,-0.0374328627571008,-0.7635933234881443,False,-0.027025616946535495,-0.6794847561036589,False,0.1359549211540337,1.9893130799697483,True,-0.519685706414428,-3.9631737712553616,True
Karenga,0.26887359725048504,0.4005561527881347,-0.051185703916532474,-0.9000779996891085,False,-0.01734086761455892,-0.38321656121973097,False,-0.001084548391115027,-0.020728269273338328,False,0.06030648361202256,1.240368057576195,False,-0.030651110170053657,-0.6172718257644527,False,-0.0016712787208770317,-0.03802791425530221,False,-0.02163685273764015,-0.4647331594244721,False,0.05812796331685359,0.8668204839795014,False,0.6133516543657689,1.4271621662664173,False
Kasese,0.4454589246748994,0.1397911821481457,-0.17196952370812696,-2.306059046198114,True,-0.038959865757616396,-0.8141525879467539,False,0.09358515589249233,1.4203803830812165,False,0.07035194761750332,1.4240419855078164,False,-0.03485245119090005,-0.7445194113210891,False,-0.012794255797535334,-0.18111062399295488,False,0.046917845425053915,1.0004698576297102,False,-0.0521944263049812,-0.9870547405090576,False,0.042471790104256356,1.0144064744435561,False
Kassanda,0.5135677764780503,0.05159527545942276,-0.18087881416773816,-2.0353039948358798,True,-0.13212803200785495,-2.0902114865075827,True,-0.01522907530045664,-0.253438316911005,False,0.08245800269762091,1.5645813872154852,False,-0.07191830449913252,-1.818490528657208,False,-0.13001180833319298,-1.8673905560310626,False,0.050120704486177475,1.2042186836346571,False,0.014921348557180136,0.32898244712013325,False,0.07401654053969978,1.4740256836216816,False
Katakwi,0.40763247041002615,0.05923905894207336,0.005795907000611014,0.07512757710939491,False,-0.047241661598439566,-0.8434111711202146,False,-0.007507102035143022,-0.1474218424249175,False,0.07048642623396917,1.1718957938642642,False,-0.06082046469690876,-1.1001679811374652,False,-0.050166064376470185,-1.0060730997676937,False,-0.027310303185239557,-0.711396222526984,False,0.17099202067229097,2.543501551928422,True,-0.3996890899680604,-1.1724896549922055,False
Kayunga,0.5171208343864929,-2.641617896391608,0.12543005980615723,1.367436505623299,False,-0.10197217094853253,-1.8767578750407665,False,-0.07004874428077755,-1.3028511043086957,False,0.09407446853673293,1.9415394718333323,False,-0.10557301428031377,-2.4037425631260576,True,-0.19634389759868892,-3.3660807036422997,True,-0.006431808218646619,-0.1850937802426173,False,0.18211477161919956,3.1494790782572846,True,-7.648995164451492,-1.3017864768497491,False
Kazo,0.49253286703950944,0.090513293587564,-0.19532372526600228,-2.598377465251513,True,-0.04460510213712738,-0.9237951747358182,False,0.045870013217862805,0.7459879808802834,False,0.06605350027490081,1.3717988457855488,False,-0.052776783945566695,-1.2485107330067757,False,-0.06433992874112918,-0.921248142807686,False,0.0403221866018868,0.9601616705019868,False,-0.02794990064581908,-0.5880003656110979,False,0.04585682213851932,1.1169077074499918,False
Kibaale,0.46956342298810416,0.16584541893194507,-0.16385641136288964,-2.280370205907746,True,-0.10722970796083156,-2.095619570530176,True,0.11825474618423298,1.9619609782717502,True,0.11248623173365353,2.334360107255817,True,-0.0272156196621137,-0.6116753185094151,False,-0.008097974854794854,-0.1274943242408375,False,0.08652928620118985,2.0150248901947005,True,-0.061502740557502156,-1.2585273369875059,False,0.05952426147258916,1.3912669192402742,False
Kiboga,0.4979583887851687,0.1468226791911454,-0.06773782580804835,-0.7377272541371285,False,-0.13827456130985005,-1.8271062012293375,False,0.005647009342183262,0.09569600406483969,False,0.11345162531526429,2.081275680198686,True,-0.06695884412536263,-1.630220505529139,False,-0.1267995111206807,-1.7528884807231981,False,0.06303076580528189,1.4404969379807142,False,0.047833903992618554,0.9981639077553724,False,0.11768081525368561,1.7526993524243064,False
Kibuku,0.5041622534977864,0.12288582027057568,0.06500916721489841,0.7841352903297435,False,-0.061299319570991564,-1.1584751577993442,False,-0.03266508591517722,-0.6756815534844012,False,0.08173160261160484,1.6567287203907537,False,-0.07724389702625303,-1.6607472127951566,False,-0.110957248265829,-2.165006508332854,True,-0.01966918256549313,-0.5790753971018918,False,0.2034741419726295,3.227622784972528,True,-0.29192195008066046,-4.00331494709949,True
Kikuube,0.43714857158006853,0.22893719237473664,-0.14065701213032256,-2.34895434999958,True,-0.12628552623436687,-2.3954777685327886,True,0.19356403181204318,3.089609255835372,True,0.12178233443532935,2.570056591714029,True,-0.02021245135447875,-0.4028442229017396,False,0.027868657086952256,0.4871134563058485,False,0.10661239538809503,2.313766628417157,True,-0.08315675259749812,-1.6635497780760629,False,0.06913701915133422,1.503954354478522,False
Kiruhura,0.5115153526852957,0.044001961784903156,-0.2110218135955489,-2.7584538387327355,True,-0.031125607576546886,-0.6283516017957259,False,0.006444395848484441,0.10599869335782165,False,0.05130554794848849,1.0605839462721016,False,-0.06715274465141853,-1.637631248919929,False,-0.1024408189515025,-1.436607167599338,False,0.023650339335027845,0.580778642817162,False,-0.004020533828659217,-0.08803556422105828,False,0.04511247713387071,1.1007789906279228,False
Kiryandongo,0.38771037357933963,0.2897180022621355,-0.045521061864600317,-0.8356139776262831,False,-0.03647657995590149,-0.4941685081136244,False,0.09384740030798785,1.324083476421019,False,0.11281882535315238,2.294304389687147,True,-0.07308908199411963,-1.3731779652757095,False,-0.006599687883333906,-0.13367086978485748,False,0.049749801920188956,0.9131984842818198,False,-0.016624821624925165,-0.32033032562320646,False,0.1969882766826519,1.877306291446109,False
Kisoro,0.47875293083688053,0.06923135995684257,-0.192357987618756,-2.4174680794145624,True,-0.016709290950952374,-0.32525157353617945,False,0.03139449116256974,0.4685450938112642,False,0.04926063405967173,0.9618266875568013,False,-0.052834246489590043,-1.1682608348711978,False,-0.07193798118092383,-0.9571474181320802,False,0.01946162163178863,0.42778258649164175,False,-0.01364874343227171,-0.2688758155166545,False,0.03990523163885902,0.9566387593964105,False
Kitagwenda,0.4698761028618143,0.11680683220280902,-0.18315885639167664,-2.4459982684177004,True,-0.03910239631955136,-0.812768552030204,False,0.07131350845182775,1.1162792159809065,False,0.06777182773538866,1.3881178212560281,False,-0.04266599646761762,-0.9568959098880866,False,-0.037417016954984825,-0.5305095150973442,False,0.04257711144487854,0.9545966361294974,False,-0.04058583152745521,-0.8045840249755357,False,0.04362827561011581,1.0527004149360955,False
Kitgum,0.2899228639779679,0.06228817489310573,-0.05879075343538939,-1.0663451449896162,False,-0.011753453970382351,-0.25576852218278023,False,0.0008201578831768877,0.015870962211813527,False,0.06734764072523111,1.4094900464974423,False,-0.0353115490865215,-0.7252116529202897,False,0.002942490146106121,0.06851978428846224,False,-0.01901095481965801,-0.38860250162548515,False,0.026945268822680446,0.41921289060675926,False,-0.28192746687278775,-3.1964360855939478,True
Koboko,0.3477312075152956,0.28705523292441737,-0.10932354558022651,-1.8995997880805984,False,-0.03693332778040085,-0.572246737938913,False,0.14170379447432074,1.6918666059823304,False,0.038720843446998374,0.6582717225267184,False,-0.026549746790200023,-0.4300023764087009,False,0.00967070781259832,0.18053654232915042,False,0.07007826358381872,0.8927748906275094,False,-0.08782286681550752,-1.497716084602674,False,0.1516132927548416,1.6980674242643614,False
Kole,0.3054462923024537,0.061914441904220824,-0.030171136445825166,-0.4274806434313987,False,-0.006037030609883434,-0.10273631395168185,False,0.005698905158939525,0.08864041483738452,False,0.12323530524177737,2.1984639091037605,True,-0.04410003099229633,-0.8104406494163982,False,-0.012530883453804383,-0.2574725434863076,False,-0.031030445533403637,-0.5192706246246174,False,0.016672148477588418,0.24421739838664414,False,-0.35280802631134306,-1.4384085678050993,False
Kotido,0.2851636570560413,0.26103953756363113,-0.02813678281912036,-0.42498749001926484,False,-0.028112118928501788,-0.6018533562426234,False,-0.0026983380967997503,-0.05191715577210618,False,0.06745498246381436,1.2744523746487615,False,-0.03330838179046469,-0.645318888773673,False,-0.017292735668685662,-0.3672214298001034,False,-0.026794116509285437,-0.6227385154525029,False,0.10836030224581938,1.5713587443281622,False,0.20964178543908385,0.30717060121079,False
Kumi,0.4640561948641933,0.036123367491832224,0.02900321667448619,0.36808873323517416,False,-0.054679427401341726,-1.0075049831533267,False,-0.01513229580323916,-0.3098703273237487,False,0.07373441792367873,1.3781674474230998,False,-0.0711193853900681,-1.4004028738282257,False,-0.07371585456976151,-1.479687022491793,False,-0.024269963427048933,-0.6779216915370212,False,0.18772490084415036,2.8889884634262026,True,-0.4876030710765602,-5.403244246769983,True
Kwania,0.3722267473632708,0.22056818193284883,0.01341463263777298,0.17055583876802616,False,-0.01192416886748874,-0.1799033413310814,False,-0.023861596556105924,-0.3674207124320572,False,0.16357555123525974,2.608479298398007,True,-0.05186419479224172,-0.9203972248506282,False,-0.036052885357968634,-0.7027898904499587,False,-0.012575372730107273,-0.25016890983433615,False,0.052768299033435315,0.7982447278415857,False,-0.002284705870186046,-0.05979473203974047,False
Kween,0.46222043805375507,0.15078719323512807,0.0244635905385248,0.3022173963081229,False,-0.05098411789108656,-0.9232626585309306,False,-0.009912429601191125,-0.1991979697870443,False,0.06553059996674,1.2052269315058861,False,-0.06229348337991064,-1.2103020631724979,False,-0.06740005286347661,-1.333707026783012,False,-0.023416231349383344,-0.6406933197559727,False,0.20953613969715687,3.1181942874085555,True,-0.17875973493809047,-2.94615469244944,True
Kyankwanzi,0.4609800911813113,0.21321488665635682,-0.06039619953570332,-0.7876163902005903,False,-0.14193156279498864,-2.212166335154498,True,0.11269720881168396,1.8473075705779687,False,0.15277074169053567,2.7955523437404817,True,-0.025008610190029985,-0.517696762017094,False,-0.034770139167517686,-0.5181324564767992,False,0.10856669442701827,2.3422696257203497,True,-0.008547746111079377,-0.17057767770014887,False,0.1201637037369572,1.8488328245534376,False
Kyegegwa,0.4842865256577338,0.1226123244655355,-0.1874437788149774,-2.502922653649241,True,-0.07402461839627321,-1.5156785983458925,False,0.0747285872026294,1.2179645687205651,False,0.08512931659187935,1.7695488627440217,False,-0.04239222567920435,-0.9877990534465945,False,-0.04221113077327583,-0.6253420129365066,False,0.062293117456255875,1.4822100982801734,False,-0.045691515209615285,-0.9508447733427351,False,0.05220122273457253,1.259175909408247,False
Kyenjojo,0.4555630695726534,0.16940588776280185,-0.1699173603177642,-2.3995434654317256,True,-0.07427258543035561,-1.5583044486520337,False,0.12344791667672772,1.963355254832823,True,0.09308546173640093,1.945345356557433,False,-0.029742373747095152,-0.6422985684370548,False,0.0009239830212077194,0.014042766586182084,False,0.07229613768077223,1.6147722592260547,False,-0.06799606511129433,-1.3370844757120337,False,0.05181914386164725,1.2337558200646659,False
Kyotera,0.5544648577682663,-0.06026291240515361,-0.261736661703545,-3.279985754814678,True,-0.018516075023665667,-0.3500154818262,False,-0.06645841068101829,-1.152555308130128,False,0.02170700472888859,0.4466829775106541,False,-0.09506104770159254,-2.436126507676829,True,-0.19859913114732403,-2.732939099867197,True,-0.00475252013962545,-0.12442482636743686,False,0.04440000125831418,1.0383999981167136,False,0.057135590594207294,1.3537255896084206,False
Lamwo,0.2905495407979233,0.09618630222824302,-0.07445275969235217,-1.3248070556833036,False,0.004636904375402935,0.0849270241929282,False,0.02235724288620838,0.3789809145034119,False,0.058665356126459706,1.1548380635565698,False,-0.03519474239695508,-0.668047857289089,False,0.008930920329785777,0.201244456134706,False,-0.010466966971381157,-0.16264414684533487,False,-0.02596748775750736,-0.3937139195901433,False,-0.21566524593100064,-2.3087311088742757,True
Lira,0.3104775810285182,0.41765867396415773,-0.020587874386182127,-0.28447661550608305,False,-0.020566477831612386,-0.4292126002056975,False,-0.006643405251613457,-0.11885192051568037,False,0.11740027361529702,2.0766780694734077,True,-0.03890117855821958,-0.7292784644874652,False,-0.019025597891964646,-0.398154702906209,False,-0.03133692120171984,-0.6183097834664242,False,0.046683364651505105,0.6753397349579053,False,0.6024801213021285,2.9295462615175265,True
Luuka,0.5294915695786219,0.21626766240554463,0.11580707825327223,1.29644130138105,False,-0.08029635454516112,-1.5565139899503628,False,-0.06763152518484192,-1.304485922336988,False,0.08523516335532537,1.7801789777925243,False,-0.09693043506431882,-2.1897939585009776,True,-0.18114442907441136,-3.178578719669149,True,-0.015545150442399281,-0.4729343229065236,False,0.2073146371097758,3.5076935842518355,True,-0.10806409195199876,-1.2588292107759314,False
Luwero,0.5214223800963708,0.2682960254195282,0.0682576670532613,0.7559642395766959,False,-0.1349487031486765,-1.7103040461434822,False,-0.06757844725569681,-1.2964420440262119,False,0.08450649536227817,1.7058599439695425,False,-0.10795160203315454,-2.5876710521339192,True,-0.22909744766690343,-3.6225676563981146,True,0.008922079004292975,0.23478298907000916,False,0.15108274693186138,2.910478492987341,True,0.20739781155424136,2.351425342603595,True
Lwengo,0.5368318764777951,-0.018224102240914836,-0.24557376591188562,-3.110311042807384,True,-0.031449708948361695,-0.616107284193654,False,-0.04190277969792204,-0.7007618107893161,False,0.034455302200750486,0.7089523371842043,False,-0.08547854469653755,-2.146903658730626,True,-0.1599652829087289,-2.2273550463941505,True,0.011347286868083888,0.290889325902154,False,0.02095113606028985,0.4792121645428049,False,0.052754681974181844,1.2703385020410818,False
Lyantonde,0.52123291271969,0.02610046971496076,-0.22176018780441395,-2.8813837072178807,True,-0.037884922759913536,-0.7649044254654825,False,-0.010152189841754339,-0.16988591227877645,False,0.048705173757171615,1.0128804954701445,False,-0.07424409787403359,-1.8510645977680942,False,-0.12064318483168252,-1.7100397856245992,False,0.023006464142857477,0.5810681221408012,False,0.0027058865931556195,0.0609308509221685,False,0.04788658776316133,1.167946170909835,False
Madi Okollo,0.3620424645283459,0.2915543157189847,-0.10756575809676161,-1.9553601484552259,False,-0.06588830809721763,-0.9729639608114292,False,0.17007941617957748,2.053568077779418,True,0.05268973068567065,0.94873469615183,False,-0.033629442897589595,-0.5804908791735227,False,0.00399357895561156,0.07685092505188691,False,0.08350497504446125,1.2060430716331094,False,-0.07754776075282929,-1.4094287481555137,False,0.16493681026385099,1.8675315935919505,False
Manafwa,0.508591161658799,0.11261598844470798,0.06124994541179944,0.7249404504274302,False,-0.055426561712885736,-1.0346428282356115,False,-0.027689660847021944,-0.5692080511652391,False,0.07914836824963098,1.585619642378388,False,-0.06669625610019798,-1.435241155573187,False,-0.10511338309820883,-2.0386958825724943,True,-0.018294278402238906,-0.5299776491073562,False,0.22002113496387132,3.406811503974523,True,-0.3013250687395129,-0.9683847300640385,False
Maracha,0.35557672334877943,0.2864439151733162,-0.11626933557240976,-2.0301903307740594,True,-0.06187476791480768,-0.9332128216830172,False,0.17255280087975175,2.036639130272894,True,0.042667264765287725,0.7387880188024785,False,-0.024320038951652488,-0.39795925706528285,False,0.007580181451895731,0.141408601062406,False,0.08264636153364852,1.1057583746691029,False,-0.08905040182571058,-1.5598522204154193,False,0.1422134636107188,1.6968451153137114,False
Masaka,0.5581909662664933,-0.08065904100474247,-0.27831441252087114,-3.3213940177600794,True,-0.039151627997409774,-0.7139237661241871,False,-0.0858042129603603,-1.47631184522759,False,0.014968794878480705,0.2990643757140327,False,-0.10212020427893095,-2.605809850441395,True,-0.22355442312633955,-3.072404738334705,True,-0.005790153690096908,-0.14935676989297686,False,0.05034070954132806,1.1768293602079347,False,0.06517749306455926,1.4940189277912201,False
Masindi,0.4077273667730874,0.28169610977067716,-0.057930254661726986,-1.044877882522527,False,-0.08821583096114591,-1.3279985111701005,False,0.14687594517142827,2.096787544421691,True,0.12011805267254448,2.4324300907397753,True,-0.058000091162864434,-1.0660435971331155,False,-0.011135443846514291,-0.20127216451600588,False,0.09598181665341604,1.7924569388483242,False,-0.03157914501396257,-0.6293058901513746,False,0.17944430214052626,2.054464292498058,True
Mayuge,0.5612455548508942,0.1880025252293795,0.039946670868531584,0.44926256972249373,False,-0.06823105999351615,-1.3219119289466277,False,-0.084883240193326,-1.5703621912600638,False,0.05536110152721743,1.1113576752934538,False,-0.11163987670769904,-2.507957012546275,True,-0.25883536029549326,-3.8273018516002164,True,-0.020499979696047627,-0.6174490659908269,False,0.1818004295338116,3.607579352539154,True,0.07690131483989511,1.0213885635504278,False
Mbale,0.5014191807848889,-0.05059145434361757,0.05277291899039799,0.645485441127341,False,-0.054652902009056537,-1.027370122222524,False,-0.025533525870395382,-0.5330703486799053,False,0.07967149902472034,1.6090145007109227,False,-0.06851471923010152,-1.4807274450536452,False,-0.09724880013236367,-1.9235037056827917,False,-0.018985145287516467,-0.5518536543490371,False,0.20805222298943885,3.276051470700048,True,-0.7268106653236339,-0.6026500866526145,False
Mbarara,0.498152959979035,0.058774209002563416,-0.20578550296085557,-2.6475100473439683,True,-0.025632241492445182,-0.5115099919886816,False,0.021640834238470866,0.3404032813857133,False,0.05157182766289291,1.0443945984023617,False,-0.05926678883913837,-1.3842631172625368,False,-0.08749306036946154,-1.1980054629420147,False,0.024857335098279927,0.5836972366099835,False,-0.012223086244756112,-0.2543536948886408,False,0.044120266083789675,1.0688660815130986,False
Mitooma,0.4775653876512064,0.08544261247773802,-0.18944589115181976,-2.442433237328271,True,-0.024318947791935275,-0.4871096861660863,False,0.04399474268330651,0.6727213326099897,False,0.055626122992826474,1.1097147516780779,False,-0.05001882060538565,-1.1206256913878452,False,-0.06055501339879385,-0.8266937023868735,False,0.02724892588256151,0.6070917116732114,False,-0.022815913892390544,-0.4533597203857333,False,0.04083615428193306,0.9836278549881696,False
Mityana,0.5308945267083606,0.011783021645134228,-0.18298682811984118,-1.8828448740359953,False,-0.16384049997498712,-2.007136880556209,True,-0.07936080973879686,-1.3385733938362208,False,0.04716817777146041,0.8574868364651063,False,-0.0991858056185768,-2.5049408139601397,True,-0.22487856698996034,-3.047978678076884,True,0.020658299462640042,0.4878439229657362,False,0.06290508692897905,1.37680958706106,False,0.10677727091480567,1.7743415343256141,False
Moroto,0.34708591839725195,0.10958044550433194,-0.009619372498788997,-0.12844389597210426,False,-0.03748672995868504,-0.7102408964686661,False,-0.0022085346773515514,-0.042441123754193136,False,0.06485782189434806,1.093530854973373,False,-0.04452685165137213,-0.8069861641300404,False,-0.03165477803014793,-0.6364017038896452,False,-0.025885983940938287,-0.6405653819874269,False,0.164708644970243,2.390416291767456,True,-0.2400216380147217,-3.6376815098569724,True
Moyo,0.3227726562480392,0.1385161338310673,-0.09488773481953289,-1.6479194106536375,False,0.0087966612799203,0.13717267805493966,False,0.08111285909902607,1.0216741268680627,False,0.04061669976248647,0.7020931447026686,False,-0.03823480425176858,-0.6393503739834614,False,0.00733568835512661,0.14266900633737092,False,0.0286580597128347,0.36134153602048796,False,-0.0800481447494493,-1.2790491671983184,False,-0.2146934310399829,-1.529712738116556,False
Mpigi,0.5524079101339909,-0.07968079066580161,-0.2585964220063099,-2.65005612285909,True,-0.15730350536790796,-1.8159424746912212,False,-0.11997194797523719,-2.0385113914810646,True,0.008250564054577705,0.1499289086502298,False,-0.11286833223489928,-2.8155269101969553,True,-0.28190144276518886,-3.7197905361166987,True,-0.006844882235998176,-0.16562730539792017,False,0.07615665182942498,1.6966495232000725,False,0.10539381687490748,1.8793243958660122,False
Mubende,0.501157547310809,0.08923758143986027,-0.1881252858000219,-2.3806102933766486,True,-0.09949490711136282,-1.8788183901805666,False,0.036725203007309,0.6172859415287689,False,0.08933461183974506,1.8177225134173194,False,-0.0546242584781686,-1.3507040780548751,False,-0.07275214538565442,-1.0898536271396497,False,0.060387183990343075,1.49129148948321,False,-0.02338364274436963,-0.5139510391446499,False,0.05548848996706135,1.3048160069042767,False
Mukono,0.5516950042108371,0.12430307366106214,-0.041672027356013795,-0.4616721520710033,False,-0.11403662149269275,-1.8231339090670033,False,-0.09705901383798438,-1.8486087892219754,False,0.031357575468492854,0.6184880535990018,False,-0.12278167029061499,-2.844718123853817,True,-0.3130625823416287,-4.366417420199191,True,-0.013935618889648515,-0.3961436293925921,False,0.14828933529773383,3.1600821302020132,True,0.14374308128889834,2.0052608794641418,True
Nabilatuk,0.4016128306854435,1.2825988746638015,0.0018942272929413778,0.024163614268307824,False,-0.04657072060069154,-0.8218258336552677,False,-0.0034341583158641158,-0.06645690124511988,False,0.06108447916051462,1.0016584965701836,False,-0.0577692722563426,-1.0278940652330781,False,-0.046354466442682346,-0.9193695061314157,False,-0.02720478150669365,-0.6985449070243273,False,0.18728109591725467,2.740131244553363,True,2.8236009291309374,2.4910866087910253,True
Nakapiripirit,0.43398346347162503,0.4312498351603213,0.011209234112426816,0.142288805541408,False,-0.04850471137514601,-0.8700311860631346,False,-0.005532727850838526,-0.1096749899634693,False,0.0630645799874163,1.0996412917303542,False,-0.06077105758013837,-1.1328537698776189,False,-0.05434824634881526,-1.0815931931844762,False,-0.0251959780228291,-0.6704815534310864,False,0.1967853358584549,2.9323353418582374,True,0.570458588626197,1.7503242814288311,False
Nakaseke,0.4868252694636437,0.26773758672436837,0.04309553872883269,0.45820081495538406,False,-0.09388511069461757,-1.054293094799516,False,0.009950031156674269,0.17320048706717991,False,0.1255670290681728,2.2696328276829054,True,-0.07560057770987662,-1.6520447270361227,False,-0.13522547913653415,-1.9030052027764421,False,0.058322848240401695,1.297464814070717,False,0.08642498702246759,1.671196412442458,False,0.18112380923607269,2.1100745672428056,True
Nakasongola,0.4638541667004293,0.33655118981815635,0.08809400087219765,0.9991434822181195,False,-0.04037889530523342,-0.42815405895278846,False,-0.0057195147500437304,-0.09591488340317475,False,0.14933706658526857,2.5047003774810155,True,-0.07337115010023748,-1.2834375440482182,False,-0.0999787266401484,-1.6724135286383122,False,0.03429301392819388,0.7201833020818892,False,0.10067938835394352,1.7706678203163464,False,0.2086120573155322,1.9556139718835241,False
Namayingo,0.5623324413790884,0.17813110457285006,0.03719023778436252,0.426867387742972,False,-0.061955821918112865,-1.2052705294003967,False,-0.08280796923572517,-1.5470322360130202,False,0.05728607705970483,1.1473730176402313,False,-0.11049523016677615,-2.4933210288502528,True,-0.24633363947030648,-3.6707844335678415,True,-0.021561849935669,-0.6481216864965846,False,0.17813960289764738,3.5359497917464555,True,0.04346128442319051,0.6019507523370539,False
Namisindwa,0.5069965631452924,0.0345578122785222,0.05792911309751758,0.6887184560139387,False,-0.05407486217027434,-1.0083403149229142,False,-0.02598607668800488,-0.5349858523243379,False,0.07868013848400587,1.5736225597320752,False,-0.06506293839641297,-1.3987614940976079,False,-0.10139866092866058,-1.9736977838152974,True,-0.018261742521195553,-0.527261945275267,False,0.21997609519384764,3.4002874874990856,True,-0.5025641233249257,-0.9769286281693303,False
Namutumba,0.5195292121441474,-0.9396221572147787,0.08427495956362857,1.0055060881759819,False,-0.06513450535731516,-1.254586546426996,False,-0.045912354102852354,-0.9489903540011227,False,0.08628045404851105,1.798701960753461,False,-0.08272555792199186,-1.8645981508232172,False,-0.1355146591339007,-2.584900009426701,True,-0.01710122111143037,-0.5154754681559314,False,0.20459896370494296,3.383364853772224,True,-3.1093769593344667,-0.9032531644280518,False
Napak,0.35391811101198195,0.17301106778845224,-0.006358305911730196,-0.08342635018605032,False,-0.039106961473266505,-0.723297692426306,False,-0.004218432704580107,-0.08125328901414282,False,0.06926173429286382,1.132792930300841,False,-0.046540174368859974,-0.8322772848106087,False,-0.03536503467303169,-0.7096575202055977,False,-0.026922268748810707,-0.669212473354483,False,0.15989183935509202,2.3065001527132503,True,-0.07472895754127644,-2.628962864798517,True
Nebbi,0.3762456960877639,0.28986609539752,-0.11775614315070715,-2.1583684038805053,True,-0.09928529225683902,-1.4943118521552359,False,0.20797290009589686,2.561765503236185,True,0.06519177744232454,1.2381013657276638,False,-0.032770806604824114,-0.5899138707443571,False,0.0015419535428006954,0.029218597045039464,False,0.10269827605170113,1.63568089338918,False,-0.08295918285848194,-1.558541229211463,False,0.14909438039589934,1.8947417426684323,False
Ngora,0.464090382173862,0.28597089918037066,0.031595683206086536,0.40687323314376944,False,-0.05554883997720078,-1.0369643144685754,False,-0.017909155078889023,-0.37000929716073505,False,0.07950102250567191,1.4967021251612072,False,-0.07423002120492861,-1.472362985403534,False,-0.07582279336554759,-1.5334223414335313,False,-0.023935673966797952,-0.6749067155879678,False,0.17670890527686553,2.7666591667724565,True,0.16639551863537205,1.9544937044426611,False
Ntoroko,0.4319119291298586,0.21224228079428298,-0.1480012563268358,-2.3901754048096615,True,-0.08094704326681475,-1.741005751872584,False,0.16966039164496677,2.68505984499875,True,0.09737114163881423,2.10721965841637,True,-0.02579745934800307,-0.5314608784589531,False,0.036322675597527734,0.5964039454763915,False,0.07790406779719598,1.6772848817740107,False,-0.08174969388225432,-1.6099709773096205,False,0.0505984395367545,1.1946011451737366,False
Ntungamo,0.4946335092274403,0.052846091894708,-0.20318214652600725,-2.573439762364711,True,-0.0178786552708515,-0.34888418092573165,False,0.017978748034518037,0.27649921173813463,False,0.04743227747324531,0.9422685700151825,False,-0.059174310330226354,-1.3561472590202772,False,-0.08920087816650113,-1.1969824116756056,False,0.018517980821060584,0.4245654165500625,False,-0.0071140395011330265,-0.14561266014495775,False,0.042270345881565675,1.018853104555396,False
Nwoya,0.35192971361181774,0.29589246648215217,-0.08369757372902994,-1.5740046267587327,False,-0.03182293315859741,-0.43914585082106716,False,0.12007252129304047,1.5044514988326416,False,0.0709099178447237,1.314837998129933,False,-0.055842287306673066,-1.0078859427449827,False,0.0023698615841685772,0.04762228045766353,False,0.051978930091174054,0.7917978294817889,False,-0.05941299256523208,-1.0691832403355173,False,0.1946145298951003,1.845186810323811,False
Obongi,0.3362262819935778,0.2927864249317008,-0.09644197848406286,-1.7111176131768404,False,-0.007484664928614791,-0.1163600789494606,False,0.10163588132475122,1.2657900680356657,False,0.04310181436217893,0.7455283157453717,False,-0.038329511935434254,-0.6429098251859449,False,0.007823641185818124,0.15078324762709075,False,0.045621138643933405,0.5903531541614196,False,-0.07854324528613423,-1.315766512828947,False,0.17995378177448967,1.7168921141675968,False
Omoro,0.30669956690043604,-0.051780462300470786,-0.06793965255255885,-1.2065378911565532,False,0.012617370067676055,0.19868801620062435,False,0.04715123461221179,0.6725089589872066,False,0.07836675745808491,1.5078407484036775,False,-0.05406059866807992,-1.0036237670476555,False,0.002931721471110432,0.06360611783048414,False,-0.013030883538231737,-0.19240694659443944,False,-0.0370167932106268,-0.5900270979580418,False,-0.6752725851977617,-3.7939163946806516,True
Otuke,0.3126967814608961,0.11575136872728209,-0.018479234062169884,-0.26190593389737604,False,-0.029038054665519432,-0.63291849191146,False,-0.0070100556603815214,-0.1372470779215144,False,0.09145227246002996,1.6616035844066068,False,-0.03761241382699968,-0.7240501712797957,False,-0.0229585741677708,-0.486464961745728,False,-0.02935047866165033,-0.6820734918992285,False,0.08750604062322201,1.2726489492631299,False,-0.18559626518349584,-0.5867126680825341,False
Oyam,0.3144400195661325,0.10386910582429289,-0.053593685665969115,-0.89458042505528,False,0.009980906716435506,0.13927937877826221,False,0.04405632330242731,0.594329582999588,False,0.10266166396059412,1.9267152936264864,False,-0.060936715716882146,-1.106699535823383,False,-0.0027079350725169055,-0.056482917444024464,False,-0.015920843644005672,-0.24184294566224646,False,-0.025255706931737468,-0.4025127394963508,False,-0.28168364943738067,-3.64914562166567,True
Pader,0.28863157331003264,0.05937084007685324,-0.061536361320694066,-1.0824153722627772,False,-0.0032640539183905956,-0.06424089658392806,False,0.01236621427340126,0.22104353164295193,False,0.07596979800057468,1.5406897704527192,False,-0.038186835420485066,-0.7523196475936337,False,0.003203181529856042,0.0728919395244978,False,-0.022785658069164445,-0.38815078636083067,False,-0.0013001903384274385,-0.019861484125729453,False,-0.30927589490031604,-3.5688851162468773,True
Pakwach,0.37127891276450137,0.2948965050742558,-0.10470388466368372,-1.9481101128853184,False,-0.08029586568291894,-1.1670528071194655,False,0.1810484931861288,2.223070297591022,True,0.06522265845500191,1.2266278713204635,False,-0.039788872512765604,-0.7192425297908539,False,0.0008211875571246599,0.01595442412316518,False,0.09120704337408667,1.4230401040410383,False,-0.07283446041844586,-1.36569831157502,False,0.17744325935085808,1.9888469033600062,True
Pallisa,0.4905987894223914,0.12220315457000004,0.05483260569922482,0.6771876167834713,False,-0.0615563090258613,-1.1614438362334363,False,-0.028532594638312675,-0.5906043616300354,False,0.08170381134630883,1.6232162149297424,False,-0.07963755999504626,-1.6605563029159085,False,-0.10024858743289285,-1.9827029543543129,True,-0.021663836967269576,-0.6315957272638106,False,0.19034668404251517,3.011945829248229,True,-0.2900279106323148,-4.3352497016795155,True
Rakai,0.53647297419495,-0.01881772021027585,-0.24172898918179453,-3.0825978845322615,True,-0.019560965342942785,-0.37829196393488573,False,-0.03829032226419367,-0.6365947816454745,False,0.03291076174120191,0.6768778563689144,False,-0.08339533134474982,-2.0789627157120294,True,-0.15737306699289327,-2.159584863382441,True,0.006772690814452864,0.1722504408982386,False,0.023720934078819422,0.5371411876469172,False,0.050916703818722334,1.2275002929016223,False
Rubanda,0.4825795302576192,0.06294798329186112,-0.1970706440580003,-2.4628649352997334,True,-0.01595604214598591,-0.30919201945338526,False,0.02693042545699148,0.4015972731811806,False,0.04781956271061011,0.9339699797115811,False,-0.05432979467030159,-1.2064765007873894,False,-0.07818943739391092,-1.035455889034657,False,0.018801112146006892,0.4163387810204135,False,-0.011695958752996824,-0.23118205830090593,False,0.0409465008097816,0.9813058159626168,False
Rubirizi,0.46328640943178906,0.11153728280291678,-0.1814804044008049,-2.3788199835437926,True,-0.030855913684948513,-0.6315652744020563,False,0.06696781451946007,1.0205344177305995,False,0.06248716192733244,1.2554739875911334,False,-0.042452930468224896,-0.9321906210973848,False,-0.0383208579779452,-0.5314665533572214,False,0.036270715188185504,0.7918606905537124,False,-0.03701815021887951,-0.7174030545497175,False,0.0413660635487468,0.9936151015628181,False
Rukiga,0.49248472517823605,0.05233048591937295,-0.2011158188665565,-2.53414856930871,True,-0.01583089850205502,-0.3067291561080856,False,0.017756432473822553,0.2709302836620974,False,0.0465159742210802,0.9172854324879034,False,-0.058771554718531904,-1.3364321205127176,False,-0.08836352538795839,-1.178783404868287,False,0.016674608705727994,0.3784815325564651,False,-0.005818439446223428,-0.11834537230778538,False,0.041456162398156325,0.9974044319847005,False
Rukungiri,0.47504107828573816,0.08679968095693866,-0.18743766633677142,-2.414778320057313,True,-0.023370529195095916,-0.46718388737465266,False,0.045080451206796116,0.6858896898754783,False,0.05536206989535928,1.100383786417212,False,-0.049359230206125995,-1.0991021475734444,False,-0.058484096668248525,-0.7967977445646628,False,0.026520172614609157,0.5863101907655796,False,-0.02287851830777137,-0.4521050070504761,False,0.04019796104858578,0.9672988994168626,False
Rwampara,0.49892354013728685,0.049983442476752196,-0.20733645956466765,-2.639861185054814,True,-0.02019415883057258,-0.39667156193916614,False,0.015488644999589102,0.24072585134021185,False,0.04777775530151501,0.9577865913592231,False,-0.06067698011054205,-1.4069533616026737,False,-0.09337724104548675,-1.2608957049093743,False,0.020096504611915783,0.46800915681637567,False,-0.007139585571156626,-0.14777626176766656,False,0.04356231109231272,1.0523011290443838,False
Serere,0.461013445443714,-0.12475249898367419,0.04452145165217117,0.5594177934189604,False,-0.06149704575718714,-1.138464939622139,False,-0.027050517134622337,-0.5391022635708004,False,0.08981528481247744,1.62557775801629,False,-0.0822469553468249,-1.556374116039427,False,-0.08744979653501785,-1.7307116365434434,False,-0.024543464149568886,-0.6837630023347158,False,0.16130208077260372,2.517647122105206,True,-0.938833014461177,-2.9564669896541216,True
Sheema,0.4895146431616875,0.06996929368483587,-0.1976932997008734,-2.543141352986641,True,-0.02402935956828795,-0.47923998274923046,False,0.030902724087189956,0.4801609838995566,False,0.053105719579696786,1.0667572487237051,False,-0.05535408815595917,-1.2700950916421578,False,-0.07568865991024507,-1.0336851643338074,False,0.024971592187175602,0.572399593537227,False,-0.01594400417683252,-0.3253911193654621,False,0.04222201746587263,1.020441331015667,False
Sironko,0.4897026608013269,0.11992030401584841,0.04180593216049219,0.520355103515908,False,-0.05254930742337818,-0.9824802981811729,False,-0.01971422679366877,-0.4108705176223741,False,0.0768129494164996,1.525416145157086,False,-0.06617093309595538,-1.3992657621428413,False,-0.08473681205052006,-1.69141156481665,False,-0.02008574818998201,-0.5759787303745216,False,0.2045573729648424,3.1929035774248797,True,-0.2693338699853771,-4.009550519586232,True
Soroti,0.4241229653743628,0.017985631354048008,0.016294008720855832,0.2137258179598711,False,-0.0492821950940394,-0.9010344799383271,False,-0.01535943917849493,-0.30749452332368066,False,0.08590162945949513,1.4695449970520984,False,-0.06711530803125344,-1.2398966308911734,False,-0.05926992997028614,-1.2012889088390486,False,-0.02610101122945573,-0.6982672626506136,False,0.1528048686563112,2.3321606282643805,True,-0.5202378666953393,-1.977219282973944,True
Ssembabule,0.5225220185843146,0.024719414165556744,-0.22549980623250016,-2.8865650373956893,True,-0.05181797432055868,-1.0397621022686614,False,-0.014202462539109395,-0.23787126712368836,False,0.05141323033988226,1.0638898422557714,False,-0.07591532965347073,-1.902087316022265,False,-0.12483938532827808,-1.7895012991207564,False,0.0280374905288991,0.7128704089757891,False,0.0012903860212847493,0.02926981640493744,False,0.0505470941101971,1.2263356661554468,False
Tororo,0.5212011847494427,0.20391756998465158,0.07640587881547885,0.8946456319951681,False,-0.05883976523473301,-1.1119843569411472,False,-0.038189990213393525,-0.7842659438009136,False,0.08304369044952584,1.6916768172102858,False,-0.07240757215850906,-1.6063789223724179,False,-0.12528162865217957,-2.384369538335754,True,-0.017082036905630822,-0.5044816976304395,False,0.21913764200268565,3.502651544955605,True,-0.07337645421962816,-1.1576648736874176,False
Wakiso,0.5521036044449851,-0.01079930731023706,-0.17174229030462823,-1.770757132597763,False,-0.18433010418765702,-1.7834862056407275,False,-0.12267736524817942,-2.195205252031629,True,0.005780871286029901,0.10493928012161631,False,-0.12188603664967605,-2.865998954326104,True,-0.3348206828163061,-4.2660217887149035,True,-0.011880176264245854,-0.3012354843571222,False,0.11724348226369052,2.5459452094881976,True,0.14593755598799085,2.1572892986113725,True
Yumbe,0.3412798163185123,0.2983435420586063,-0.10223642591181248,-1.7922969991181699,False,-0.018561589283758853,-0.28890391459424525,False,0.11708605501706314,1.4234593936935926,False,0.039682332799873266,0.6765129792774895,False,-0.032259728430496536,-0.5299655360287792,False,0.00891349920810635,0.1683760191325115,False,0.05753336404269592,0.7277282336340938,False,-0.08383834941014896,-1.4121058085234526,False,0.18811197788438624,1.7907796837483327,False
Zombo,0.37747277744163116,0.28159748884099867,-0.1309150503216224,-2.3341593846787845,True,-0.10699794265748074,-1.6675388947048562,False,0.22468056790482496,2.770180076479455,True,0.061898193823963985,1.1692843558648303,False,-0.025127617064946005,-0.4422951614794342,False,0.00690240638987789,0.12896651892809846,False,0.1047154429375887,1.6841672446290532,False,-0.09280336961531549,-1.7286483127472545,False,0.1128218011913629,1.7297209780078069,False
