title,primary_theme,confidence
"Uganda Secondary Education Expansion Project Report of the Auditor General, 2024",Power Transmission,0.09090909090909091
"Uganda Secondary Education Expansion Project Report of the Auditor General, 2023",Power Transmission,0.09090909090909091
"DANIDA DFID project under Uganda Programme for Governance, Rights, Accountability and Democracy (UPGRADE) at the Inspectorate of Government Report of the Auditor General, 2023",Unclassified (non-infrastructure),0.0
"Energy for Rural Transformation Project Phase III- Under the Rural Electrification Programme (ERT III- REP), Report of the Auditor General, 2023",Rural Energy,0.7777777777777778
"Energy for Rural Transformation Project- Phase III (ERT III-PCU) Report of the Auditor General, 2023",Rural Energy,0.5555555555555556
"Grid Expansion and Reinforcement Project (GERP) Report of the Auditor General, 2023",Power Transmission,0.18181818181818182
"Kampala Institutional and Infrastructure Development Project II Report of the Auditor General, 2022",Unclassified (non-infrastructure),0.0
"National Water and Sewerage Corporation Kampala Water Lake Victoria Water and Sanitation (KW LV WATSAN I) Report of the Auditor General, 2022",Water & Environment,0.36363636363636365
"National Water and Sewerage Corporation Kampala Water Lake Victoria Water and Sanitation (KW LV WATSAN II) Report of the Auditor General, 2022",Water & Environment,0.36363636363636365
"Water Supply and Sanitation in Refugee Hosting Communities in Northern Uganda funded by (KFW) project implemented by MoWE Report of the Auditor General, 2022",Water & Environment,0.2727272727272727
"Water Supply and Sanitation Programme II (WSSP II) implemented by MoWE Report of the Auditor General, 2022",Water & Environment,0.2727272727272727
"Energy for Rural Transformation Phase III Project (ERT III) implemented by UECCCL Report of the Auditor General, 2022",Rural Energy,0.5555555555555556
"Energy for Rural Transformation Project III (ERT III) Rural Electrification Programme Report of the Auditor General, 2022",Rural Energy,0.7777777777777778
"Energy for Rural Transformation PSFU Component Report of the Auditor General, 2022",Rural Energy,0.3333333333333333
"Grid Expansion and Reinforcement Project (GERP) Report of the Auditor General, 2022",Power Transmission,0.18181818181818182
"South Western Cluster Water and Sanitation Project Implemented by National Water and Sewerage Corporation Report of the Auditor General, 2022",Water & Environment,0.2727272727272727
"Fuel Marking and Quality Monitoring Program Implemented Ministry of Energy and Mineral Development Report of the Auditor General, 2022",Rural Energy,0.1111111111111111
"Regional Communication Infrastructure Program (RCIP) Report of the Auditor General, 2022",Communications,0.42857142857142855
"Upgrading of Rwenkunye Apac Lira Acholibur Road Project (UG Loan No 1030) implemented by Uganda National Roads Authority Report of the Auditor General, 2022",Roads & Transport,0.2727272727272727
"Readying Uganda for Actualization of National Infrastructure Corridors and Physical Development Plan Operationalization Project by Implemented by Ministry of Lands, Housing and Urban Development Report of the Auditor General, 2022",Municipal Infrastructure,0.25
"Muyembe-Nakapiripirit Road Project (IDB Loan No 1029) Implemented by Uganda National Roads Authority (UNRA) Report of the Auditor General, 2022",Roads & Transport,0.36363636363636365
"German Refugee Response Fund (GRRF) Project Education Infrastructure Enhancement for South Sudanese Refugees and Host Communities in Bidibidi Project Report of the Auditor General, 2022",Unclassified (non-infrastructure),0.0
"Uganda Support to Municipal Infrastructure Development Additional Financing (USMID-AFII) Report of the Auditor General, 2021",Municipal Infrastructure,0.125
"Kapchorwa Suam Kitale and Eldoret Bypass Roads Project (Uganda) Report of the Auditor General, 2021",Roads & Transport,0.09090909090909091
"Multinational: Uganda/ Rwanda; Busega-Mpigi and Kagitumba-Kayonza-Rusumo Roads Project (ID No: P-ZI-DB0-105; LOAN No.2100150035493) Implemented by UNRA Report of the Auditor General, 2021",Roads & Transport,0.18181818181818182
"Multinational Lake Victoria Maritime Communications and Transport Project ADF LOAN: 2100150036246 Report of the Auditor General, 2021",Water & Environment,0.09090909090909091
"Integrated Water Management and Development Project (IWMDP) Report of the Auditor General, 2021",Water & Environment,0.09090909090909091
"Uganda National Redd - Plus Support Project implemented by Ministry of Water and Environment Report of the Auditor General, 2021",Water & Environment,0.36363636363636365
"Multinational Lakes Edward and Albert Integrated Fisheries and Water Resources Management (LEAF II) Project Report of the Auditor General, 2021",Water & Environment,0.09090909090909091
"Northern Uganda Resilience Initiative Project implemented by Ministry of Water and Environment Report of the Auditor General, 2021",Water & Environment,0.36363636363636365
"Support to Preparation of Irrigation Investments in Uganda implemented by Ministry of Water and Environment Report of the Auditor General, 2021",Water & Environment,0.36363636363636365
"Third National Communication (TNC) under the United Nations Framework Convention on Climate Change Implemented by Ministry of Water and Environment Report of the Auditor General, 2021",Water & Environment,0.36363636363636365
"Water Supply and Sanitation in Refugee Hosting Communities in Northern Uganda funded by (KFW) project implemented by Ministry of Water and Environment Report of the Auditor General, 2021",Water & Environment,0.5454545454545454
"Capacity Building for Socially Just and Sustainable Energy Transition in East Africa CASJET Project implemented by Makerere university Report of the Auditor General, 2021",Rural Energy,0.1111111111111111
"Inspectorate of Government - Danida Project (Upgrade) Report of the Auditor General, 2020",Unclassified (non-infrastructure),0.0
"Water Supply and Sanitation Programme Phase II (WSSP II) implemented by Ministry of Water and Environment Report of the Auditor General, 2020",Water & Environment,0.5454545454545454
"Water Supply and Sanitation on Refugee Hosting Communities in Northern Uganda funded by (KFW) Project Report of the Auditor General, 2020",Water & Environment,0.2727272727272727
"Water Management and Development Project implemented by NWSC Report of the Auditor General, 2020",Water & Environment,0.18181818181818182
"Uganda Support to Municipal Infrastructure Development- Additional Funding II (USMID- AF-II) Report of the Auditor General, 2020",Municipal Infrastructure,0.125
"Uganda National REDD - Plus Support Project implemented by Ministry of Water and Environment Report of the Auditor General, 2020",Water & Environment,0.36363636363636365
"Uganda Clean Cooking Supply Chain Expansion Project implemented by PSFU Report of the Auditor General, 2020",Power Transmission,0.09090909090909091
"The Northern Uganda Resilience Initiative Project implemented by Ministry of Water and Environment Report of the Auditor General, 2020",Water & Environment,0.36363636363636365
"Support to Irrigation Investments in Uganda Grant - TF0A9023 implemented by Ministry of Water and Environment Report of the Auditor General, 2020",Water & Environment,0.36363636363636365
"Strategic Town Water Supply and Sanitation Project implemented by Ministry of Water and Environment Report of the Auditor General, 2020",Water & Environment,0.5454545454545454
"North Eastern Road - Corridor Asset Management Project (NERAMP) Report of the Auditor General, 2020",Unclassified (non-infrastructure),0.0
"National Water and Sewerage Corporation - Kampala Water Lake Victoria Water and Sanitation (KW-LV WATSAN II) Project Report of the Auditor General, 2020",Water & Environment,0.36363636363636365
"National Water and Sewerage Corporation- Kampala Water Lake Victoria Water and Sanitation (KW-LV WATSAN I) Project Report of the Auditor General, 2020",Water & Environment,0.36363636363636365
"Multinational Lake Victoria Maritime Communications and Transport (MLVMCT) Project Report of the Auditor General, 2020",Water & Environment,0.09090909090909091
"Mbarara-Nkenda and Tororo-Lira Transmission Lines Project Report of the Auditor General, 2020",Power Transmission,0.2727272727272727
"Kapchorwa Suam Kitale and Eldoret Bypass Road Project implemented by Uganda National Roads Authority Report of the Auditor General, 2020",Roads & Transport,0.2727272727272727
"Integrated Water Management and Development Project (IWMDP) implemented by Ministry of Water and Environment Report of the Auditor General, 2020",Water & Environment,0.36363636363636365
"Hoima- Nkenda Transmission Line and Associated Substations Project Report of the Auditor General, 2020",Power Transmission,0.2727272727272727
"Hoima - Kinyara - Kafu Transmission Line Project Report of the Auditor General, 2020",Power Transmission,0.2727272727272727
"Grid Expansion and Reinforcement Project - UETCL Report of the Auditor General, 2020",Power Transmission,0.36363636363636365
"Enhancing Resilience of Communities to Climate Change implemented by Ministry of Water and Environment Report of the Auditor General, 2020",Water & Environment,0.36363636363636365
"Energy for Rural Transformation III project implemented by the Rural Electrification Agency Report of the Auditor General, 2020",Rural Energy,0.5555555555555556
"Energy for Rural Transformation Project - Phase III under the Project Coordination Unit Report of the Auditor General, 2020",Rural Energy,0.3333333333333333
"Energy for Rural Transformation Project - III under Private Sector Foundation Uganda (ERT III-PSFU) Report of the Auditor General, 2020",Rural Energy,0.5555555555555556
"Electricity Sector Development Project Kawanda - Masaka Transmission Line by UETCL Report of the Auditor General, 2020",Power Transmission,0.45454545454545453
"Albertine Region Sustainable Development Project (ARSDP) Component 2 implemented by Ministry of Lands, Housing and Urban Development Report of the Auditor General, 2020",Municipal Infrastructure,0.25
"Uganda Sanitation Fund Project Report of the Auditor General, 2019",Water & Environment,0.09090909090909091
"Urban Markets and Marketing Development of Agricultural Products Project BADEA Loan No. 650 Report of the Auditor General, 2019",Municipal Infrastructure,0.375
"Multinational Lake Victoria Maritime Communications and Transport (MLVMCT) Project Report of the Auditor General, 2019",Water & Environment,0.09090909090909091
"Masaka – Bukakata Road Project Report of the Auditor General, 2019",Roads & Transport,0.09090909090909091
"Kapchorwa Suam Kitale and Eldoret Bypass Roads Project implemented by Uganda National Roads Authority Report of the Auditor General, 2019",Roads & Transport,0.18181818181818182
"IDB III-Grid Rural Electrification Project Report of the Auditor General, 2019",Rural Energy,0.3333333333333333
"Grid Expansion and Reinforcement Project - UETCL Report of the Auditor General, 2019",Power Transmission,0.36363636363636365
"Electricity Sector Development Project Kawanda - Masaka Transmission Line by UETCL Report of the Auditor General, 2019",Power Transmission,0.45454545454545453
"Biennial Update Report (BUR) Implemented by Ministry of Water and Environment Report of the Auditor General, 2019",Water & Environment,0.36363636363636365
"Community Agricultural Infrastructure Improvement Program - (CAIIP-3-ADB) Report of the Auditor General, 2018",Agricultural Infrastructure,0.14285714285714285
"Regional Communications Infrastructure Program (RCIP) Report of the Auditor General, 2018",Communications,0.42857142857142855
"Opuyo - Moroto 132KV Transmission Line Project - (UETCL) Report of the Auditor General, 2018",Power Transmission,0.45454545454545453
