project,title,url,source
Kampala-Entebbe Expressway,Driver survives Valentine's day crash on Kampala—Enteb - NewVision.co.ug,https://news.google.com/rss/articles/CBMipwFBVV95cUxQZEYzQ0loYldCOTd0QXZaV29VdktKUmtGLUdRaW9aeU41ZXdwM0RCTlVWdUQ4dzNlQ01NeHA1TzVPSXEzeG5CMDJvNFltanI4eTZYamhzOGJjQTRVY1lqOFlFYmZMT3dEcHEzRGt4QnZrSC1xN2JnSGs4OEhBM2NOWEQxMmVndlFETEYzOVdpNU10VjBmbWJTUTcxX3F1cDFQZ2NFLXltQQ?oc=5,Google News
Kampala-Entebbe Expressway,FACT-CHECK: Viral Photo Claiming to Show Crack on Kampala-Entebbe Expressway Is FALSE - Nilepost News,https://news.google.com/rss/articles/CBMiuwFBVV95cUxPc0RuUk1iUm90QnU0NGJENEtPdExHdmF4YXNTdEJIZV8tRWhxdUtPbkNMVWd4VHZVeldxblZTeTNhb1c1Z0lnTnNrUmc5bTdtaUlsa0s4U1M3NjQ0X1VodGZ2YnA3dTh4S1UyWktKb18xTjFiT1lHMUU0TjZaT0UtempabTY5b2hxclRqb3oydkg5M2NnbFhqbElYN09iZ3BWa1JMRTA2MXVKRkFFRzhKV2w1enhzY1lQcUJZ?oc=5,Google News
Kampala-Entebbe Expressway,Unanswered questions about new Auto EPS - Daily Monitor,https://news.google.com/rss/articles/CBMimgFBVV95cUxNVkljblZyc3NESlY4RjJKNUYwRlpSX0dJakR2cU16aHZ0MkxiQmpGNjRQUWlMaFFWMklubzNyZTVlbDJXSnRqcHFPRTgzZ1RvYVlUdTkxNXJuZzFmQ2FleWYzelRabV9xalN1dWZUemtQZ2V5elhzT2pPQWo2Rlh1N2xlNE9TTTRMdXROSEpRekRILUZlYURJdXNR?oc=5,Google News
Karuma Hydropower Dam,Karuma dam pushes UEGCL revenue gains up by 40 per cent - Daily Monitor,https://news.google.com/rss/articles/CBMirwFBVV95cUxQNEp3V3hMOVBDbG5SbjZ2ZERsaG80TVhfY2g1WExYR3ZmeXBnVENBbnh0MnhoaXVmeVM4YmZFUzkxdjF4V1NkaTFNR2I0MVJfMkpEaUxrMXg3aUx3QXcxdkF6TktiTE1SMTQ0QVdaWDNCR1MtMnFOakQyVTlMOS1kd3BiaTYtSmtsRWUyOFlpSHVSMWpoUUJkUXZNdFhYWjVuajl3M0Y5cUlyT21jOHNr?oc=5,Google News
Karuma Hydropower Dam,UEGCL struggles with Karuma dam costs as profit drops - The Independent Uganda,https://news.google.com/rss/articles/CBMijAFBVV95cUxPaWZadXR5TTlKWW5KOWk1TnZ6S0FMeTZxbmhDUGd3b1FTWW9OcXVNUnhKaHBFcEtmODN4THFFVndPVGNvSEZRTG5CVGdSaFpUN0NES2ZqUU81Q2M4cHRpeUMyMzN2VEc2TnBqaU4yUW1mak9wQ1BCMjhNOUlTcGNtYW9iOGZIRHNwazFVNQ?oc=5,Google News
Karuma Hydropower Dam,Auditor General warns Karuma power plant may struggle to repay UGX 5.3 trillion loan - NTV Uganda,https://news.google.com/rss/articles/CBMivgFBVV95cUxON0V3ekZHUVlNU3dkbmFGM1p0TWRBWEU3RDhFS0pNTTVKT3ZBX1NTU2xyUWFEMkJmbmJ2SXN4cHlWdnBTSXduLVFjeFRRQ0RXaTBQOEFRN3dYX0J0LWd0VE1RU3EwMjhtSktMTmpmNjAxa1Qyd3E1cG00WklzLUw5T0pzZnphUE5HcFVWeGFGR0lGYTlKYk1va1lzZXI5WGsyWnpPbjBLU0RvS2l6TnRpUGR4RmpsaGZON1VUMTBR?oc=5,Google News
Isimba Hydropower Dam,‘Shoddy’ Shs 2 trillion Isimba dam could be washed away soon – experts - Uganda Observer,https://news.google.com/rss/articles/CBMijgFBVV95cUxNaG1ZZFlQUGowcTBEWVNCdXhrU3A4enNoNmZZV0ljeGxkWE9ESTdUWHE1akhTQno0dEI3em5temxBZXVhOUl3TzFpWm11dU5kY2JzTWd6SDlMNmJyWWhvTU00bk9KSWp6NnNDX0dJeXQxaVlKZ285M2MzQXJrdEtWUGZaeW5lTlYwQ3NpSEhn?oc=5,Google News
Isimba Hydropower Dam,Uganda: Why Isimba Dam Is Worrying Electricity Generation Company Ltd's CEO - allAfrica.com,https://news.google.com/rss/articles/CBMiW0FVX3lxTE1xbVdraEFnUUJfczBpZjV4ZnlTVlgzMWtfaHBCcDdLVmRZdmlMNGJqcGNHc2hhcC1tM3R4WThHc0dJOGNRb0pVRU5STmJPZWt0SVFTWGZvekRNX1U?oc=5,Google News
Isimba Hydropower Dam,UEGCL struggles with Karuma dam costs as profit drops - The Independent Uganda,https://news.google.com/rss/articles/CBMijAFBVV95cUxPaWZadXR5TTlKWW5KOWk1TnZ6S0FMeTZxbmhDUGd3b1FTWW9OcXVNUnhKaHBFcEtmODN4THFFVndPVGNvSEZRTG5CVGdSaFpUN0NES2ZqUU81Q2M4cHRpeUMyMzN2VEc2TnBqaU4yUW1mak9wQ1BCMjhNOUlTcGNtYW9iOGZIRHNwazFVNQ?oc=5,Google News
Malaba-Kampala SGR,Uganda Secures Financing for Standard Gauge Railway Project - Nilepost News,https://news.google.com/rss/articles/CBMimgFBVV95cUxQYzNUcTF1RHRiYXBvVWhSbnRTNVRPd3RyaE9PSm90VndJWXFNZDFOeGJPd2xUdEU3LTNZWjJDM21vR0ZrZ1JBZVd4V2FaQnJ1VDVQZHRwY1VrSFdBNWNENEZicHBzRERQQnBpSG5NSE9yUzBDczByWjdFRHY2UDdfSnN4TEJ6QkdtbTNtaHh1QjlXaTVVRlRYOUt3?oc=5,Google News
Malaba-Kampala SGR,Uganda to Begin Construction of Standard Gauge Railway in April 2026 - SoftPower News,https://news.google.com/rss/articles/CBMilAFBVV95cUxNa3I0dzBwaVAyeURyN0I1UVF4MnBLdzRUYy1vdTB0S0ZHcWNWSzBud0NHQmtCR25HZXNtSlhKM2FVUDFlNWR0Q05qbklQVDA2ekw5YWpJdTV3Qnd5Z3djbFp3Ynh4X2RhN2dJdzhpeXVXYzY5OHNUSVp1U0VPVGg2SjN5S01abEdxbW8wM3Z3ZnpRdjRV?oc=5,Google News
Malaba-Kampala SGR,"Uganda, Kenya to align SGR Railway standards - Uganda Observer",https://news.google.com/rss/articles/CBMifkFVX3lxTE9wa1VMaUNRMTRkNmRoTDVlZUE5cXlrWV9CQzdtZmNBck5OOHpuckhsZlllX05waE8xUGdLTVVSSlJFOVlrUW5hMzF2djlITG5GZlktUUlYOThoNEdsRWhlUnBTYUZEZzFPTjFHUGg5cDRrak40VUxoa1FHbG0zQQ?oc=5,Google News
Entebbe Airport Expansion,"Uganda’s Entebbe Airport Achieves Record Passenger, Cargo Growth - Aviation Week",https://news.google.com/rss/articles/CBMiuwFBVV95cUxNYUlvclBOWjk0ZGU3TkNjNkpvZVdxMVR6R09MZmFJQWpVR3ctT25mYjFvbjFpeWlFMWlXcGN0SXU5OHlmYzd2UlBkdjNVUGJ4OGNPck5CdWZjZ0x1ams5eTFyUG02MUM0UFJBdWo3bGVzZk9hQWZjUndEWk14T184Mk9iM3ZQTkswUmNtNGpObG85WDdZVWV2YXItNlRBN082ajJsUkJUSFdRcFNxUTh2TEM3TXpDSkNaX2pn?oc=5,Google News
Entebbe Airport Expansion,Uganda Advances More than Three Hundred Million USD With Their New Project of Entebbe International Airport Expansion to Boost its Capacity and Become,https://news.google.com/rss/articles/CBMiyAJBVV95cUxNUE1DODZlaFF2Sy1CQ1RfMzVjTHV4NG9yMlY5dHRNMlVEc3pyRGlyeVFOZkc5WXVKaXZBVE9TaGpfaDF6M0VKMHNKaElpUldqM1BLU2tZak9QMk9nRlBvaGpMdERUZlhrOTVIQ0FTUE1pRExUV1prbF9GYXVzeWJqTDBndDlnWDdSVVktRVU0VHpDMDQ2MEhLa1h4MWxKRUhrVzRqb01TMndpc3IwZmw3TGFJclhSamdoa0czbGtkNGt5cVBZYVZRUnk5RG52LXRfUU1wdk03YnpDVTFPUlBwMW5yUUxOcnRIMkhCN2QwVnAtazhjXzNiRDE1NUE1OGNvV1ZPbDV4Sk9saVlQc2c0UUpYSmFZQW9TRWtPY1Jyd1pmTmw5aWZsRHdwTi1pUnpTa3JURjhPME0tTldleUVfa2xSRWhRX2ZD?oc=5,Google News
Entebbe Airport Expansion,Uganda Accelerates Completion of Shs 1.2 Tn Entebbe Airport Expansion - Nilepost News,https://news.google.com/rss/articles/CBMiswFBVV95cUxPQUcwLVFOTTZBSVhoenBQc1pGc09NRzlLWFdGa3R6OV91TEZyc2VOY19rQ0lCUlJsSU50dUpFVWx3U09udnNPS3RHaXpjazRBaXBSWktCVHlMSWtRR3FmTWRBNlRhZHN1aUxxT25OLWJLUTJaWDBNZUpBZ3JoMU11ZklMTHdvVk5pdWJLN3hiSzRkdmF6clkxellRZkZnY0F0TmZwSlI0OVkwYVNzMHZlZ3h5dw?oc=5,Google News
Kampala-Entebbe Expressway,"Kampala Institutional and Infrastructure Development Project II Report of the Auditor General, 2022",https://www.oag.go.ug/reports/1436,OAG Audit
Kampala-Entebbe Expressway,"National Water and Sewerage Corporation Kampala Water Lake Victoria Water and Sanitation (KW LV WATSAN I) Report of the Auditor General, 2022",https://www.oag.go.ug/reports/1616,OAG Audit
Kampala-Entebbe Expressway,"National Water and Sewerage Corporation Kampala Water Lake Victoria Water and Sanitation (KW LV WATSAN II) Report of the Auditor General, 2022",https://www.oag.go.ug/reports/1617,OAG Audit
Kampala-Entebbe Expressway,"National Water and Sewerage Corporation - Kampala Water Lake Victoria Water and Sanitation (KW-LV WATSAN II) Project Report of the Auditor General, 2020",https://www.oag.go.ug/reports/1082,OAG Audit
Kampala-Entebbe Expressway,"National Water and Sewerage Corporation- Kampala Water Lake Victoria Water and Sanitation (KW-LV WATSAN I) Project Report of the Auditor General, 2020",https://www.oag.go.ug/reports/1083,OAG Audit
Malaba-Kampala SGR,"Uganda Secondary Education Expansion Project Report of the Auditor General, 2024",https://www.oag.go.ug/reports/2934,OAG Audit
Malaba-Kampala SGR,"Uganda Secondary Education Expansion Project Report of the Auditor General, 2023",https://www.oag.go.ug/reports/2412,OAG Audit
Malaba-Kampala SGR,"DANIDA DFID project under Uganda Programme for Governance, Rights, Accountability and Democracy (UPGRADE) at the Inspectorate of Government Report of the Auditor General, 2023",https://www.oag.go.ug/reports/2424,OAG Audit
Malaba-Kampala SGR,"Water Supply and Sanitation in Refugee Hosting Communities in Northern Uganda funded by (KFW) project implemented by MoWE Report of the Auditor General, 2022",https://www.oag.go.ug/reports/1620,OAG Audit
Malaba-Kampala SGR,"Upgrading of Rwenkunye Apac Lira Acholibur Road Project (UG Loan No 1030) implemented by Uganda National Roads Authority Report of the Auditor General, 2022",https://www.oag.go.ug/reports/1709,OAG Audit
Malaba-Kampala SGR,"Readying Uganda for Actualization of National Infrastructure Corridors and Physical Development Plan Operationalization Project by Implemented by Ministry of Lands, Housing and Urban Development Report of the Auditor General, 2022",https://www.oag.go.ug/reports/1727,OAG Audit
Malaba-Kampala SGR,"Muyembe-Nakapiripirit Road Project (IDB Loan No 1029) Implemented by Uganda National Roads Authority (UNRA) Report of the Auditor General, 2022",https://www.oag.go.ug/reports/1736,OAG Audit
Malaba-Kampala SGR,"Uganda Support to Municipal Infrastructure Development Additional Financing (USMID-AFII) Report of the Auditor General, 2021",https://www.oag.go.ug/reports/1023,OAG Audit
Malaba-Kampala SGR,"Kapchorwa Suam Kitale and Eldoret Bypass Roads Project (Uganda) Report of the Auditor General, 2021",https://www.oag.go.ug/reports/1103,OAG Audit
Malaba-Kampala SGR,"Multinational: Uganda/ Rwanda; Busega-Mpigi and Kagitumba-Kayonza-Rusumo Roads Project (ID No: P-ZI-DB0-105; LOAN No.2100150035493) Implemented by UNRA Report of the Auditor General, 2021",https://www.oag.go.ug/reports/1104,OAG Audit
Malaba-Kampala SGR,"Uganda National Redd - Plus Support Project implemented by Ministry of Water and Environment Report of the Auditor General, 2021",https://www.oag.go.ug/reports/1131,OAG Audit
Malaba-Kampala SGR,"Northern Uganda Resilience Initiative Project implemented by Ministry of Water and Environment Report of the Auditor General, 2021",https://www.oag.go.ug/reports/1133,OAG Audit
Malaba-Kampala SGR,"Support to Preparation of Irrigation Investments in Uganda implemented by Ministry of Water and Environment Report of the Auditor General, 2021",https://www.oag.go.ug/reports/1134,OAG Audit
Malaba-Kampala SGR,"Water Supply and Sanitation in Refugee Hosting Communities in Northern Uganda funded by (KFW) project implemented by Ministry of Water and Environment Report of the Auditor General, 2021",https://www.oag.go.ug/reports/1137,OAG Audit
Malaba-Kampala SGR,"Water Supply and Sanitation on Refugee Hosting Communities in Northern Uganda funded by (KFW) Project Report of the Auditor General, 2020",https://www.oag.go.ug/reports/1031,OAG Audit
Malaba-Kampala SGR,"Uganda Support to Municipal Infrastructure Development- Additional Funding II (USMID- AF-II) Report of the Auditor General, 2020",https://www.oag.go.ug/reports/1033,OAG Audit
Malaba-Kampala SGR,"Uganda National REDD - Plus Support Project implemented by Ministry of Water and Environment Report of the Auditor General, 2020",https://www.oag.go.ug/reports/1070,OAG Audit
Malaba-Kampala SGR,"Uganda Clean Cooking Supply Chain Expansion Project implemented by PSFU Report of the Auditor General, 2020",https://www.oag.go.ug/reports/1071,OAG Audit
Malaba-Kampala SGR,"The Northern Uganda Resilience Initiative Project implemented by Ministry of Water and Environment Report of the Auditor General, 2020",https://www.oag.go.ug/reports/1073,OAG Audit
Malaba-Kampala SGR,"Support to Irrigation Investments in Uganda Grant - TF0A9023 implemented by Ministry of Water and Environment Report of the Auditor General, 2020",https://www.oag.go.ug/reports/1074,OAG Audit
Malaba-Kampala SGR,"Kapchorwa Suam Kitale and Eldoret Bypass Road Project implemented by Uganda National Roads Authority Report of the Auditor General, 2020",https://www.oag.go.ug/reports/1096,OAG Audit
Malaba-Kampala SGR,"Energy for Rural Transformation Project - III under Private Sector Foundation Uganda (ERT III-PSFU) Report of the Auditor General, 2020",https://www.oag.go.ug/reports/1116,OAG Audit
Malaba-Kampala SGR,"Uganda Sanitation Fund Project Report of the Auditor General, 2019",https://www.oag.go.ug/reports/895,OAG Audit
Malaba-Kampala SGR,"Kapchorwa Suam Kitale and Eldoret Bypass Roads Project implemented by Uganda National Roads Authority Report of the Auditor General, 2019",https://www.oag.go.ug/reports/1094,OAG Audit
Kampala-Entebbe Expressway,"Uganda shines at 15th EAC Games Wednesday, 17 December 2025 The 15th East African Community (EAC) Inter-Parliamentary Games held in Kampala, ended on ",Parliament,Parliament
Kampala-Entebbe Expressway,"MPs demand stronger road safety policies Tuesday, 28 October 2025 Members of Parliament have urged government to review and strengthen road safety pol",Parliament,Parliament
Kampala-Entebbe Expressway,"Planning authority advises on Kampala City infrastructure overhaul Wednesday, 3 September 2025 The physical plan of Kampala City can be improved, the ",Parliament,Parliament
Karuma Hydropower Dam,"LOP calls out Government on detention of Clergy Wednesday, 17 December 2025 The Leader of the Opposition, Hon. Joel Ssenyonyi, has criticised governme",Parliament,Parliament
Karuma Hydropower Dam,"'Improve welfare of ferry operators' Tuesday, 11 March 2025 The welfare of ferry operators took centre stage in Parliament as MPs raised concerns over",Parliament,Parliament
Karuma Hydropower Dam,"Isimba Dam defects: Spillway tests to be conducted in China Wednesday, 5 March 2025 The spillway defects at Isimba Dam will be subjected to a Physical",Parliament,Parliament
Isimba Hydropower Dam,"LOP calls out Government on detention of Clergy Wednesday, 17 December 2025 The Leader of the Opposition, Hon. Joel Ssenyonyi, has criticised governme",Parliament,Parliament
Isimba Hydropower Dam,"Isimba Dam defects: Spillway tests to be conducted in China Wednesday, 5 March 2025 The spillway defects at Isimba Dam will be subjected to a Physical",Parliament,Parliament
Malaba-Kampala SGR,"Govt presents NBFP focusing on full monetisation of economy Wednesday, 17 December 2025 Government has tabled the National Budget Framework Paper (NBF",Parliament,Parliament
Malaba-Kampala SGR,"Uganda shines at 15th EAC Games Wednesday, 17 December 2025 The 15th East African Community (EAC) Inter-Parliamentary Games held in Kampala, ended on ",Parliament,Parliament
Malaba-Kampala SGR,"Parliament Approves Shs 313.2Billion Pre-Financing for Kayunga–Galiraya Road Upgrade Wednesday, 17 December 2025 Parliament has approved a Shs313.2 bi",Parliament,Parliament
Entebbe Airport Expansion,"African Leaders meet in Uganda to Push Back Against Foreign Influence on Family Friday, 9 May 2025 Top political leaders, parliamentarians and faith-b",Parliament,Parliament
Entebbe Airport Expansion,"MPs push for continuous medical training to curb antibiotic misuse Tuesday, 25 March 2025 Legislators on the Parliamentary Forum on Antimicrobial Resi",Parliament,Parliament
