district,year,n_projects
Abim,2017,0
Abim,2018,0
Abim,2019,0
Abim,2020,0
Abim,2021,0
Abim,2022,0
Abim,2023,0
Abim,2024,0
Abim,2025,0
Adjumani,2017,0
Adjumani,2018,0
Adjumani,2019,0
Adjumani,2020,0
Adjumani,2021,0
Adjumani,2022,0
Adjumani,2023,2
Adjumani,2024,0
Adjumani,2025,0
Agago,2017,0
Agago,2018,0
Agago,2019,0
Agago,2020,0
Agago,2021,0
Agago,2022,1
Agago,2023,1
Agago,2024,0
Agago,2025,0
Alebtong,2017,0
Alebtong,2018,0
Alebtong,2019,0
Alebtong,2020,0
Alebtong,2021,0
Alebtong,2022,0
Alebtong,2023,0
Alebtong,2024,0
Alebtong,2025,0
Amolatar,2017,0
Amolatar,2018,1
Amolatar,2019,0
Amolatar,2020,0
Amolatar,2021,0
Amolatar,2022,0
Amolatar,2023,0
Amolatar,2024,0
Amolatar,2025,0
Amudat,2017,0
Amudat,2018,0
Amudat,2019,0
Amudat,2020,0
Amudat,2021,0
Amudat,2022,0
Amudat,2023,0
Amudat,2024,0
Amudat,2025,0
Amuria,2017,0
Amuria,2018,1
Amuria,2019,0
Amuria,2020,0
Amuria,2021,0
Amuria,2022,1
Amuria,2023,0
Amuria,2024,0
Amuria,2025,0
Amuru,2017,0
Amuru,2018,1
Amuru,2019,2
Amuru,2020,0
Amuru,2021,1
Amuru,2022,0
Amuru,2023,0
Amuru,2024,0
Amuru,2025,0
Apac,2017,0
Apac,2018,0
Apac,2019,0
Apac,2020,0
Apac,2021,0
Apac,2022,0
Apac,2023,0
Apac,2024,0
Apac,2025,0
Arua,2017,0
Arua,2018,0
Arua,2019,0
Arua,2020,0
Arua,2021,0
Arua,2022,0
Arua,2023,1
Arua,2024,0
Arua,2025,0
Budaka,2017,0
Budaka,2018,0
Budaka,2019,0
Budaka,2020,0
Budaka,2021,0
Budaka,2022,0
Budaka,2023,0
Budaka,2024,0
Budaka,2025,0
Bududa,2017,0
Bududa,2018,0
Bududa,2019,0
Bududa,2020,0
Bududa,2021,0
Bududa,2022,0
Bududa,2023,0
Bududa,2024,0
Bududa,2025,0
Bugiri,2017,0
Bugiri,2018,0
Bugiri,2019,0
Bugiri,2020,0
Bugiri,2021,0
Bugiri,2022,0
Bugiri,2023,1
Bugiri,2024,0
Bugiri,2025,0
Bugweri,2017,0
Bugweri,2018,0
Bugweri,2019,0
Bugweri,2020,0
Bugweri,2021,0
Bugweri,2022,0
Bugweri,2023,0
Bugweri,2024,0
Bugweri,2025,0
Buhweju,2017,0
Buhweju,2018,0
Buhweju,2019,0
Buhweju,2020,0
Buhweju,2021,0
Buhweju,2022,0
Buhweju,2023,0
Buhweju,2024,0
Buhweju,2025,0
Buikwe,2017,0
Buikwe,2018,3
Buikwe,2019,0
Buikwe,2020,0
Buikwe,2021,0
Buikwe,2022,1
Buikwe,2023,0
Buikwe,2024,0
Buikwe,2025,1
Bukedea,2017,0
Bukedea,2018,0
Bukedea,2019,0
Bukedea,2020,0
Bukedea,2021,0
Bukedea,2022,0
Bukedea,2023,0
Bukedea,2024,0
Bukedea,2025,0
Bukomansimbi,2017,0
Bukomansimbi,2018,0
Bukomansimbi,2019,0
Bukomansimbi,2020,0
Bukomansimbi,2021,0
Bukomansimbi,2022,0
Bukomansimbi,2023,0
Bukomansimbi,2024,0
Bukomansimbi,2025,0
Bukwo,2017,0
Bukwo,2018,0
Bukwo,2019,0
Bukwo,2020,0
Bukwo,2021,0
Bukwo,2022,0
Bukwo,2023,1
Bukwo,2024,0
Bukwo,2025,0
Bulambuli,2017,0
Bulambuli,2018,0
Bulambuli,2019,1
Bulambuli,2020,0
Bulambuli,2021,0
Bulambuli,2022,0
Bulambuli,2023,0
Bulambuli,2024,0
Bulambuli,2025,0
Buliisa,2017,0
Buliisa,2018,0
Buliisa,2019,0
Buliisa,2020,0
Buliisa,2021,0
Buliisa,2022,0
Buliisa,2023,0
Buliisa,2024,0
Buliisa,2025,0
Bundibugyo,2017,0
Bundibugyo,2018,0
Bundibugyo,2019,0
Bundibugyo,2020,0
Bundibugyo,2021,0
Bundibugyo,2022,0
Bundibugyo,2023,0
Bundibugyo,2024,0
Bundibugyo,2025,0
Bunyangabu,2017,0
Bunyangabu,2018,0
Bunyangabu,2019,0
Bunyangabu,2020,0
Bunyangabu,2021,0
Bunyangabu,2022,0
Bunyangabu,2023,0
Bunyangabu,2024,0
Bunyangabu,2025,0
Bushenyi,2017,0
Bushenyi,2018,0
Bushenyi,2019,0
Bushenyi,2020,0
Bushenyi,2021,0
Bushenyi,2022,2
Bushenyi,2023,0
Bushenyi,2024,0
Bushenyi,2025,0
Busia,2017,0
Busia,2018,0
Busia,2019,0
Busia,2020,0
Busia,2021,1
Busia,2022,0
Busia,2023,0
Busia,2024,0
Busia,2025,0
Butaleja,2017,0
Butaleja,2018,0
Butaleja,2019,0
Butaleja,2020,0
Butaleja,2021,0
Butaleja,2022,0
Butaleja,2023,0
Butaleja,2024,0
Butaleja,2025,0
Butambala,2017,0
Butambala,2018,3
Butambala,2019,1
Butambala,2020,0
Butambala,2021,0
Butambala,2022,0
Butambala,2023,0
Butambala,2024,0
Butambala,2025,0
Butebo,2017,0
Butebo,2018,1
Butebo,2019,1
Butebo,2020,0
Butebo,2021,0
Butebo,2022,0
Butebo,2023,0
Butebo,2024,0
Butebo,2025,0
Buvuma,2017,0
Buvuma,2018,2
Buvuma,2019,0
Buvuma,2020,0
Buvuma,2021,0
Buvuma,2022,0
Buvuma,2023,1
Buvuma,2024,0
Buvuma,2025,0
Buyende,2017,0
Buyende,2018,0
Buyende,2019,0
Buyende,2020,0
Buyende,2021,0
Buyende,2022,0
Buyende,2023,0
Buyende,2024,0
Buyende,2025,0
Dokolo,2017,0
Dokolo,2018,0
Dokolo,2019,0
Dokolo,2020,0
Dokolo,2021,0
Dokolo,2022,0
Dokolo,2023,0
Dokolo,2024,0
Dokolo,2025,0
Gomba,2017,0
Gomba,2018,0
Gomba,2019,3
Gomba,2020,0
Gomba,2021,0
Gomba,2022,0
Gomba,2023,0
Gomba,2024,0
Gomba,2025,0
Gulu,2017,0
Gulu,2018,3
Gulu,2019,0
Gulu,2020,0
Gulu,2021,0
Gulu,2022,0
Gulu,2023,0
Gulu,2024,0
Gulu,2025,0
Hoima,2017,0
Hoima,2018,1
Hoima,2019,1
Hoima,2020,0
Hoima,2021,0
Hoima,2022,3
Hoima,2023,2
Hoima,2024,2
Hoima,2025,2
Ibanda,2017,0
Ibanda,2018,0
Ibanda,2019,0
Ibanda,2020,0
Ibanda,2021,0
Ibanda,2022,0
Ibanda,2023,0
Ibanda,2024,0
Ibanda,2025,0
Iganga,2017,0
Iganga,2018,0
Iganga,2019,0
Iganga,2020,0
Iganga,2021,0
Iganga,2022,0
Iganga,2023,1
Iganga,2024,0
Iganga,2025,0
Isingiro,2017,0
Isingiro,2018,1
Isingiro,2019,0
Isingiro,2020,0
Isingiro,2021,0
Isingiro,2022,0
Isingiro,2023,0
Isingiro,2024,0
Isingiro,2025,0
Jinja,2017,0
Jinja,2018,0
Jinja,2019,1
Jinja,2020,0
Jinja,2021,0
Jinja,2022,2
Jinja,2023,0
Jinja,2024,0
Jinja,2025,3
Kaabong,2017,0
Kaabong,2018,0
Kaabong,2019,1
Kaabong,2020,0
Kaabong,2021,0
Kaabong,2022,0
Kaabong,2023,1
Kaabong,2024,0
Kaabong,2025,0
Kabale,2017,0
Kabale,2018,0
Kabale,2019,3
Kabale,2020,0
Kabale,2021,0
Kabale,2022,0
Kabale,2023,0
Kabale,2024,1
Kabale,2025,2
Kabarole,2017,0
Kabarole,2018,1
Kabarole,2019,2
Kabarole,2020,0
Kabarole,2021,0
Kabarole,2022,0
Kabarole,2023,2
Kabarole,2024,0
Kabarole,2025,0
Kaberamaido,2017,0
Kaberamaido,2018,0
Kaberamaido,2019,0
Kaberamaido,2020,0
Kaberamaido,2021,0
Kaberamaido,2022,1
Kaberamaido,2023,0
Kaberamaido,2024,0
Kaberamaido,2025,0
Kagadi,2017,0
Kagadi,2018,0
Kagadi,2019,0
Kagadi,2020,0
Kagadi,2021,0
Kagadi,2022,0
Kagadi,2023,0
Kagadi,2024,0
Kagadi,2025,0
Kakumiro,2017,0
Kakumiro,2018,1
Kakumiro,2019,2
Kakumiro,2020,0
Kakumiro,2021,0
Kakumiro,2022,0
Kakumiro,2023,0
Kakumiro,2024,0
Kakumiro,2025,0
Kalaki,2017,0
Kalaki,2018,0
Kalaki,2019,1
Kalaki,2020,0
Kalaki,2021,0
Kalaki,2022,0
Kalaki,2023,0
Kalaki,2024,0
Kalaki,2025,0
Kalangala,2017,0
Kalangala,2018,0
Kalangala,2019,1
Kalangala,2020,0
Kalangala,2021,0
Kalangala,2022,0
Kalangala,2023,0
Kalangala,2024,0
Kalangala,2025,0
Kaliro,2017,0
Kaliro,2018,1
Kaliro,2019,1
Kaliro,2020,0
Kaliro,2021,0
Kaliro,2022,0
Kaliro,2023,0
Kaliro,2024,0
Kaliro,2025,0
Kalungu,2017,0
Kalungu,2018,0
Kalungu,2019,0
Kalungu,2020,0
Kalungu,2021,0
Kalungu,2022,0
Kalungu,2023,0
Kalungu,2024,0
Kalungu,2025,0
Kampala,2017,0
Kampala,2018,8
Kampala,2019,3
Kampala,2020,0
Kampala,2021,0
Kampala,2022,8
Kampala,2023,5
Kampala,2024,9
Kampala,2025,7
Kamuli,2017,0
Kamuli,2018,1
Kamuli,2019,1
Kamuli,2020,0
Kamuli,2021,0
Kamuli,2022,0
Kamuli,2023,0
Kamuli,2024,0
Kamuli,2025,0
Kamwenge,2017,0
Kamwenge,2018,0
Kamwenge,2019,0
Kamwenge,2020,0
Kamwenge,2021,0
Kamwenge,2022,0
Kamwenge,2023,1
Kamwenge,2024,0
Kamwenge,2025,0
Kanungu,2017,0
Kanungu,2018,0
Kanungu,2019,1
Kanungu,2020,0
Kanungu,2021,0
Kanungu,2022,1
Kanungu,2023,0
Kanungu,2024,0
Kanungu,2025,0
Kapchorwa,2017,0
Kapchorwa,2018,4
Kapchorwa,2019,0
Kapchorwa,2020,0
Kapchorwa,2021,0
Kapchorwa,2022,0
Kapchorwa,2023,1
Kapchorwa,2024,1
Kapchorwa,2025,0
Kapelebyong,2017,0
Kapelebyong,2018,0
Kapelebyong,2019,0
Kapelebyong,2020,0
Kapelebyong,2021,0
Kapelebyong,2022,0
Kapelebyong,2023,0
Kapelebyong,2024,0
Kapelebyong,2025,0
Karenga,2017,0
Karenga,2018,0
Karenga,2019,0
Karenga,2020,0
Karenga,2021,0
Karenga,2022,0
Karenga,2023,0
Karenga,2024,0
Karenga,2025,0
Kasese,2017,0
Kasese,2018,0
Kasese,2019,3
Kasese,2020,0
Kasese,2021,0
Kasese,2022,1
Kasese,2023,0
Kasese,2024,0
Kasese,2025,0
Kassanda,2017,0
Kassanda,2018,0
Kassanda,2019,0
Kassanda,2020,0
Kassanda,2021,0
Kassanda,2022,0
Kassanda,2023,0
Kassanda,2024,0
Kassanda,2025,0
Katakwi,2017,0
Katakwi,2018,0
Katakwi,2019,0
Katakwi,2020,0
Katakwi,2021,0
Katakwi,2022,0
Katakwi,2023,0
Katakwi,2024,0
Katakwi,2025,0
Kayunga,2017,0
Kayunga,2018,3
Kayunga,2019,2
Kayunga,2020,0
Kayunga,2021,0
Kayunga,2022,0
Kayunga,2023,2
Kayunga,2024,0
Kayunga,2025,2
Kazo,2017,0
Kazo,2018,1
Kazo,2019,1
Kazo,2020,0
Kazo,2021,0
Kazo,2022,1
Kazo,2023,0
Kazo,2024,0
Kazo,2025,0
Kibaale,2017,0
Kibaale,2018,0
Kibaale,2019,1
Kibaale,2020,0
Kibaale,2021,0
Kibaale,2022,0
Kibaale,2023,0
Kibaale,2024,0
Kibaale,2025,0
Kiboga,2017,0
Kiboga,2018,0
Kiboga,2019,0
Kiboga,2020,0
Kiboga,2021,0
Kiboga,2022,0
Kiboga,2023,1
Kiboga,2024,0
Kiboga,2025,0
Kibuku,2017,0
Kibuku,2018,0
Kibuku,2019,0
Kibuku,2020,0
Kibuku,2021,0
Kibuku,2022,0
Kibuku,2023,0
Kibuku,2024,0
Kibuku,2025,0
Kikuube,2017,0
Kikuube,2018,0
Kikuube,2019,0
Kikuube,2020,0
Kikuube,2021,0
Kikuube,2022,0
Kikuube,2023,0
Kikuube,2024,0
Kikuube,2025,0
Kiruhura,2017,0
Kiruhura,2018,1
Kiruhura,2019,0
Kiruhura,2020,0
Kiruhura,2021,0
Kiruhura,2022,0
Kiruhura,2023,0
Kiruhura,2024,0
Kiruhura,2025,0
Kiryandongo,2017,0
Kiryandongo,2018,0
Kiryandongo,2019,2
Kiryandongo,2020,0
Kiryandongo,2021,0
Kiryandongo,2022,0
Kiryandongo,2023,0
Kiryandongo,2024,1
Kiryandongo,2025,0
Kisoro,2017,0
Kisoro,2018,0
Kisoro,2019,1
Kisoro,2020,0
Kisoro,2021,0
Kisoro,2022,0
Kisoro,2023,0
Kisoro,2024,0
Kisoro,2025,0
Kitagwenda,2017,0
Kitagwenda,2018,0
Kitagwenda,2019,0
Kitagwenda,2020,0
Kitagwenda,2021,0
Kitagwenda,2022,0
Kitagwenda,2023,2
Kitagwenda,2024,0
Kitagwenda,2025,0
Kitgum,2017,0
Kitgum,2018,1
Kitgum,2019,0
Kitgum,2020,0
Kitgum,2021,0
Kitgum,2022,1
Kitgum,2023,0
Kitgum,2024,0
Kitgum,2025,0
Koboko,2017,0
Koboko,2018,0
Koboko,2019,2
Koboko,2020,0
Koboko,2021,0
Koboko,2022,0
Koboko,2023,0
Koboko,2024,0
Koboko,2025,0
Kole,2017,0
Kole,2018,0
Kole,2019,0
Kole,2020,0
Kole,2021,0
Kole,2022,0
Kole,2023,0
Kole,2024,0
Kole,2025,0
Kotido,2017,0
Kotido,2018,1
Kotido,2019,0
Kotido,2020,0
Kotido,2021,0
Kotido,2022,0
Kotido,2023,0
Kotido,2024,0
Kotido,2025,0
Kumi,2017,0
Kumi,2018,0
Kumi,2019,0
Kumi,2020,0
Kumi,2021,0
Kumi,2022,0
Kumi,2023,0
Kumi,2024,0
Kumi,2025,1
Kwania,2017,0
Kwania,2018,0
Kwania,2019,2
Kwania,2020,0
Kwania,2021,0
Kwania,2022,0
Kwania,2023,0
Kwania,2024,0
Kwania,2025,0
Kween,2017,0
Kween,2018,0
Kween,2019,0
Kween,2020,0
Kween,2021,0
Kween,2022,0
Kween,2023,0
Kween,2024,0
Kween,2025,1
Kyankwanzi,2017,0
Kyankwanzi,2018,0
Kyankwanzi,2019,2
Kyankwanzi,2020,0
Kyankwanzi,2021,0
Kyankwanzi,2022,0
Kyankwanzi,2023,0
Kyankwanzi,2024,0
Kyankwanzi,2025,1
Kyegegwa,2017,0
Kyegegwa,2018,0
Kyegegwa,2019,0
Kyegegwa,2020,0
Kyegegwa,2021,0
Kyegegwa,2022,0
Kyegegwa,2023,0
Kyegegwa,2024,0
Kyegegwa,2025,0
Kyenjojo,2017,0
Kyenjojo,2018,0
Kyenjojo,2019,0
Kyenjojo,2020,0
Kyenjojo,2021,0
Kyenjojo,2022,0
Kyenjojo,2023,0
Kyenjojo,2024,0
Kyenjojo,2025,0
Kyotera,2017,0
Kyotera,2018,0
Kyotera,2019,0
Kyotera,2020,0
Kyotera,2021,0
Kyotera,2022,0
Kyotera,2023,1
Kyotera,2024,0
Kyotera,2025,0
Lamwo,2017,0
Lamwo,2018,0
Lamwo,2019,0
Lamwo,2020,0
Lamwo,2021,0
Lamwo,2022,0
Lamwo,2023,0
Lamwo,2024,0
Lamwo,2025,1
Lira,2017,0
Lira,2018,1
Lira,2019,0
Lira,2020,0
Lira,2021,0
Lira,2022,0
Lira,2023,0
Lira,2024,0
Lira,2025,0
Luuka,2017,0
Luuka,2018,0
Luuka,2019,0
Luuka,2020,0
Luuka,2021,0
Luuka,2022,0
Luuka,2023,0
Luuka,2024,0
Luuka,2025,0
Luwero,2017,0
Luwero,2018,4
Luwero,2019,1
Luwero,2020,0
Luwero,2021,0
Luwero,2022,0
Luwero,2023,0
Luwero,2024,0
Luwero,2025,0
Lwengo,2017,0
Lwengo,2018,0
Lwengo,2019,0
Lwengo,2020,0
Lwengo,2021,0
Lwengo,2022,0
Lwengo,2023,0
Lwengo,2024,0
Lwengo,2025,0
Lyantonde,2017,0
Lyantonde,2018,0
Lyantonde,2019,0
Lyantonde,2020,0
Lyantonde,2021,0
Lyantonde,2022,0
Lyantonde,2023,0
Lyantonde,2024,0
Lyantonde,2025,0
Madi Okollo,2017,0
Madi Okollo,2018,0
Madi Okollo,2019,0
Madi Okollo,2020,0
Madi Okollo,2021,0
Madi Okollo,2022,0
Madi Okollo,2023,0
Madi Okollo,2024,0
Madi Okollo,2025,0
Manafwa,2017,0
Manafwa,2018,0
Manafwa,2019,0
Manafwa,2020,0
Manafwa,2021,0
Manafwa,2022,0
Manafwa,2023,0
Manafwa,2024,0
Manafwa,2025,0
Maracha,2017,0
Maracha,2018,0
Maracha,2019,0
Maracha,2020,0
Maracha,2021,0
Maracha,2022,0
Maracha,2023,0
Maracha,2024,0
Maracha,2025,0
Masaka,2017,0
Masaka,2018,1
Masaka,2019,2
Masaka,2020,0
Masaka,2021,0
Masaka,2022,0
Masaka,2023,1
Masaka,2024,0
Masaka,2025,0
Masindi,2017,0
Masindi,2018,0
Masindi,2019,2
Masindi,2020,0
Masindi,2021,0
Masindi,2022,2
Masindi,2023,0
Masindi,2024,0
Masindi,2025,1
Mayuge,2017,0
Mayuge,2018,0
Mayuge,2019,0
Mayuge,2020,0
Mayuge,2021,0
Mayuge,2022,0
Mayuge,2023,1
Mayuge,2024,0
Mayuge,2025,0
Mbale,2017,0
Mbale,2018,1
Mbale,2019,2
Mbale,2020,0
Mbale,2021,0
Mbale,2022,0
Mbale,2023,0
Mbale,2024,0
Mbale,2025,2
Mbarara,2017,0
Mbarara,2018,1
Mbarara,2019,1
Mbarara,2020,0
Mbarara,2021,0
Mbarara,2022,1
Mbarara,2023,1
Mbarara,2024,1
Mbarara,2025,1
Mitooma,2017,0
Mitooma,2018,0
Mitooma,2019,1
Mitooma,2020,0
Mitooma,2021,0
Mitooma,2022,0
Mitooma,2023,0
Mitooma,2024,0
Mitooma,2025,0
Mityana,2017,0
Mityana,2018,2
Mityana,2019,1
Mityana,2020,0
Mityana,2021,0
Mityana,2022,0
Mityana,2023,1
Mityana,2024,0
Mityana,2025,0
Moroto,2017,0
Moroto,2018,0
Moroto,2019,1
Moroto,2020,0
Moroto,2021,0
Moroto,2022,0
Moroto,2023,1
Moroto,2024,0
Moroto,2025,1
Moyo,2017,0
Moyo,2018,0
Moyo,2019,0
Moyo,2020,0
Moyo,2021,0
Moyo,2022,0
Moyo,2023,0
Moyo,2024,0
Moyo,2025,0
Mpigi,2017,0
Mpigi,2018,1
Mpigi,2019,0
Mpigi,2020,0
Mpigi,2021,0
Mpigi,2022,0
Mpigi,2023,1
Mpigi,2024,1
Mpigi,2025,0
Mubende,2017,0
Mubende,2018,1
Mubende,2019,2
Mubende,2020,0
Mubende,2021,0
Mubende,2022,0
Mubende,2023,2
Mubende,2024,0
Mubende,2025,0
Mukono,2017,0
Mukono,2018,1
Mukono,2019,0
Mukono,2020,0
Mukono,2021,0
Mukono,2022,0
Mukono,2023,1
Mukono,2024,2
Mukono,2025,3
Nabilatuk,2017,0
Nabilatuk,2018,0
Nabilatuk,2019,0
Nabilatuk,2020,0
Nabilatuk,2021,0
Nabilatuk,2022,0
Nabilatuk,2023,0
Nabilatuk,2024,0
Nabilatuk,2025,0
Nakapiripirit,2017,0
Nakapiripirit,2018,0
Nakapiripirit,2019,0
Nakapiripirit,2020,0
Nakapiripirit,2021,0
Nakapiripirit,2022,0
Nakapiripirit,2023,0
Nakapiripirit,2024,0
Nakapiripirit,2025,0
Nakaseke,2017,0
Nakaseke,2018,3
Nakaseke,2019,2
Nakaseke,2020,0
Nakaseke,2021,0
Nakaseke,2022,0
Nakaseke,2023,0
Nakaseke,2024,0
Nakaseke,2025,0
Nakasongola,2017,0
Nakasongola,2018,0
Nakasongola,2019,0
Nakasongola,2020,0
Nakasongola,2021,0
Nakasongola,2022,0
Nakasongola,2023,1
Nakasongola,2024,0
Nakasongola,2025,0
Namayingo,2017,0
Namayingo,2018,0
Namayingo,2019,0
Namayingo,2020,0
Namayingo,2021,0
Namayingo,2022,0
Namayingo,2023,0
Namayingo,2024,0
Namayingo,2025,0
Namisindwa,2017,0
Namisindwa,2018,1
Namisindwa,2019,0
Namisindwa,2020,0
Namisindwa,2021,0
Namisindwa,2022,0
Namisindwa,2023,0
Namisindwa,2024,0
Namisindwa,2025,0
Namutumba,2017,0
Namutumba,2018,0
Namutumba,2019,1
Namutumba,2020,0
Namutumba,2021,0
Namutumba,2022,0
Namutumba,2023,0
Namutumba,2024,0
Namutumba,2025,0
Napak,2017,0
Napak,2018,1
Napak,2019,1
Napak,2020,0
Napak,2021,0
Napak,2022,0
Napak,2023,0
Napak,2024,0
Napak,2025,0
Nebbi,2017,0
Nebbi,2018,1
Nebbi,2019,0
Nebbi,2020,0
Nebbi,2021,0
Nebbi,2022,0
Nebbi,2023,0
Nebbi,2024,0
Nebbi,2025,0
Ngora,2017,0
Ngora,2018,0
Ngora,2019,0
Ngora,2020,0
Ngora,2021,0
Ngora,2022,0
Ngora,2023,0
Ngora,2024,0
Ngora,2025,0
Ntoroko,2017,0
Ntoroko,2018,0
Ntoroko,2019,1
Ntoroko,2020,0
Ntoroko,2021,0
Ntoroko,2022,0
Ntoroko,2023,0
Ntoroko,2024,0
Ntoroko,2025,0
Ntungamo,2017,0
Ntungamo,2018,0
Ntungamo,2019,0
Ntungamo,2020,0
Ntungamo,2021,0
Ntungamo,2022,0
Ntungamo,2023,0
Ntungamo,2024,0
Ntungamo,2025,0
Nwoya,2017,0
Nwoya,2018,4
Nwoya,2019,1
Nwoya,2020,0
Nwoya,2021,0
Nwoya,2022,0
Nwoya,2023,1
Nwoya,2024,0
Nwoya,2025,1
Obongi,2017,0
Obongi,2018,0
Obongi,2019,0
Obongi,2020,0
Obongi,2021,0
Obongi,2022,0
Obongi,2023,1
Obongi,2024,0
Obongi,2025,0
Omoro,2017,0
Omoro,2018,0
Omoro,2019,0
Omoro,2020,0
Omoro,2021,0
Omoro,2022,0
Omoro,2023,1
Omoro,2024,0
Omoro,2025,0
Otuke,2017,0
Otuke,2018,0
Otuke,2019,0
Otuke,2020,0
Otuke,2021,0
Otuke,2022,0
Otuke,2023,0
Otuke,2024,0
Otuke,2025,0
Oyam,2017,0
Oyam,2018,1
Oyam,2019,2
Oyam,2020,0
Oyam,2021,0
Oyam,2022,0
Oyam,2023,0
Oyam,2024,0
Oyam,2025,0
Pader,2017,0
Pader,2018,0
Pader,2019,1
Pader,2020,0
Pader,2021,0
Pader,2022,0
Pader,2023,1
Pader,2024,0
Pader,2025,0
Pakwach,2017,0
Pakwach,2018,0
Pakwach,2019,0
Pakwach,2020,0
Pakwach,2021,0
Pakwach,2022,0
Pakwach,2023,0
Pakwach,2024,1
Pakwach,2025,0
Pallisa,2017,0
Pallisa,2018,0
Pallisa,2019,0
Pallisa,2020,0
Pallisa,2021,0
Pallisa,2022,0
Pallisa,2023,1
Pallisa,2024,0
Pallisa,2025,0
Rakai,2017,0
Rakai,2018,0
Rakai,2019,1
Rakai,2020,0
Rakai,2021,0
Rakai,2022,0
Rakai,2023,0
Rakai,2024,0
Rakai,2025,0
Rubanda,2017,0
Rubanda,2018,0
Rubanda,2019,1
Rubanda,2020,0
Rubanda,2021,0
Rubanda,2022,0
Rubanda,2023,0
Rubanda,2024,0
Rubanda,2025,0
Rubirizi,2017,0
Rubirizi,2018,0
Rubirizi,2019,1
Rubirizi,2020,0
Rubirizi,2021,0
Rubirizi,2022,0
Rubirizi,2023,0
Rubirizi,2024,0
Rubirizi,2025,0
Rukiga,2017,0
Rukiga,2018,0
Rukiga,2019,0
Rukiga,2020,0
Rukiga,2021,0
Rukiga,2022,0
Rukiga,2023,1
Rukiga,2024,0
Rukiga,2025,1
Rukungiri,2017,0
Rukungiri,2018,0
Rukungiri,2019,1
Rukungiri,2020,0
Rukungiri,2021,0
Rukungiri,2022,0
Rukungiri,2023,0
Rukungiri,2024,0
Rukungiri,2025,0
Rwampara,2017,0
Rwampara,2018,0
Rwampara,2019,0
Rwampara,2020,0
Rwampara,2021,0
Rwampara,2022,0
Rwampara,2023,0
Rwampara,2024,0
Rwampara,2025,0
Serere,2017,0
Serere,2018,1
Serere,2019,1
Serere,2020,0
Serere,2021,0
Serere,2022,0
Serere,2023,1
Serere,2024,0
Serere,2025,0
Sheema,2017,0
Sheema,2018,0
Sheema,2019,0
Sheema,2020,0
Sheema,2021,0
Sheema,2022,0
Sheema,2023,0
Sheema,2024,0
Sheema,2025,0
Sironko,2017,0
Sironko,2018,0
Sironko,2019,0
Sironko,2020,0
Sironko,2021,0
Sironko,2022,0
Sironko,2023,0
Sironko,2024,0
Sironko,2025,0
Soroti,2017,0
Soroti,2018,1
Soroti,2019,1
Soroti,2020,0
Soroti,2021,0
Soroti,2022,0
Soroti,2023,0
Soroti,2024,1
Soroti,2025,0
Ssembabule,2017,0
Ssembabule,2018,0
Ssembabule,2019,0
Ssembabule,2020,0
Ssembabule,2021,0
Ssembabule,2022,0
Ssembabule,2023,0
Ssembabule,2024,0
Ssembabule,2025,0
Tororo,2017,0
Tororo,2018,0
Tororo,2019,2
Tororo,2020,0
Tororo,2021,1
Tororo,2022,0
Tororo,2023,1
Tororo,2024,2
Tororo,2025,1
Wakiso,2017,0
Wakiso,2018,9
Wakiso,2019,4
Wakiso,2020,0
Wakiso,2021,0
Wakiso,2022,1
Wakiso,2023,4
Wakiso,2024,1
Wakiso,2025,3
Yumbe,2017,0
Yumbe,2018,1
Yumbe,2019,1
Yumbe,2020,0
Yumbe,2021,0
Yumbe,2022,0
Yumbe,2023,0
Yumbe,2024,0
Yumbe,2025,0
Zombo,2017,0
Zombo,2018,0
Zombo,2019,0
Zombo,2020,0
Zombo,2021,0
Zombo,2022,1
Zombo,2023,0
Zombo,2024,0
Zombo,2025,0
