district,trend,mk_p
Abim,no trend,0.7639
Adjumani,no trend,0.7639
Agago,no trend,1.0
Alebtong,no trend,1.0
Amolatar,no trend,1.0
Amudat,no trend,0.0715
Amuria,no trend,1.0
Amuru,no trend,0.7639
Apac,no trend,0.2296
Arua,no trend,1.0
Budaka,no trend,0.7639
Bududa,no trend,0.7639
Bugiri,no trend,0.3675
Bugweri,no trend,0.548
Buhweju,no trend,0.1331
Buikwe,no trend,0.548
Bukedea,no trend,1.0
Bukomansimbi,no trend,0.548
Bukwo,no trend,0.0715
Bulambuli,no trend,0.7639
Buliisa,no trend,0.3675
Bundibugyo,no trend,0.548
Bunyangabu,no trend,0.548
Bushenyi,no trend,0.7639
Busia,no trend,0.3675
Butaleja,no trend,0.3675
Butambala,no trend,0.1331
Butebo,no trend,0.7639
Buvuma,no trend,0.2296
Buyende,no trend,0.3675
Dokolo,no trend,0.7639
Gomba,no trend,0.0715
Gulu,no trend,0.3675
Hoima,no trend,0.2296
Ibanda,no trend,0.7639
Iganga,no trend,0.7639
Isingiro,no trend,0.7639
Jinja,no trend,1.0
Kaabong,no trend,0.548
Kabale,no trend,0.2296
Kabarole,no trend,0.7639
Kaberamaido,no trend,0.548
Kagadi,no trend,0.3675
Kakumiro,no trend,1.0
Kalaki,no trend,0.548
Kalangala,no trend,0.7639
Kaliro,no trend,0.548
Kalungu,no trend,0.2296
Kampala,no trend,0.1331
Kamuli,no trend,1.0
Kamwenge,no trend,0.7639
Kanungu,no trend,0.548
Kapchorwa,no trend,0.548
Kapelebyong,no trend,1.0
Karenga,no trend,0.548
Kasese,no trend,1.0
Kassanda,no trend,0.548
Katakwi,no trend,1.0
Kayunga,no trend,0.7639
Kazo,no trend,0.7639
Kibaale,no trend,0.2296
Kiboga,no trend,0.548
Kibuku,no trend,0.2296
Kikuube,no trend,0.548
Kiruhura,no trend,0.7639
Kiryandongo,no trend,0.548
Kisoro,no trend,0.548
Kitagwenda,no trend,1.0
Kitgum,no trend,0.548
Koboko,no trend,0.1331
Kole,no trend,0.0715
Kotido,no trend,1.0
Kumi,no trend,0.2296
Kwania,no trend,0.3675
Kween,no trend,1.0
Kyankwanzi,no trend,0.7639
Kyegegwa,no trend,0.7639
Kyenjojo,no trend,0.7639
Kyotera,no trend,0.548
Lamwo,no trend,0.1331
Lira,no trend,0.3675
Luuka,no trend,0.1331
Luwero,no trend,1.0
Lwengo,no trend,1.0
Lyantonde,no trend,1.0
Madi Okollo,no trend,1.0
Manafwa,no trend,0.548
Maracha,no trend,0.3675
Masaka,no trend,1.0
Masindi,no trend,1.0
Mayuge,no trend,0.3675
Mbale,no trend,0.548
Mbarara,no trend,0.548
Mitooma,no trend,1.0
Mityana,no trend,0.548
Moroto,no trend,0.3675
Moyo,no trend,1.0
Mpigi,no trend,0.7639
Mubende,no trend,1.0
Mukono,no trend,0.548
Nabilatuk,increasing,0.0355
Nakapiripirit,no trend,0.0715
Nakaseke,no trend,0.3675
Nakasongola,no trend,0.548
Namayingo,no trend,0.7639
Namisindwa,no trend,0.548
Namutumba,no trend,0.548
Napak,no trend,0.3675
Nebbi,no trend,0.548
Ngora,no trend,0.1331
Ntoroko,no trend,0.7639
Ntungamo,no trend,0.1331
Nwoya,no trend,0.2296
Obongi,no trend,0.7639
Omoro,no trend,0.2296
Otuke,no trend,0.7639
Oyam,no trend,0.3675
Pader,no trend,0.7639
Pakwach,no trend,0.548
Pallisa,no trend,1.0
Rakai,no trend,0.7639
Rubanda,no trend,0.3675
Rubirizi,no trend,0.7639
Rukiga,no trend,0.3675
Rukungiri,no trend,1.0
Rwampara,no trend,0.3675
Serere,no trend,0.3675
Sheema,no trend,0.2296
Sironko,no trend,0.7639
Soroti,no trend,0.3675
Ssembabule,no trend,0.0715
Tororo,no trend,0.3675
Wakiso,no trend,0.548
Yumbe,no trend,1.0
Zombo,no trend,1.0
