district,observer_category,article_mentions
Kampala,land_row_dispute,804
Kampala,delay_time_overrun,433
Wakiso,land_row_dispute,411
Kampala,procurement_irregularity,248
Wakiso,delay_time_overrun,232
Kampala,quality_technical_defect,208
Jinja,land_row_dispute,203
Kampala,governance_oversight_failure,183
Kampala,contract_management_failure,148
Gulu,land_row_dispute,144
Wakiso,quality_technical_defect,136
Hoima,land_row_dispute,133
Mukono,land_row_dispute,128
Wakiso,procurement_irregularity,123
Jinja,delay_time_overrun,120
Wakiso,governance_oversight_failure,117
Hoima,delay_time_overrun,97
Mbale,land_row_dispute,94
Kiryandongo,land_row_dispute,94
Jinja,quality_technical_defect,83
Gulu,delay_time_overrun,81
Kampala,payment_financial_dispute,79
Mukono,delay_time_overrun,77
Lira,land_row_dispute,76
Wakiso,contract_management_failure,76
Soroti,land_row_dispute,73
Kiryandongo,delay_time_overrun,72
Tororo,land_row_dispute,71
Jinja,procurement_irregularity,67
Arua,land_row_dispute,67
Mubende,land_row_dispute,65
Kiryandongo,quality_technical_defect,61
Kayunga,land_row_dispute,60
Jinja,governance_oversight_failure,59
Lira,delay_time_overrun,58
Mbale,delay_time_overrun,58
Hoima,procurement_irregularity,57
Gulu,quality_technical_defect,57
Kayunga,delay_time_overrun,52
Kabale,land_row_dispute,51
Mukono,procurement_irregularity,47
Tororo,delay_time_overrun,46
Wakiso,payment_financial_dispute,44
Kiryandongo,procurement_irregularity,43
Hoima,quality_technical_defect,43
Soroti,delay_time_overrun,42
Gulu,procurement_irregularity,40
Kayunga,quality_technical_defect,39
Mukono,quality_technical_defect,39
Hoima,governance_oversight_failure,37
Gulu,governance_oversight_failure,35
Arua,delay_time_overrun,35
Jinja,contract_management_failure,34
Kayunga,procurement_irregularity,34
Mubende,delay_time_overrun,33
Mbale,quality_technical_defect,32
Arua,quality_technical_defect,31
Mbale,procurement_irregularity,30
Kitgum,land_row_dispute,29
Soroti,procurement_irregularity,29
Kabale,delay_time_overrun,29
Tororo,quality_technical_defect,29
Soroti,quality_technical_defect,28
Lira,procurement_irregularity,27
Tororo,procurement_irregularity,27
Mukono,contract_management_failure,27
Lira,quality_technical_defect,27
Jinja,payment_financial_dispute,27
Mukono,governance_oversight_failure,26
Hoima,contract_management_failure,26
Hoima,payment_financial_dispute,25
Gulu,contract_management_failure,24
Mukono,payment_financial_dispute,23
Kiryandongo,governance_oversight_failure,23
Kiryandongo,payment_financial_dispute,22
Kayunga,governance_oversight_failure,22
Kayunga,payment_financial_dispute,22
Mubende,procurement_irregularity,21
Mbale,governance_oversight_failure,21
Mubende,quality_technical_defect,20
Tororo,governance_oversight_failure,20
Arua,procurement_irregularity,20
Kiryandongo,contract_management_failure,19
Tororo,contract_management_failure,18
Arua,governance_oversight_failure,18
Lira,governance_oversight_failure,17
Soroti,governance_oversight_failure,17
Kayunga,contract_management_failure,16
Kabale,quality_technical_defect,15
Kabale,governance_oversight_failure,15
Mubende,governance_oversight_failure,15
Kitgum,delay_time_overrun,15
Mubende,contract_management_failure,14
Mbale,payment_financial_dispute,14
Lira,contract_management_failure,13
Kabale,procurement_irregularity,13
Lira,payment_financial_dispute,12
Arua,contract_management_failure,11
Gulu,payment_financial_dispute,11
Mbale,contract_management_failure,11
Soroti,contract_management_failure,10
Mubende,payment_financial_dispute,10
Kitgum,quality_technical_defect,10
Kabale,contract_management_failure,10
Kabale,payment_financial_dispute,9
Soroti,payment_financial_dispute,7
Tororo,payment_financial_dispute,7
Kitgum,procurement_irregularity,7
Arua,payment_financial_dispute,5
Kitgum,governance_oversight_failure,4
Kitgum,contract_management_failure,2
