year,sentence,driver_label
2018,83 Table 23: Procurement Anomalies ..............................................................................................,procurement_irregularities
2018,"63 vi ABBREVIATIONS AND ACRONYMS LIST OF ACRONYMS ACRONYM DESCRIPTION AG Auditor General AO Accounting Officer Bn Billion BoU Bank of Uganda CAs Contracting Authorities DLB District Land Board FY Financial Year GoU Government of Uganda IESBA International Ethics Standards Board for Accountants IMF International Monetary Fund KIS Kalangala Infrastructure Services MDAs Ministries ,Departments and Agencies MEMD Ministry of Energy and Mineral Development MOFPED Ministry of Finance, Planning, and Economic Development MoGLSD Ministry of Gender Labour and Social Development MoU Memoranda of Understanding MTEF Medium Term Expenditure Framework NAA National Audit Act NBI National Backbone Infrastructure NDP National Development Plan NDPII Second National Development Plan NEMA National Environment Management Authority NGO Non-Governmental Organisation NIN National Identification Number NPA National Planning Authority NWSC National Water and Sewerage Corporation OAG Office of the Auditor General vii PAPs Project Affected Persons PDMF Public Debt Management Framework PFMA Public Finance Management Act, 2015 PS/ST Permanent Secretary/Secretary to the Treasury PSST Permanent Secretary and Secretary to Treasury TAI Treasury Accounting Instructions, 2016 TIN Tax Identification Number TWGs Technical Working Groups UCF Uganda Consolidated Fund UGX Uganda Shillings USD United States of America Dollars USMID Uganda Support for Municipal Infrastructure Development WMD Wetlands Management Department YIGs Youth Interest Groups YLP Youth Livelihood Programme viii GLOSSARY OF TERMS Agronomy The scientific study of soil management and crop production, including irrigation and the use of herbicides, pesticides, and fertilizers.",other
2018,"Table 3: Non-deduction and Non-remittance of taxes S/N Entity Non deducted taxes Non remitted taxes 1 Community Agricultural Infrastructure Improvement Programme – Project 3 (CAIIP – III) - 18,287,066,139 2 Urban Markets and Marketing Development of Agricultural Products Project - 6,184,417,820 3 District Commercial Services Support Project (DICOSS) 1,062,000 - 4 Soroti University - 141,733,220 5 ADB V Support to Higher Education, Science &Tecchhnology-1273 (USD.",other
2018,"Table 4: Wasteful/Nugatory Expenditure S/N Entity Particulars Amount 1 Ministry of Water and Environment and Urban Development Interest charges 803,111,726 2 Ministry of Education and Sports These include payment of interest on delayed payments, litigation costs for wrongful termination of contracts and refund of embezzled funds.",delayed_payments
2018,"45 Table 5: Outstanding Receivables S/N Entity Summary Amount 1 Ministry of Justice & Constitutional Affairs 20,609,131,791 2 State House 590,200,000 3 Petroleum Fund 12,877,415,932 4 Water Supply And Sanitation Programme support (WSSP) I under JWESSP 32,064,486 5 Kyambogo University 4,684,030,407 6 Busitema University 246,527,500 7 Ministry of Education and Sports 21,609,448,397 8 Uganda Blood Transfusion Services 74,600,000 9 Jinja Regional Referral Hospital 109,663,453 Total 60,833,081,966 3.1.6 Staff Shortages I noted that out of the total Government staff establishment of 469,216 positions, only 311,987 positions had been filled leaving a gap of 157,229 representing 34% of vacant posts across MDAs/LGs.",other
2018,"Table 7: Pending Legal Cases S/N Entity Estimated legal cost Remarks 1 Ministry of Energy and Mineral Development 389,800,000,000 several legal cases arising from land compensation claims for the Isimba and Karuma projects 2 Soroti University 1,025,265,000 3 Makerere University 5,634,291,157 4 Makerere University Business School 3,803,637,896 Total 400,263,194,053 Their eventual determination and/or payment could negatively effect on the cash flows and ability of the concerned entities to continue as going concerns.",land_and_right_of_way
2018,"Table 10: Un-Consolidated State Enterprises S/N Enterprise Government Shareholding Shareholders' Equity 1 National Social Security Fund 100% 9,936,291,648,000 2 Uganda Railways Corporation 100% 3,426,533,654,000 3 Uganda Electricity Generation Company Limited 100% 829,652,214,000 4 Uganda Electricity Transmission Company Limited 100% 379,189,000,000 5 National Housing and Construction Company Limited 51% 311,942,288,000 6 Uganda Property Holdings Limited 100% 229,950,802,062 7 Uganda Electricity Distribution Company Limited 100% 205,977,780,000 8 Nile Hotel International Limited 100% 193,584,509,164 9 Uganda Air Cargo Corporation 100% 76,361,088,653 1 Ownership interest with enough voting shares, that is over 50% 65 10 Post Bank Uganda 100% 64,205,605,803 11 Uganda Wildlife Conservation Education Centre 100% 13,233,498,966 12 Uganda Printing and Publishing Corporation 100% 11,370,013,230 13 Uganda Seeds Limited 100% 6,678,058,279 14 NEC Farm Katonga Limited 100% 5,050,688,396 15 NEC Construction Works & Engineering Limited 100% 2,047,012,597 16 NEC Tractor Project 100% 1,910,356,736 17 NEC Tractor Hire Scheme Limited 100% 1,572,895,139 18 NEC Uzima Limited 100% 1,507,223,000 19 Uganda National Oil Company Limited 100% 0 Shareholders' Total Equity 15,697,058,336,025 This implies that the consolidated summary statement of financial performance of the public corporations and state enterprises is incomplete and thus does not reflect the accurate government ownership.",other
2018,"70 Table 13: Liquidity of Enterprises S/N Entity Liquidity 2017/18 Liquidity 2016/17 %age Change 1 NEC Farm Katonga Limited 305.9:1 0.7:1 43,809% 2 Uganda Seeds Limited 135:1 114:1 18% 3 Uganda Development Corporation 62.1:1 50:1 24% 4 NEC Tractor Project 8.3:1 7.5:1 11% 5 Nile Hotel International Limited 7.8:1 8.6:1 -9% 6 Uganda Electricity Generation Company Limited 7.6:1 7.2:1 6% 7 Uganda Railways Corporation 5.4:1 2.9:1 84% 8 NEC Luwero Industries Limited 5.1:1 19.8:1 -74% 9 NEC Tractor Hire Scheme Limited 5:1 1.6:1 216% 10 Uganda Electricity Distribution Company Limited 4.5:1 3.7:1 22% 11 NEC Construction Works & Engineering Limited 3.9:1 1.6:1 135% 12 New Vision Printing and Publishing Company Limited 3.6:1 3.1:1 14% 13 Uganda Property Holdings Limited 3.5:1 1.8:1 97% 14 National Housing and Construction Company Limited 2.5:1 2.8:1 -11% 15 NEC Uzima Limited 2:1 2.4:1 -16% 16 Kilembe Mines Limited 2:1 3.1:1 -36% 17 Uganda National Oil Company Limited 2:1 1.6:1 28% 18 Uganda Air Cargo Corporation 1.8:1 0.1:1 1,643% 19 Uganda Electricity Transmission Company Limited 1.5:1 1.4:1 7% 20 National Water and Sewerage Corporation 1.3:1 1.4:1 -8% 21 Uganda Post Limited 1.1:1 1:1 6% 22 Uganda Printing and Publishing Corporation 0.6:1 0.9:1 -29% 23 Uganda Wildlife Conservation education Centre 0.5:1 0.7:1 -27% 24 Mandela National Stadium 0.4:1 0.3:1 58% 71 I advised the Accounting Officers to ensure Treasury/working capital management is strengthened by ensuring speedy collection of debts and reduction of liabilities not guaranteed by enough assets.",other
2018,"78 Table 18: Wasteful/ Nugatory Expenditure SN Entity Particulars Amount (UGX) 1 National Agricultural Advisory Services- NAADS Delayed delivery and installation of milk coolers and pineapple juice processing equipment to the intended beneficiaries, Extension of LCs as a result of non-performance 93,159,046 2 Electricity Regulatory Authority (ERA) URA Penalty on under declared PAYE 108,389,948 3 Mbarara Nkenda- Tororo-Lira transmission line (UETCL) Delayed acquisition of right of way (ROW) resulting into Standby costs, Interest charges and additional supervision costs to the contractor (UGX.5,076,700,788 + USD 9,936,215.1) 43,668,960,236 4 Uganda Electricity Transmission Company Limited Surcharges for delayed payments to Bujagali Energy Limited (BEL) 391,752,610 5 Hoima-Nkenda Transmission Line Project (UETCL) Costs resulting from delay to handover site to KEC due to right of way challenges (USD 982,295.99) 3,815,237,625 6 Uganda Posts Limited Penalties and fines resulted from interest on late payments, breach of contracts and litigation costs 330,537,700 7 Kampala Capital City Authority Interest charged for delayed payment of civil works 714,318,282 8 National Enterprise Corporation – Tractor Project Nugatory interest paid to NSSF 21,761,163 9 National Information Technology Authority Uganda Unused bandwidth 663,398,278 10 Uganda National Roads Authority Interest on delayed payments 15,509,054,863 Total 65,316,569,751 Exchange rate used (1USD = UGX.3,884) The wasteful expenditures could have been avoided if management of the respective entities had acted prudently.",delayed_payments
2018,Table 19: Staff Shortages S/n Entity Established posts Filled posts Vacant posts %age of Gap 1 Financial Intelligence Authority 64 39 25 39% 2 National Population Council 84 49 35 42% 3 Public Procurement and Disposal of Public Assets Authority 132 101 31 23% 4 Uganda Retirement Benefits Regulatory Authority (URBRA) 58 30 28 48% 5 Dairy Development Authority 140 65 75 54% 6 National Agricultural Research Organization -NARO 994 881 113 11% 7 National Animal Genetics and Data Bank (NAGRIC) 313 142 171 55% 8 Higher Education Students Financing Board 36 21 15 42% 9 National Drug Authority 109 32 77 71% 10 Allied Health Professionals Council 69 45 24 35% 11 Uganda Cancer Institute 294 209 85 29% 12 Uganda Medical and Dental Practitioners Council 26 19 7 27% 13 National Information Technology Authority-Uganda 157 66 91 58% 14 Uganda Institute of Communications Technology (UICT) 107 44 63 59% 15 Uganda Registration Services Bureau - Operations 332 149 183 55% 16 Amnesty Commission 75 38 37 49% 17 National Identification and Registration Authority (NIRA) 864 206 658 76% 18 National Council for Disability 12 8 4 33% 19 National Women’s Council 8 6 2 25% 20 National Youth Council 14 9 5 36% 21 Uganda National Cultural Centre 57 38 19 33% 22 Uganda Industrial Research Institute 560 282 278 50% 80 23 Uganda National Bureau Of Standards 640 306 334 52% 24 Uganda Wildlife Conservation & Education Centre (UWEC) 59 39 20 34% Total 5204 2824 2380 Inadequate staffing affects the timely implementation of entity activities and may adversely impact on attainment of their strategic objectives.,procurement_irregularities
2018,"Table 20: Outstanding Receivables S/N Entity Bal 2016/17 - UGX Bal 2017/18 - UGX %age change 1 Privatisation & Utility Sector Reform Project (Divestiture & Redundancy Accounts) 172,696,000,000 80,888,000,000 (53.16) 2 Uganda Revenue Authority - Revenue Collection Account 1,932,040,000,000 2,589,531,840,858 34 3 Custodian Board - 3,126,497,383 100.00 4 Capital Markets Authority 239,714,000 194,784,000 (18.74) 5 Financial Intelligence Authority 113,996,000 127,106,000 11.50 6 Insurance Regulatory Authority 49,355,357 64,957,554 31.61 7 Public Procurement and Disposal of Public Assets Authority 12,314,825 - (100.00) 8 Management Training and Advisory Centre (MTAC) 677,343,281 723,055,573 6.75 9 Hoima Nkenda transmission line - 140,272,966 100.00 10 Rural Electrification Agency 64,854,115,321 87,202,173,016 34.46 11 Uganda Energy Credit Capitalisation Company Limited 570,132,000 825,705,000 44.83 12 The Interconnection of Electrical Grids Of Nile - 981,333 100.00 81 Equatorial Lakes Countries (NELSAP) Uganda Part 13 Equal Opportunities Commission 239,749,390 211,105,359 (11.95) 14 Uganda National Cultural Centre 334,530,298 2,071,691,350 519.28 15 Joint Clinical Research Centre - 4,689,310,000 100.00 16 National Drug Authority 17,927,749,070 22,338,224,283 24.60 17 National Medical Stores 11,825,660,000 8,091,650,000 (31.58) 18 Uganda Aids Commission - 74,600,000 100.00 19 Rural Communications Development Fund 826,301,466 1,695,783,743 105.23 20 Uganda Broadcasting Corporation 13,011,508,074 25,038,763,268 92.44 21 Uganda Communications Commission (UCC) 21,300,000,000 26,170,253,357 22.87 22 Uganda Registration Services Bureau - Liquidation - 6,252,764,629 100.00 23 Kampala Capital City Authority 47,156,334,104 44,095,770,425 (6.49) 24 Uganda Industrial Research Institute - 78,138,376 100.00 25 Uganda National Council for Science and Technology 113,996,000 127,106,000 11.50 26 National Enterprise Corporation Construction Work and Engineering Ltd 519,194,053 505,324,165 (2.67) 27 National Enterprise Corporation 239,274,060 260,379,800 8.82 28 Uganda Hotel and Tourism Training Institute 207,034,396 124,268,897 (39.98) 39 National Environment Management Authority 20,863,895,193 15,307,218,000 (26.63) TOTAL 2,305,818,196,888 2,919,957,725,335 26.63 The outstanding receivables represent idle assets which constrain availability of cash for the entities’ operations.",procurement_irregularities
2018,"Table 21: Noncompliance with statutory deductions S/ N Entity Non Deduction of Taxes Non Remittance of Statutory Deductions PAYE WHT VAT PAYE NSSF 1 Uganda Revenue Authority - Corporate Services 3,675,217,390 2 Uganda Posts Limited 3,281,864,010 1,035,638,150 3 National Agricultural Advisory Services- NAADS 442,536,000 4 Electoral Commission 20,052,000 5 National Library of Uganda 373, 510,209 6 National Youth Council 31,140,617 34,660,000 7 Uganda Export Promotion Board 28,515,000 8 Kampala Capital City Authority 676,696,602 20,745,588,266 9 Joint Clinical Research Centre 1,933,190,000 10 Uganda Medical and Dental 2,430,540 83 Practitioner s Council 11 Uganda Road Fund 55,602,000 Total 526,653,000 22,482,540 3,958,560,612 23,745,557,033 3,709,877,390 This could have been caused by inadequate funds to meet statutory obligations.",other
2018,"85 Table 23: Procurement Anomalies S/n Entity Issues Amount - UGX 1 Financial Investment Authority Uncompetitive procurement of air tickets worth 162,261,990 2 Insurance Regulatory Authority Incomplete Procurements 210,684,500 3 National Drug Authority Non-delivery of items paid for during installation of Microbiology Laboratory 165,811,844 Contracts awarded above budgeted provision 82,222,500 Delay in execution of signed contracts 185,670,619 4 Uganda Aids Commission Direct Procurements 36,978,521 5 Uganda Blood Transfusion Services Un documented procurements under the regional blood banks 2,031,530,472 Un-justified use of direct procurement method 36,279,935 Failure to enter into framework contracts 6 Uganda Communications Commission Weaknesses in Contract Management 7 Uganda Free Zones Authority Procurement of air tickets by HR Department instead of PDU 8 Uganda Institute of Communication and Information Technology Direct Procurement 29,406,600 9 Uganda Heart Institute Contracts above estimated prices 694,476,276 10 Uganda Investment Authority Cancelled Procurements 2,417,186,147 Unplanned Procurements 412,125,972 Ineligible Revision of Contract Price by more than 15% 82,826,140 Irregular Contract Amendment for Additional Quantities 11 URA - Corporate Services Failure to advertise a call for bids to provide support and maintenance of Disaster recovery site firewall 618,866,009 12 Uganda Virus Research Institute Non-submission of final completion certificate for the contract for replacement of asbestos sheets 137,155,200 Total 7,303,482,725 The Procurements in a number of cases were not competitive and the entities may not have achieved value for money.",procurement_irregularities
2018,"Table 24: Non-operational projects No Investment Amount spent in the FY 2017/2018 Accumulated Amount (UGX) 1 Soroti fruit Factory 2,563,768,000 13,353,129,943 2 Luwero fruit factory 0 367,142,000 4 Tea project 2,697,556,773 10,704,080,460 5 Kira Motor Corporation 3,509,089,000 7,156,734,353 6 Kira ashok 0 1,146,879,627 7 Sheet Glass 133,032,000 215,219,000 8 Uganda National Commodity Exchange 200,000,000 400,000,000 9 Zombo tea Factory 63,526,000 63,826,000 10 Atiak sugar factory 19,811,808,120 19,811,808,120 Sub-TOTAL 28,978,779,893 53,218,819,503 11 Kalangala Infrastructure Services (KIS) 0 16,867,500,000 Total 70,085,319,505 The only operational project of KIS with an investment of UGX 16.9bn and 45.7% shareholding by UDC has not declared any profits to UDC since 2012.",other
2019,10 2.1.11 Duplication of investments in ICT infrastructure ................................................................................,other
2019,48 3.3.1 Limited use of the NBI/EG infrastructure ..........................................................................................,other
2019,54 3.7 Management of Uganda Road Fund in Local Governments.................................................................,other
2019,54 3.7.1 Funding and expenditure of road fund activities ................................................................................,other
2019,61 3.11 Management of Water for Consumption and Production in Local Governments ...................................,other
2019,67 4.4 Value for Money Audit on licensing and enforcement of standards in downstream petroleum operations by Ministry of Energy and Mineral Development ...........................................................................................,other
2019,74 4.9 Regulation and promotion of safe and reliable maritime services in the Water Transport Sub-Sector ....,other
2019,76 4.10 Implementation of Kalangala Infrastructure Services Project (KIS) .....................................................,other
2019,81 4.13 Value for Money audit of the Uganda Support to Municipal Infrastructure Development –Additional Funding (USMID-AF) programme for the financial year 2017/18 ...................................................................,other
2019,84 5.0 Audit of infrastructure projects during the financial year 2018-2019 implemented by Ministries Departments and Agencies .........................................................................................................................,other
2019,86 5.2 Engineering Audit of a selected sample of road and bridge Projects implemented by Ministry of Works and Transport during the financial year 2018/19 ..........................................................................................,other
2019,"94 5.4 Engineering Audit of a selected sample of road development, bridge, rehabilitation and maintenance projects implemented by Uganda National Roads Authority (UNRA) during the year .......................................",other
2019,"97 5.5 Technical/Engineering Audit of the construction of staff houses in selected health facilities in seven districts of Karamoja Region I.E Kaabong, Kotido, Abim, Moroto, Napak, Amudat and Nakapiripirit under the Karamoja Region Staff Housing Project (KRSHP) ........................................................................................",other
2019,107 6.5 Energy Sector ...............................................................................................................................,other
2019,56 Table 26: Showing Non-Functional water facilities ........................................................................................,other
2019,87 Table 29: Showing findings from inspection of road works............................................................................,other
2019,99 Table 36: Showing delayed Payments to contractors ....................................................................................,delayed_payments
2019,100 Table 40: Showing Overpayments on the project for construction of staff houses in selected health facilities .,other
2019,"53 ix ABBREVIATIONS AND ACRONYMS ACRONYM DESCRIPTION AG Auditor General AO Accounting Officer Bn Billion Tn Trillion BoU Bank of Uganda CAs Contracting Authorities DLB District Land Board FY Financial Year GoU Government of Uganda IESBA International Ethics Standards Board for Accountants IMF International Monetary Fund KIS Kalangala Infrastructure Services LGs Local Governments MDAs Ministries, Departments and Agencies MDALGs Ministries, Departments, Agencies & Local Governments MEMD Ministry of Energy and Mineral Development MOFPED Ministry of Finance, Planning, and Economic Development MoGLSD Ministry of Gender Labour and Social Development MoU Memoranda of Understanding MTEF Medium Term Expenditure Framework NAA National Audit Act NBI National Backbone Infrastructure NDP National Development Plan NDPII Second National Development Plan NEMA National Environment Management Authority NGO Non-Governmental Organisation NIN National Identification Number NPA National Planning Authority NWSC National Water and Sewerage Corporation OAG Office of the Auditor General PAPs Project Affected Persons PDMF Public Debt Management Framework PFMA Public Finance Management Act, 2015 PSAs Production Sharing Agreements PS/ST Permanent Secretary/Secretary to the Treasury PSST Permanent Secretary and Secretary to Treasury SORA Shared Over All Risk Assessment TI Treasury Instructions, 2017 TIN Tax Identification Number TWGs Technical Working Groups UCF Uganda Consolidated Fund x UGX Uganda Shillings USD United States of America Dollars USMID Uganda Support for Municipal Infrastructure Development WMD Wetlands Management Department YIGs Youth Interest Groups YLP Youth Livelihood Programme xi GLOSSARY OF TERMS Term Meaning Classified Expenditure The expenses and commitments incurred by an authorised agency for the collection and dissemination of information related to national security interests Contingent Liability A potential liability that may occur depending on the outcome of an uncertain future event.",claims_and_liabilities
2019,"Table 1: Status of Audit performance for audit year 2019 Type of Audit Type of Entity Planned Audits for the audit year 2019 Actual Performance as at 31st December, 2019 Variance Financial Audits MDAs 114 108 6* Commissions, Statutory Authorities and State Enterprises 120 114 6* Projects 196 97 99* Districts 127 127 0 Municipal Councils 41 41 0 Town Councils 2016/2017 and 2017/2018 459 459 0 Divisions 2016/2017 and 2017/2018 248 248 0 Sub Counties 2015/2016, 2016/2017 and 2017/2018 3,681 2,922 759 Schools/Tertiary institutions 355 91 264 Compliance Audit Various entities (Themes) 4 4 0 PSAs 4 4 0 Forensics/Special Audits Various entities 56 36 20 VFM Studies Various entities 10 11 (1) Engineering Audits Various entities 10 7 3** IT Audits Various entities 6 5 1 5,431 4,274 1,157 * 4 missions (Ankara, Canberra, Kuala Lumpur, Abuja), Contingency Fund, Soroti University, UHPC, UNHRO, ULI, ACF, Uganda Seeds, Enterprise Uganda, 75 MUK projects, 17 MUST projects, ARSDP works, Kaphcorwa-Swam road, QUISP, DICOSS, Opuyo- Moroto Interconnection, Mirama-Kabale Transmission, ADB V HEST.",other
2019,"Table 30: Showing results of assessment of quality of works S/No Road Project Test Failed Parameters 1 Upgrading of Busoga College Mwiri Road DCP CBR - there are some weak points in the base layer on the right-hand side of the road 2 Construction of Kasaigi Bridge Rebound Hammer Test Concrete Compressive Strength of Wing Walls Kagadi Side LHS & RHS 3 Construction of Kabindula Swamp crossing Concrete compressive strength of Headwall (RHS), Headwall (LHS), Headwall (LHS), Wing wall (LHS), Headwall (RHS), Headwall (RHS), Headwall (LHS) at 0+170, 0+170, 0+255, 0+255, 0+215, 0+200, 0+200 respectively The Accounting Officer indicated that further investigations shall be undertaken and in the event of failure, appropriate remedies shall be undertaken.",other
2019,"Table 34: Showing Unnecessary items in BOQs SN Project name Unnecessary items Cost (UGX) 1 Lopei bridge Contingency, relocation of services, special tests by Engineer, excess material 1,255,802,100 2 Lopei Bridge Guardrails (higher rate) 779,200,000 3 Kaabong bridge Contingency 1,077,123,580 4 Mpondwe, Nsongi, Ruzairwe and Mpanga 6 Contingency 3,373,105,611 5 Mpondwe, Nsongi, Ruzairwe and Mpanga 6 Seismic restraints 225,200,000 Total 6,710,431,291 d) Delayed handover of the sites to the contractor Several sites were not handed over to the Contractor in time which led to failure to deliver on project milestones as contractually agreed at contract signing.",other
2019,"Table 35: Showing Avoidable Interest on advance payments SN Project Interest (UGX) Interest (USD) 1 Bumbobi- Lwakhakha 178,504,035 172,534.16 2 Kyenjojo- FortPortal 245,530,973 16,435.74 Total 424,035,008 188,969.9 f) Delayed payments to the contractors It was observed that the contractors’ payments were delayed in all cases resulting in interest claims on the delayed payments.",delayed_payments
2019,"Table 36: Showing delayed Payments to contractors SN Project Interest (UGX) Interest (USD) 1 Soroti- Katakwi- Akisim 407,287,185 64,255.07 2 Musiita- Lumino- Majanji 1,750,442,832.39 627,224 Total 2,157,730,017.39 691,479.07 g) Increase in project costs due to payments in foreign currencies It was observed that the fluctuation of the Ugandan shilling against the foreign currencies resulted in an increase of the project cost by over UGX 10 billion on only four projects (Table as shown below).",delayed_payments
2019,"Table 37: Showing increase in project costs due to payments in foreign currencies SN Project name Net increase due to FX 1 Bumbobi - Lwakhakha road 1,554,429,739.13 2 Kyenjojo-FortPortal 8,270,932,974.582 3 Lopei Bridge 157,278,932.41 4 Kaabong bridge 94,585,172 Total 10,077,226,818.122 h) Overpayments on excess quantities Several overpayments were noted on 4 projects resulting from certification of more quantities than had been executed by the Contractors.",other
2019,"Table 40: Showing Overpayments on the project for construction of staff houses in selected health facilities S No District Amount Overpaid (USD) 1 Amudat and Moroto 11,408.38 2 Kotido 32,430.53 3 Napak 28,038.30 4 Abim 20,268.80 Total 92,146.01 i) Insufficient site supervision The project was formulated with 25 sites in very distant locations in the Karamoja region.",contract_management
2020,"36 Page 5 strategic report List of Acronyms AFROSAI African Organisation of Supreme Audit Institutions AFROSAI-E African Organisation of English Speaking Supreme Audit Institutions AG Auditor General AU African Union Bn Billion CAM Compliance Audit Methodology CG1 Central Government one CG2 Central Government two COSASE Committee on Commissions, Statutory Authorities and State Enterprises CSO Civil Society Organisation CSR Corporate Social Responsibility DPP Directorate of Public Prosecution EAC East African Community EU European Union FAM Financial Audit Methodology FIA Financial Intelligence Authority FIIT Forensic Investigations and Information Technology Audit FINMAP Financial Management and Accountability Programme FY Financial Year GAAP Generally Accepted Accounting Principles GAPR Government Annual Performance Report GDP Gross Domestic Product GIZ Deutsche Gesellschaft für Internationale Zusammenarbeit GOU Government of Uganda HLG Higher Local Government IFMS Integrated Financial Management System ICBF Institutional Capacity Building Framework ICPAU Institute of Certiﬁed Public Accountants Uganda ICT Information and Communication Technology IG Inspectorate of Government IGFs Internally Generated Funds IMF International Monetary Fund IMIS Integrated Management Information System INTOSAI International Organisational of Supreme Audit Institutions ISA International Standards on Auditing ISSAIs International Standards of Supreme Audit Institutions IT Information Technology KfW Kreditanstalt für Wiederaufbau (German Development Bank) LG Local Government Page 6 strategic report LGA Local Government Authorities LLG Lower Local Government LGDPAC Local Government District Public Accounts Committee LGPAC Local Government Public Accounts Committee M&E Monitoring and Evaluation MDA Ministries, Departments and Agencies Mn Million MoFPED Ministry of Finance, Planning and Economic Development MoGLSD Ministry of Gender, Labour and Social Development MoU Memorandum of Understanding MTEF Medium Term Expenditure Framework NAA National Audit Act NDP National Development Plan NITA-U National Information Technology Authority - Uganda NPA National Planning Authority OAG Oﬃce of the Auditor General OPM Oﬃce of the Prime Minister PAC Public Accounts Committee PBB Program Based Budgeting PFM Public Financial Management PPDA Public Procurement and Disposal of Public Assets Authority PSA Production Sharing Agreements QAAD Quality Assurance and Audit Development Quality Assurance Committee QAC Quality Assurance Committee REAP Resource Enhancement and Accountability Program SAI Supreme Audit Institution SDGs Sustainable Development Goals SORA Shared Overall Risk Assessment SWOT Strength, Weakness, Opportunities and Threats TAAC Transparency, Accountability, and Anti-Corruption UGX Uganda Shillings UN United Nations USAID United States Agency for International Development USMID Uganda Support to Municipal Infrastructure Development Program VFM Value for Money VFM&SA Value for Money and Specialised Audits WGEA INTOSAI Working Group on Environment Audit WGEI INTOSAI Working Group on Audit of Extractive Industries Page 7 strategic report FOREWORD The Office of the Auditor General (OAG) as a body corporate has the statutory function to conduct financial, Value for Money, specialized, forensic investigations, and other audits as provided for by the National Audit Act, 2008.",procurement_irregularities
2020,"Figure 7: Year-by-Year budgetary allocation to the OAG Support from Development partners OAG received support from FINMAP and REAP equivalent to UGX11.794 Bn for improving institutional capacity and operational independence by constructing and equipping Hoima, Moroto, and Arua branch offices as well as supporting the procurement of an Integrated Management Information System (IMIS), among others.",procurement_irregularities
2021,"12 2.1 BANK OF UGANDA ........................................................................................................................12 2.2 UGANDA DEVELOPMENT BANK LIMITED ........................................................................................13 2.2.1 Funding of Uganda Development Bank Limited ...............................................................................13 2.2.2 European Union (EU) Tourism Grant ..............................................................................................13 2.2.3 UTILISATION OF AVAILED FUNDS BY UDB .....................................................................................13 2.3 UGANDA MICROFINANCE SUPPORT CENTRE LTD ...........................................................................16 2.3.1 Funding for EMYOOGA (specialised groups) and conventional on-lending ...........................17 2.3.2 Under absorption of funds – UGX.33,344,903,888 ............................................................17 2.3.3 Failure to obtain Operational Licences by Emyooga SACCOs ..............................................18 2.3.4 Absence of MoUs between the MSC and the Beneficiary SACCOs .......................................19 2.3.5 Field Inspection of SACCOS .............................................................................................19 2.3.6 Disbursements of on-lending funds –UGX.56.89Bn ...........................................................24 2.4 AUDIT OF DOMESTIC ARREARS ....................................................................................................29 2.4.1 Classified expenditure UGX:218.87Bn ..............................................................................30 2.4.2 Funds Used to pay international organisations ..................................................................30 2.4.3 Unspent funds /under Absorption ....................................................................................31 2.4.4 Unsupported Domestic arrears payments .........................................................................32 2.4.5 Payments in respect of contested and rejected arrears .....................................................32 ii 2.4.6 Diversion of funds meant for settlement of domestic arrears .............................................32 2.5 UGANDA DEVELOPMENT CORPORATION .......................................................................................33 2.6 MINISTRY OF HEALTH ..................................................................................................................41 2.7 MINISTRY OF ENERGY ..................................................................................................................53 2.8 MINISTRY OF SCIENCE, TECHNOLOGY, AND INNOVATION (MOSTI) ...............................................54 2.8.1 Release of Funds to the Ministry ......................................................................................54 2.8.2 Review of project operations ...........................................................................................54 2.9 UGANDA INVESTMENT AUTHORITY ...............................................................................................61 2.9.1 Development of infrastructure at Kampala Industrial And Business Park, Namanve (KIBP) 61 2.10 UGANDA ROAD FUND ...................................................................................................................62 2.11 UGANDA INDUSTRIAL RESEARCH INSTITUTE ................................................................................63 2.11.1 Face Mask Production .....................................................................................................63 2.12 MINISTRY OF GENDER, LABOUR & SOCIAL DEVELOPMENT ............................................................65 2.12.1 Uganda Women Entrepreneurship Programme (UWEP) .....................................................65 2.12.2 Social Assistance Grant for Empowerment (SAGE) ............................................................67 APPENDIX 1: DETAILS OF APPROVED AND SUPPLEMENTARY FUNDING .................................................",delayed_payments
2021,160 UGANDA ROAD FUND .........................................................................................................................,other
2021,"31 Table 13: Showing Payments to international Organisations Item Amount - UGX MDA GOU annual contributions to African Minerals and Geosciences Centre 72,045,163 Ministry of Energy and Mineral Development World Meteorological Organization Trust Fund; Annual Subscription for 2021 30,497,174 Uganda National Meteorological Authority World Meteorological Organization Trust Fund; Annual Subscription (AMCOMET Trust Fund) for 2021 37,408,800 Uganda National Meteorological Authority Contribution to ISESCO 566,132,850 Ministry of Education and sports International Fund for Agricultural Dev't (Payment For Outstanding Arrears As At 30th June 2020 747,066,710 Minister of Finance, Planning and Economic Development African Capacity Building Foundation (ACBF) Arrears Payments Towards SMTP III, 1,186,056,923 Minister of Finance, Planning and Economic Development ACP Secretariat (Payment of outstanding Arrears and interest 182,293,356 Minister of Finance, Planning and Economic Development Trade and Development Bank 1,307,363,782 Minister of Finance, Planning and Economic Development USAID Trust Fund 29,736,962,130 Minister of Finance, Planning and Economic Development TOTAL 33,865,826,888 2.4.3 Unspent funds /under Absorption Section 45 (1a and 3) of the PFMA 2015, requires the Accounting Officer to control the regularity and proper use of the money appropriated to the vote.",delayed_payments
2022,19 2.8 CANCELLATION OF THE LOAN FOR CONSTRUCTION OF MUZIZI HYDROPOWER PLANT ..................,other
2022,20 2.9 REVIEW OF JINJA EXPRESS HIGHWAY PROJECT ...........................................................................,other
2022,21 iii 2.10 COMMERCIAL CONTRACT FOR THE REFURBISHMENT OF THE METER GAUGE RAILWAY LINE KAMPALA - MALABA (250KM) ......................................................................................................................,other
2022,22 2.12 FINANCING AGREEMENT FOR SUPPLY OF SOLAR PUMPING SYSTEMS IN THE MINISTRY OF WATER AND ENVIRONMENT (EURO.95.8MN EQUIVALENT TO UGX.381BN) ................................................,other
2022,70 3.12.2 Delayed Implementation of Subprojects for the FY 2021/22 ...........................................................,other
2022,74 3.12.7 Procurement Irregularities ............................................................................................................,procurement_irregularities
2022,82 3.15.3 Delayed Implementation Of The Approved City Structure ...............................................................,other
2022,85 3.16.2 Delayed Progress Of Works/Constructions .....................................................................................,other
2022,85 v 3.16.3 Payments To UPDF Engineers Brigade For Construction Works .......................................................,other
2022,86 3.16.4 Uganda Support To Municipal Infrastructure Development Program (USMID-AF) – REFUGEE Hosting Districts.......................................................................................................................................,other
2022,87 3.17 UGANDA SUPPORT TO MUNICIPAL INFRASTRUCTURE DEVELOPMENT IN CITIES AND MUNICIPAL COUNCILS ...................................................................................................................................,other
2022,96 3.20 IMPLEMENTATION OF UGANDA ROAD FUND (URF) .......................................................................,other
2022,96 3.20.2 Status Of Implementation Of Road Activities .................................................................................,other
2022,Delayed Realignment Of The Comprehensive National Development Framework (CNDPF) to the Program Planning Approach .....................................................................................................................,other
2022,123 D) Assessment Of Road Map For Mass Registration And Renewal Of National IDS ..............................,other
2022,124 G) Delayed Settlement Of Court Awards As At The 30th Of June 2022 ................................................,other
2022,127 E) Delayed Completion Of The National E-Commerce Platform ..........................................................,other
2022,135 I) Cancellation Of Loan For Construction Of Muzizi Hydropower Plant ...............................................,other
2022,ENERGY SECTOR .......................................................................................................................,other
2022,138 A) Rampant Vandalism Of The Electricity Infrastructure ....................................................................,other
2022,138 B) Operation And Maintenance Of Isimba Hydro Power Plant (HPP) ..................................................,other
2022,143 A) Delayed Finalisation Of Education Policies And Other Frameworks ................................................,other
2022,143 B) Delayed Review of the Education Curricula for the Different Education Institutions ........................,other
2022,147 D) Delayed Completion Of The Consultancy for the Unit Cost Study for Road Construction And Maintenance in Uganda .................................................................................................................................,other
2022,147 E) Maintenance Of District and Zonal Road Equipment .....................................................................,other
2022,159 4.1.1 Audit Of Grid Extension Projects Implemented By The Rural Electrification Agency Currently Under The Ministry Of Energy And Mineral Development For The Period 2009 – 2017 ....................................,other
2022,Effectiveness Of Mechanisms Established For Management Of Road Equipment By The Ministry Of Works And Transport ...........................................................................................................................,other
2022,201 4.3.6 A Value For Money Audit Report on the Regulation And Promotion Of Safe And Reliable Public Road Transport System by the Ministry of Works And Transport ...........................................................,other
2022,203 4.3.7 Value For Money Audit Of Grid Extension Projects Implemented by the Rural Electrification Agency Currently under the Ministry Of Energy And Mineral Development for the Period 2009 – 2017 ........,other
2022,209 4.3.9 A Value For Money Audit Draft Report On The Management Of Electricity Connections Under Rural Electrification Programme (MEMD) ..............................................................................................,other
2022,Follow-Up Report on the Status Of Implementation of Audit Recommendations on the Value For Money Audit on the Regulation of the Construction Sector by the Ministry of Works and Transport ...........,other
2022,Value For Money Audit Report On Management Of Piped Water Systems In Rural Areas Of Uganda by Ministry of Water And Environment .............................................................................................,other
2022,238 B) TREASURY MEMORANDUM REPORT ON THE VALUE FOR MONEY AUDIT OF THE UGANDA SUPPORT TO MUNICIPAL INFRASTRUCTURE DEVELOPMENT (USMID) PROGRAM FOR 2015/16 ....................,other
2022,239 APPENDIX 1 I: DELAYED ACCESS AND REMOVAL ......................................................................................,other
2022,96 Table 44: Status of implementation of road activities ........................................................................................,other
2022,"240 xiii LIST OF ACRONYMS ACRONYM DESCRIPTION AG Auditor General AO Accounting Officer Bn Billion BoU Bank of Uganda CAs Contracting Authorities CFR Central Forest Reserve DGAL Directorate of Government Analytical Laboratory DLB District Land Board FY Financial Year GDP Gross Domestic Product GoU Government of Uganda ICT Information Communication Technology IDA International Development Association IESBA International Ethics Standards Board for Accountants IFMS Integrated Financial Management System IMF International Monetary Fund KIS Kalangala Infrastructure Services MAAIF Ministry of Agriculture Animal Industry and Fisheries MDAs Ministries, Departments and Agencies MEMD Ministry of Energy and Mineral Development MOFPED Ministry of Finance, Planning, and Economic Development MoGLSD Ministry of Gender Labour and Social Development MoU Memoranda of Understanding MTEF Medium Term Expenditure Framework NAA National Audit Act NBI National Backbone Infrastructure NDP National Development Plan NDPII Second National Development Plan NEF National Environment Fund NEMA National Environment Management Authority NFA National Forestry Authority NGO Non-Governmental Organisation NIN National Identification Number NIRA National Identification Registration Authority NPA National Planning Authority NWSC National Water and Sewerage Corporation OAG Office of the Auditor General PAPs Project Affected Persons PDMF Public Debt Management Framework PFMA Public Finance Management Act, 2015 PS/ST Permanent Secretary/Secretary to the Treasury PSST Permanent Secretary and Secretary to Treasury TAI Treasury Accounting Instructions, 2016 TIN Tax Identification Number Tn Trillion TWGs Technical Working Groups UCC Uganda Communications Commission UCF Uganda Consolidated Fund UDC Uganda Development Corporation UETCL Uganda Electricity Transmission Company Limited UGX Uganda Shillings xiv ACRONYM DESCRIPTION URA Uganda Revenue Authority USD United States Dollars USMID Uganda Support for Municipal Infrastructure Development WMD Wetlands Management Department YIGs Youth Interest Groups YLP Youth Livelihood Programme xv GLOSSARY OF TERMS Term Definition Classified Expenditure The expenses and commitments incurred by an authorised agency for the collection and dissemination of information related to national security interests Contingent Liability A potential liability that may occur depending on the outcome of an uncertain future event.",claims_and_liabilities
2022,"Table 25: Unutilised funds in Local Governments No Activity Amount-Unspent (UGX) 1 Salary, pension and gratuity payment 176,355,014,007 2 USMID AF in refugee hosting districts 41,830,160,377 3 Micro scale irrigation 28,315,288,149 4 DRDIP funding subprojects 12,412,158,314 5 USMID construction of roads 31,425,512,796 6 Others 413,327,040,296 Total 703,665,173,939 Source: LG work plans, budgets and performance reports The failure to utilise funds led to either partial or non-implementation of the following activities;  8,347 staff and pensioners/beneficiaries in 115 LGs were under paid.",other
2022,"71 Table 31: Funding and absorption of 7.2 Development Response to Displacement Impacts Project SN Purpose Budgeted amount - UGX Released amount by OPM - UGX Utilised amount by the DLGs - UGX Unutilised funds - UGX 1 Social and Economic Services Infrastructure 195,564,238,35 3 154,667,673,38 9 142,866,878,89 1 11,800,794,498 2 Sustainable Environmental Management 40,033,537,720 19,558,580,728 18,689,049,164 869,531,564 3 Livelihoods Program 39,530,477,364 30,230,194,334 29,784,194,334 446,000,000 4 DRDIP Operations 10,012,115,709 7,526,860,833 7,216,183,732 310,677,101 Total 285,140,369,146 211,983,309,284 198,556,306,12 1 13,427,003,163 Out of the total receipts of UGX.211,983,309,284, only UGX.198,556,306,121 (94%) was spent, resulting in an unspent balance of UGX.13,427,003,163 (6%).",other
2022,"Table 37: Funding and absorption of USMID-AF SN Purpose Budgeted amount - UGX Released amount - UGX Underfundi ng - UGX Utilised Warrants - UGX Unutilised Warrants - UGX 1 Rehabilitation & Construction of infrastructure investments 51,181,725,732 47,483,614,440 3,698,111,2 92 7,387,708,067 40,095,906,37 3 2 USMID-AF Operations 3,072,686,937 2,635,883,013 436,803,924 901,629,009 1,734,254,004 Total 54,254,412,669 50,119,497,453 4,134,915,2 16 8,289,337,076 41,830,160,37 7 As a result of the shortfalls in releases, funds available for implementation of USMID- AF activities were not sufficient to meet the originally planned activity targets.",other
2022,"Table 40: allocation of funds among program activities Main Expenditure Items Threshold Infrastructure Projects, including Physical Planning and land titling Minimum 80% Investment Servicing and Monitoring Maximum 10% Performance Improvement Maximum 10% I observed that 7 LGs did not allocate funds in accordance with the required thresholds.",other
2022,"95 Table 42: Funding and absorption SN Cost centre Approved Budget - UGX Amount Released - UGX % fundin g Expenditur e - UGX Amount not absorbed - UGX % Absorpti on 1 Infrastructure Projects, including Physical Planning and land titling 8,164,927,374 8,153,926,373 100% 7,682,602,7 04 471,323,669 94% 2 Performance Improvement 843,710,153 843,710,153 100% 853,914,340 -10,204,187 101% 3 Investment Servicing and Monitoring 1,111,423,280 1,075,179,930 97% 1,063,687,3 38 11,492,592 99% 4 Transfer of LRDP funds to LLGs 15,506,893,697 15,504,103,696 100% 15,514,093, 696 -9,990,000 100% TOTAL 25,626,954,504 25,576,920,152 100% 25,114,298, 078 462,622,074 98% I observed that Investment servicing and monitoring was the most affected where LGs did not receive UGX.50,034,352.",other
2022,"97 Table 44: Status of implementation of road activities Category Planned Length (KM) Planned Annual Expenditure - UGX Actual length (KM) Actual Expenditure - UGX Routine Manual Maintenance 16,067 8,494,132,458 7,385 4,089,157,242 Routine Mechanized Maintenance 6,720 15,394,408,459 4,924 10,306,553,352 Periodic Maintenance 845 8,675,569,761 378 4,376,557,279 Total distance 23,632 32,564,110,678 12,687 18,772,267,873 Source: URF work plan and quarterly performance reports According to my inspection carried and progressive performance reports, I have observed the following;  89 LGs planned to maintain 16,067 km under routine manual maintenance at a cost of UGX.",other
2023,70 3.2.2 INTEGRATED TRANSPORT INFRASTRUCTURE AND SERVICES PROGRAM ........................,other
2023,"98 3.2.10 CLIMATE CHANGE, NATURAL RESOURCES, ENVIRONMENT AND WATER MANAGEMENT PROGRAMME ................................................................................................................",other
2023,"99 3.2.11 DEVELOPMENT PLAN IMPLEMENTATION PROGRAMME ..................................................102 3.2.12 PRIVATE SECTOR DEVELOPMENT PROGRAMME ............................................................103 3.2.13 INNOVATION, TECHNOLOGY DEVELOPMENTS AND TRANSFER PROGRAMMES ...............109 3.2.14 TOURISM DEVELOPMENT PROGRAMME ........................................................................110 3.2.15 DIGITAL TRANSFORMATION PROGRAMME ...................................................................112 3.2.16 SUSTAINABLE URBANISATION AND HOUSING PROGRAMME ..........................................113 3.2.17 LEGISLATION, OVERSIGHT AND REPRESENTATION PROGRAMME ..................................113 3.2.18 SUSTAINABLE DEVELOPMENT OF PETROLEUM RESOURCES ..........................................113 3.2.19 MANUFACTURING PROGRAMME ...................................................................................113 3.2.20 SUSTAINABLE ENERGY DEVELOPMENT PROGRAMME ....................................................115 PART 4: VALUE FOR MONEY, PFM ASSESSMENT AND ENGINEERING AUDITS ...............................145 iv 4.1 VALUE FOR MONEY AUDITS .........................................................................................145 4.1.1 MANAGEMENT OF HEALTH PROFFESSIONALS IN SPCIALISED, NATIONAL AND REGIONAL REFERRAL HOSPITALS BY MINISTRY OF HEALTH (MOH) ...............................................145 4.1.2 VALUE FOR MONEY AUDIT REPORT ON THE MEASURES PUT IN PLACE BY THE DEPARTMENT OF PHARMACY AND NATURAL MEDICINES UNDER MINISTRY OF HEALTH IN PROVISION OF PHARMACEUTICAL SERVICES IN UGANDA ....................................................................147 4.1.3 VALUE FOR MONEY AUDIT ON EFFECTIVENESS OF MEASURES TO SUPPORT COOPERATIVES BY THE DEPARTMENT OF COOPERATIVES DEVELOPMENT IN THE MINISTRY OF TRADE, INDUSTRY AND COOPERATIVES (MTIC) .......................................................................151 4.1.4 VALUE FOR MONEY AUDIT ON PROVISION OF PREVENTIVE, CURATIVE AND PALLIATIVE CARDIOVASCULAR SERVICES BY THE UGANDA HEART INSTITUTE ................................153 4.1.5 VALUE FOR MONEY AUDIT ON THE PROVISION OF FERRY SERVICES BY MINISTRY OF WORKS AND TRANSPORT, UGANDA NATIONAL ROADS AUTHORITY AND UGANDA RAILWAYS CORPORATION ............................................................................................................155 4.1.6 FOLLOW-UP REPORT ON THE STATUS OF IMPLEMENTATION OF AUDIT RECOMMENDATIONS OF THE VALUE FOR MONEY AUDIT ON THE UGANDA REPRODUCTIVE MATERNAL AND CHILD HEALTH SERVICES IMPROVEMENT PROJECT [URMCHIP] BY THE MINISTRY OF HEALTH .................................................................................................159 4.1.7 VALUE FOR MONEY AUDIT REPORT ON THE IMPLEMENTATION OF THE TAXPAYER REGISTER EXPANSION PROGRAMME (TREP) FOR ENHANCEMENT OF REVENUE COLLECTIONS BY UGANDA REVENUE AUTHORITY (URA) AND OTHER COLLABORATING AGENCIES ...................................................................................................................160 4.1.8 VALUE FOR MONEY AUDIT REPORT ON THE MANAGEMENT OF TAX INCENTIVES AND EXPENDITURE IN UGANDA BY THE MINISTRY OF FINANCE PLANNING AND ECONOMIC DEVELOPMENT ............................................................................................................164 4.1.9 VALUE FOR MONEY AUDIT ON INSPECTION OF SCHOOLS BY THE DIRECTORATE OF EDUCATION STANDARDS IN THE MINISTRY OF EDUCATION AND SPORTS ....................166 4.1.10 VALUE FOR MONEY AUDIT TO ASSESS THE EFFECTIVENESS OF THE DIRECTORATE OF FISHERIES RESOURCES (DIFRS) IN REGULATING THE FISHING EFFORT IN UGANDA .....169 4.1.11 VALUE FOR MONEY AUDIT ON THE OPERATIONAL EFFICIENCY OF CUSTOMS CENTRES /STATIONS IN THE UGANDA REVENUE AUTHORITY ......................................................173 4.1.12 VALUE FOR MONEY AUDIT ON GOVERNMENT OF UGANDA’S EFFORTS AND PROGRESS TOWARDS ATTAINING FOOD SECURITY THROUGH ADAPTATION OF CLIMATE-RESILIENCE STRATEGIES IN THE AGRICULTURAL SECTOR IN LINE WITH NATIONALLY AGREED SDG TARGETS 2.3 AND 2.4 .................................................................................................176 4.1.13 VALUE FOR MONEY AUDIT REPORT ON THE DELIVERY OF UNIVERSAL PRIMARY EDUCATION IN UGANDA .................................................................................................................182 v 4.1.14 VALUE FOR MONEY AUDIT REPORT ON THE OPERATION AND MAINTENANCE OF ELECTRICITY INFRASTRUCTURE UGANDA ELECTRICITY TRANSMISSION COMPANY LIMITED ..................................................................................................................................185 4.1.15 VALUE FOR MONEY AUDIT TO ASSESS THE GOVERNMENT OF UGANDA’S PROGRESS IN PROVIDING EQUITABLE AND AFFORDABLE ACCESS TO EDUCATION SERVICES FOR LEARNERS WITH SPECIAL NEEDS, IN ACCORDANCE WITH SDG TARGET 4.5” ................187 4.1.16 VALUE FOR MONEY AUDIT ON FACILITATION OF CLIMATE CHANGE MAINSTREAMING IN SELECTED SECTORS AND LOCAL GOVERNMENTS BY THE MINISTRY OF WATER AND ENVIRONMENT’S CLIMATE CHANGE DEPARTMENT ........................................................190 4.1.17 VALUE FOR MONEY AUDIT ON ASSESSMENT OF THE CONTRIBUTION OF ANIMAL BREEDING INTERVENTIONS BY NATIONAL ANIMAL GENETIC RESOURCES CENTRE AND DATA BANK (NAGRC&DB) TOWARDS SUSTAINABLE LIVESTOCK PRODUCTIVITY AND CONSERVATION.",governance_and_controls
2023,".........................................................................................................195 4.1.18 GLOBAL FUND TUBERCLOSIS-GRANT PROGRAMMATIC AUDIT REPORT FOR THE PERIOD JANUARY-DECEMBER, 2022..........................................................................................199 4.1.19 VALUE FOR MONEY AUDIT ON THE EFFECTIVENESS OF INTERVENTIONS BY THE UGANDA NATIONAL BUREAU OF STANDARDS TO REGULATE THE QUALITY OF LOCALLY MANUFACTURED GOODS .............................................................................................203 4.1.20 VALUE FOR MONEY AUDIT ON THE IMPLEMENTATION OF THE NEW LOWER SECONDARY CURRICULUM BY NATIONAL CURRICULUM DEVELOPMENT CENTRE ...............................206 4.1.21 VALUE FOR MONEY AUDIT REPORT ON THE PROVISION OF AGRICULTURAL EXTENSION SERVICES TO FARMERS IN UGANDA .............................................................................212 4.1.22 A VALUE FOR MONEY AUDIT REPORT ON THE PROVISION OF SUPER SPECIALISED ONCOLOGY SERVICES BY UGANDA CANCER INSTITUTE ................................................216 4.1.23 A VALUE FOR MONEY AUDIT ON THE IMPLEMENTATION OF THE MOUNT RWENZORI TOURISM INFRASTRUCTURE DEVELOPMENT PROJECT (MRTIDP) ..................................218 4.1.24 CONSOLIDATED BASELINE VALUE FOR MONEY AUDIT AND ASSESSMENT REPORT OF THE UGANDA INTERGOVERNMENTAL FISCAL TRANSFERS PROGRAM (UGIFT) IN WATER AND ENVIRONMENT, PRODUCTION AND MARKETING SECTORS, AND PREVAILING CONDITIONS IN REFUGEE HOSTING DISTRICTS FOR THE FINANCIAL YEAR 2019/2020 ......................221 4.1.25 VALUE FOR MONEY AUDIT REPORT ON INITIATIVES TO ADDRESS THE STREET CHILDREN PHENOMENON IN UGANDA BY THE MINISTRY OF GENDER, LABOUR AND SOCIAL DEVELOPMENT ............................................................................................................231 4.2 A REPORT OF THE AUDITOR GENERAL ON THE GOVERNMENT OF UGANDA PUBLIC FINANCIAL MANAGEMENT SYSTEM FOR THE FINANCIAL YEAR ENDED 30TH JUNE 2023 ..236 4.3 ENGINEERING/PUBLIC WORKS AUDITS ........................................................................245 vi 4.3.1 ENGINEERING AUDIT ON A SELECTED SAMPLE OF INFRASTRUCTURE PROJECTS IMPLEMENTED BY THE MINISTRY OF AGRICULTURE ANIMAL INDUSTRY AND FISHERIES (MAAIF) UNDER THE AGRICULTURE CLUSTER DEVELOPMENT PROJECT (ACDP) .............246 4.3.2 ENGINEERING AUDIT ON A SELECTED SAMPLE OF INFRASTRUCTURE PROJECTS IMPLEMENTED BY THE OFFICE OF THE PRIME MINISTER (OPM) IN FINANCIAL YEARS 2020/2021 AND 2022/2023 ..........................................................................................256 4.3.3 SPECIAL AUDIT ON ALLEGED MISMANAGEMENT OF FUNDS FOR KANARA WATER SUPPLY PROJECT IN KITAGWENDA DISTRICT (PHASE II &III) AND KIKAZI-NTARA ROAD ...........266 4.3.4 ENGINEERING AUDIT ON SELECTED URBAN INFRASTRUCTURE PROJECTS IMPLEMENTED BY THE UGANDA SUPPORT TO MUNICIPAL INFRASTRUCTURE DEVELOPMENT ADDITIONAL FINANCING PROGRAM (USMID-AF) PARTICIPATING MUNICIPAL COUNCILS AND CITIES 271 4.3.5 ENGINEERING AUDIT AND ASSESSMENT OF INFRASTRUCTURE PROJECTS IMPLEMENTED BY 73 LOCAL GOVERNMENTS UNDER THE UGIFT PROGRAM FOR CONSTRUCTION OF SEED SCHOOLS AND HEALTH FACILITIES IN THE EDUCATION AND HEALTH SECTORS ...........274 PART 5: INFORMATION SYSTEMS (IS), FORENSIC AND SPECIAL AUDITS .....................................276 5.1 INFORMATION SYSTEMS (IS) AUDITS ..........................................................................276 5.1.1.",other
2023,"VERIFICATION REPORT FOR INFORMATION SYSTEMS AUDIT OF THE AGRICULTURE CLUSTER DEVELOPMENT PROJECT ELECTRONIC VOUCHER MANAGEMENT SYSTEM (E- VOUCHER) AT THE MINISTRY OF AGRICULTURE, ANIMAL INDUSTRY AND FISHERIES (MAAIF) ......................................................................................................................279 5.2 FORENSIC AUDITS ......................................................................................................280 5.2.1 INVESTIGATION REPORT ON COVID-19 EXPENDITURE BY THE UGANDA DEVELOPMENT CORPORATION FOR THE FINANCIAL YEAR 2020/21 ......................................................280 5.2.2 FORENSIC INVESTIGATION REPORT INTO THE ALLEGED CORRUPTION AND ABUSE OF OFFICE AT THE UGANDA LAND COMMISSION ...............................................................281 5.2.3 THE FORENSIC INVESTIGATION REPORT INTO THE BENEFICIARIES OF THE COVID-19 RELIEF FUNDS AT THE MINISTRY OF GENDER, LABOUR AND SOCIAL DEVELOPMENT IN JULY AND AUGUST 2021 ......................................................................................................282 vii 5.3 SPECIAL AUDITS .........................................................................................................283 5.3.1 SPECIAL AUDIT REPORT ON UPDATE/RECONFIRMATION OF LIABILITIES OF BUSOGA UNIVERSITY ................................................................................................................283 5.3.2 SPECIAL AUDIT REPORT ON VERIFICATION OF AMOUNT PAYABLE TO M/S STEAM INVESTMENTS LTD BY UGANDA ELECTRICITY TRANSMISSION COMPANY LIMITED ........284 5.3.3 SPECIAL AUDIT ON THE VERIFICATION OF ASSETS AND LIABILITIES OF MOUNTAINS OF THE MOON UNIVERSITY ..............................................................................................284 5.3.4 SPECIAL AUDIT REPORT ON EIGHT GRID EXTENSION PROJECTS IMPLEMENTED BY RURAL ELECTRIFICATION AGENCY UNDER MINISTRY OF ENERGY AND MINERAL DEVELOPMENT.",other
2023,"...........................................................................................................285 5.3.5 SPECIAL AUDIT ON THE CONSTRUCTION OF SELECTED COURTS UNDER THE JUDICIARY ..................................................................................................................286 5.3.6 SPECIAL AUDIT REPORT ON ALLEGED MISMANAGEMENT OF FUNDS FOR KANARA WATER SUPPLY PROJECT IN KITAGWENDA DISTRICT (PHASE II &III) AND KIKAZI-NTARA ROAD ..........................................................................................................................287 5.3.7 FORENSIC INVESTIGATION REPORT INTO COVID-19 RESPONSE FUNDS IN MINISTRY OF GENDER, LABOUR AND SOCIAL DEVELOPMENT (MOGLSD) ............................................288 5.3.8 OTHER SPECIAL AUDITS ON VALUATIONS AND VERIFICATIONS ...................................288 PART 6: HIGHLIGHTS FROM LOCAL GOVERNMENT AUDITS .........................................................290 6.1.",other
2023,TRANSITIONAL ROAD REHABILITATION GRANT ...........................................................300 6.6.,other
2023,UGIFT INFRASTRUCTURE PROJECTS IMPLEMENTED ON UNTITLED LAND ......................304 6.8.,other
2023,IMPLEMENTATION OF UGANDA ROAD FUND ................................................................305 6.9.,other
2023,"UGANDA SUPPORT TO MUNICIPAL INFRASTRUCTURE DEVELOPMENT, ADDITIONAL FINANCING (USMID-AF)...............................................................................................306 6.10.",other
2023,DISTRICT RURAL WATER SUPPLY AND SANITATION CONDITIONAL GRANT (DWSSCG) ..309 viii LIST OF TABLES Table 1: Summary of Performance .................................................................................................,other
2023,247 Table 44: Table showing delayed completion of works on ten projects .........................................,other
2023,248 Table 45: Table showing delayed contractor payments attracting interest ....................................,other
2023,251 Table 52: Table showing contracts with omissions in the designs which could compromise the performance and safety of the constructed infrastructure ................................................,other
2023,276 Table 62: Schedule of implement various infrastructure projects UGX.6.499Bn .............................,other
2023,296 x Table 64: completed infrastructure worth UGX.12.041Bn not in use by the communities due to lack of medical equipment ........................................................................................................,other
2023,"310 xi LIST OF ACRONYMS ACRONYM MEANING ACU Anti-Corruption Unit of State House AG Auditor General AO Accounting Officer BFPs Budget Framework Paper Bn Billion BoU Bank of Uganda CAs Contracting Authorities CFR Central Forest Reserve CGV Chief Government Valuer DGAL Directorate of Government Analytical Laboratory DLB District Land Board E-LogRev Electronic Local Government Revenue Collection System ENT Ear Nose Throat FY Financial Year GDP Gross Domestic Product GoU Government of Uganda HSC Health Service Commission ICS Infra Consulting Services ICT Information Communication Technology IDA International Development Association IESBA International Ethics Standards Board for Accountants IFMS Integrated Financial Management System IMF International Monetary Fund KIS Kalangala Infrastructure Services MAAIF Ministry of Agriculture Animal Industry and Fisheries MDAs Ministries, Departments and Agencies MEMD Ministry of Energy and Mineral Development MOFPED Ministry of Finance, Planning, and Economic Development MoGLSD Ministry of Gender Labour and Social Development MoH Ministry of Health MoU Memoranda of Understanding MTEF Medium Term Expenditure Framework NAA National Audit Act NBI National Backbone Infrastructure NDP National Development Plan NDPII Second National Development Plan NEF National Environment Fund NEMA National Environment Management Authority NFA National Forestry Authority NGO Non-Governmental Organisation NIN National Identification Number NIRA National Identification Registration Authority NPA National Planning Authority NSACARJA Nsambya Carpentry, Joinery, Craft and Training Agency NWSC National Water and Sewerage Corporation OAG Office of the Auditor General PAPs Project Affected Persons PDMF Public Debt Management Framework PFMA Public Finance Management Act, 2015 PS/ST Permanent Secretary/Secretary to the Treasury PSST Permanent Secretary and Secretary to Treasury xii ACRONYM MEANING TAI Treasury Accounting Instructions, 2016 TIN Tax Identification Number Tn Trillion TWGs Technical Working Groups UCC Uganda Communications Commission UCF Uganda Consolidated Fund UDC Uganda Development Corporation UETCL Uganda Electricity Transmission Company Limited UGX Uganda Shillings UNRA Uganda National Roads Authority URA Uganda Revenue Authority URMCHSIP Uganda Reproductive Maternal and Child Health Service Improvement Project USD United States Dollars USMID Uganda Support for Municipal Infrastructure Development WMD Wetlands Management Department YIGs Youth Interest Groups YLP Youth Livelihood Programme ToTs Trainer of Trainers HLG Higher Local Government iHRIS Integrated Human Resource Information System DiFRs Directorrate of Fisheries and Resources BoQs Bill of Quantities xiii GLOSSARY OF TERMS Term Definition Classified Expenditure The expenses and commitments incurred by an authorised agency for the collection and dissemination of information related to national security interests Contingent Liability A potential liability that may occur depending on the outcome of an uncertain future event.",claims_and_liabilities
2023,Table 28: Liquidity Assessment No Entity Current Ratio Remarks 2022/2023 2021/2022 1 Uganda Development corporation 56.4 46.3 No management response 2 Mandela National Stadium 45.70 30.03 The decline in revenue generated during the year under review was attributed to the fact that the Company did not receive the balance of UGX.17.764Bn government support to complete the renovation works for phase one 3 NEC Farm Katonga Limited 39.20 0.00 No management response 4 NEC Luwero Industries Limited 23.20 20.30 No management response 5 Uganda Electricity Distribution Company 12.50 10.50 This performance was attributed to an increase in the Company’s current asset during the year under review 6 Soroti Fruits Limited 9.60 4.90 This performance was attributed to an abrupt increase in current assets from UGX.3.317 Bn in the previous year to UGX.,other
2023,"Table 33: Utilization of warrants by Programmes No Program Name Sum of Total Warrants (UGX) Tn Sum of Total payments (UGX) Tn Variance (UGX) Tn 1 Agro-Industrialization 0.906 0.830 0.076 2 Mineral Development 0.016 0.015 0.000 3 Sustainable Petroleum Development 0.835 0.831 0.004 4 Manufacturing 0.519 0.508 0.011 5 Tourism Development 0.113 0.109 0.004 6 Natural Resources, Environment, Climate Change, Land And Water 0.369 0.345 0.024 7 Private Sector Development 1.571 1.563 0.008 8 Sustainable Energy Development 0.482 0.471 0.011 9 Integrated Transport Infrastructure And Services 2.899 2.837 0.062 10 Sustainable Urbanisation And Housing 0.091 0.090 0.001 11 Digital Transformation 0.212 0.208 0.005 12 Human Capital Development 7.362 6.910 0.451 13 Innovation, Technology Development And Transfer 0.214 0.214 0.000 14 Public Sector Transformation 0.841 0.746 0.095 15 Community Mobilization And Mindset Change 0.101 0.098 0.003 16 Governance And Security 7.902 7.811 0.092 67 No Program Name Sum of Total Warrants (UGX) Tn Sum of Total payments (UGX) Tn Variance (UGX) Tn 17 Regional Balanced Development 0.053 0.049 0.004 18 Development Plan Implementation 17.333 14.543 2.790 19 Administration Of Justice 0.391 0.365 0.026 20 Legislation, Oversight And Representation 0.915 0.906 0.009 Total* 43.124 39.449 3.676 *The warrants of UGX.43.124Tn are different from the total GoU warrants of UGX.49.226Tn by UGX.6.102Tn which relates to project financing and local revenue.",governance_and_controls
2023,"Table 35: Table showing funds absorption climate change, natural resource programme SN Project Funder Available funds (UGX Bn)4 Funds Utilised (UGX Bn) Percentage absorption 1 Integrated Water Management and Development Project World Bank-IDA 152.053 71.792 47% 2 Farm Income Enhancement and Forest Conservation Programme Project 3 Islamic Developme nt Bank 1.871 0.569 30% 3 Irrigation for Climate Resilience Project World Bank-IDA 76.4 36.7 48% 4 Investing in Forests and Protected Areas for Climate- smart Development project IDA 26.205 7.566 28% 4 USD Amounts Translated at $1=UGX 3670 100 SN Project Funder Available funds (UGX Bn)4 Funds Utilised (UGX Bn) Percentage absorption 5 Water Supply and Sanitation on Refugee Hosting Communities in Northern Uganda (KfW) Project German Financial Cooperatio n (KfW) 33.96 23.96 70% 6 Makerere University Regional Centre for Crop Improvement (MaRCCI) World Bank 4.451 2.169 49% 7 OPEC Fund for International Development Project – Phase II World Bank-IDA 41.67 15.35 37% 8 Uganda Secondary Education Expansion Project (USEEP), for the year 30th June 2023 are prepared in all material respects, in accordance with the I World Bank-IDA 41.044 1.353 3% 9 Energy for Rural Transformation Project- Phase III (ERT III-PCU) IDA 5.386 3.853 72% 10 Grid Expansion and Reinforcement Project World Bank 180.613 93.634 52% 11 Masaka-Mbarara Transmission Line Project AfD and KfW 27.326 22.973 84% 12 Strengthening the Management of the Oil and Gas Sector in Uganda programme (SMOGP) Royal Norway Governmen t 0.445 0.322 72% Total 591.424 280.241 47% The under absorption of project funds was mainly attributed to procurement delays, hybrid approval processes, contract management, delayed compensation of Project Affected Persons (PAPs), delays in recruitment of project staff, among other things.",procurement_irregularities
2024,23 1.9 Review of Share Purchase in M/s ROKO Construction Ltd .........................................................,other
2024,32 1.14 Procurement Management ......................................................................................................,procurement_irregularities
2024,63 2.1.2 Integrated Transport Infrastructure and Services Program .......................................................,other
2024,71 2.1.5 Sustainable Energy Development Programme ..........................................................................,other
2024,"85 2.1.12 Climate Change, Natural Resources, Environment & Water Management Programme .................",other
2024,41 Table 9: Progress of construction of the Aquaculture Parks ..................................................................,other
2024,225 Table 53: Procurement issues noted.................................................................................................,procurement_irregularities
2024,236 Table 66: Procurement Issues .........................................................................................................,procurement_irregularities
2024,237 Table 67: Inadequacies in Contract Formulation................................................................................,other
2024,238 Table 68: Delayed Engagement of Supervising Consultants ...............................................................,other
2024,310 Appendix 3: Procurement budgets for entities on e-GP ......................................................................,procurement_irregularities
2024,313 viii Appendix 4: Details of other procurement Observations ....................................................................,procurement_irregularities
2024,"557 ix LIST OF ACRONYMS ACRONYM MEANING AFROSAI-E African Organization of English-Speaking Supreme Audit Institutions AG Auditor General AO Accounting Officer BIMS Building Industry Management System Bn Billion BoU Bank of Uganda CAR Combined Audit Report CBC Competency-Based Curriculum CGV Chief Government Valuer CMTs Contract Management Teams DCIC Directorate of Citizenship and Immigration Control DDEG District Discretionary Equalization Grant DMFAS Debt Management and Financial Analysis System DSCs District Service Commissions DWSSCG District Water Supply and Sanitation Conditional Grant EACOP East African Crude Oil Pipeline ECCMIS Electronic Court Case Management Information System EFRIS Electronic Fiscal Receipting and Invoicing System e-GP Electronic Government Procurement E-LogRev Electronic Local Government Revenue Collection System EMHS Essential Medicines and Health Supplies EPS Express Penalty Scheme ERC Enumeration and Registration Committee FY Financial Year G2B Government to Business GDP Gross Domestic Product GMS Grants Management System GoU Government of Uganda HCs Health Centres HCMS Human Capital Management System HLGs Higher Local Governments ICT Information Communication Technology IDA International Development Association IESBA International Ethics Standards Board for Accountants IFMS Integrated Financial Management System IGFTRP Intergovernmental Fiscal Transfers Reform Program IMCMHH Inter-Ministerial Committee on Menstrual Health and Hygiene INTOSAI International Organization of Supreme Audit Institutions IP Intellectual property IRAS Integrated Revenue Management System IS Information Systems ISSAIs International Standards of Supreme Audit Institutions KCCA Kampala Capital City Authority KIS Kalangala Infrastructure Services KOPGT Kalangala Oil Palm Growers Trust LCs Letters of Credit LEGS Local Economic Growth Support LGRMIS Local Government Revenue Collection and Management System x ACRONYM MEANING LLGs Lower Local Governments LST Local Service Tax MDAs Ministries, Departments and Agencies MEPS Minimum Energy Performance Standards MHHM Menstrual Health and Hygiene Management MIDAS Migration Information and Data Analysis System MOFPED Ministry of Finance, Planning, and Economic Development MoICT&NG Ministry of Information, Communications Technology and National Guidance MoPS Ministry of Public Service MoU Memoranda of Understanding MSC Microfinance Support Centre MTEF Medium Term Expenditure Framework NAA National Audit Act NBI National Backbone Infrastructure NCDC National Curriculum Development Centre NDP National Development Plan NEC National Enterprises Corporation NFASS National Food and Agricultural Statistical System NMS National Medical Stores NPA National Planning Authority NPDRI National Petroleum Data Repository Infrastructure NTR Non-Tax Revenue NWSC National Water and Sewerage Corporation OAG Office of the Auditor General OSH Occupational Safety and Health PAPs Project Affected Persons PDCs Parish Development Committees PDE Procuring and Disposing Entity PDM Parish Development Model PDMF Public Debt Management Framework PDMIS Parish Development Model Information System PFMA Public Finance Management Act PFMR Public Finance Management Regulations PIMS Project Implementation Management System PISCES Personal Identification Secure Comparison and Evaluation System PPC Physical Planning Committee PPDA Public Procurement and Disposal of Public Assets Authority PRF Parish Revolving Fund PS/ST Permanent Secretary/Secretary to the Treasury PSC Public Service Commission RAPEX Rationalization of Government Agencies and Public Expenditure SACCOs Savings and Credit Cooperative Societies SDGs Sustainable Development Goals SORA Shared Overall Risk Assessment TAI Treasury Accounting Instructions TELA Teacher Effectiveness and Learner Achievement System TIN Tax Identification Number Tn Trillion TRT Technical Review Team UBoS Uganda Bureau of Statistics xi ACRONYM MEANING UDLS Uganda Driver Licensing System UgIFT Uganda Intergovernmental Fiscal Transfer UGX Uganda Shillings ULRC Uganda Law Reform Commission UNOC Uganda National Oil Company UNRA Uganda National Roads Authority URA Uganda Revenue Authority URF Uganda Road Fund URMCHSIP Uganda Reproductive Maternal and Child Health Service Improvement Project USD United States Dollars USMID Uganda Support for Municipal Infrastructure Development USMID Uganda Support to Municipal Infrastructure Development UTL Uganda Telecom Limited UWEP Uganda Women Empowerment Project VFM Value for Money YLP Youth Livelihood Program xii GLOSSARY OF TERMS TERM DEFINITION Classified Expenditure The expenses and commitments incurred by an authorised agency for the collection and dissemination of information related to national security interests Contingent Liability A potential liability that may occur depending on the outcome of an uncertain future event.",procurement_irregularities
2025,24 1.9.3 Failure to prepare multi-year procurement plans ................................................................,procurement_irregularities
2025,59 2.1.1.2 Procurement and Distribution of Essential Medicines and Health Supplies ............................,procurement_irregularities
2025,64 iii 2.1.1.8 Delayed repurposing of Non-Core Primary Teachers’ Colleges .............................................,other
2025,65 2.1.1.9 Construction of Stadia and training facilities in Preparation for CHAN and AFCON games ......,other
2025,66 2.1.2 Integrated Transport Infrastructure and Services Program ..................................................,other
2025,67 2.1.2.2 Delays of Works on Road Projects .....................................................................................,other
2025,69 2.1.2.5 Road Maintenance Grant ...................................................................................................,other
2025,69 2.1.2.6 Road Inventory and Condition Surveys ..............................................................................,other
2025,70 2.1.2.7 Status of LG Road Equipment ............................................................................................,other
2025,70 2.1.2.8 Inspection of Implemented Road Maintenance Works .........................................................,other
2025,75 2.1.4.2 Inadequate In country product handling and storage Infrastructure ....................................,other
2025,76 2.1.5 Sustainable Energy Development Programme.....................................................................,other
2025,77 2.1.5.2 Electricity Transmission .....................................................................................................,other
2025,78 2.1.5.3 Electricity Distribution .......................................................................................................,other
2025,"92 2.1.11 Climate Change, Natural Resources, Environment & Water Management Programme ............",other
2025,102 2.1.12.12 Delayed finalisation of strategic plans and local development plans ...................................,other
2025,104 2.1.13.1 Review of the construction of the National Biosciences Park facility ...................................,other
2025,"107 2.1.15.1 Non-functional, delayed development and operationalization of the complete PDMIS ........",other
2025,108 2.1.15.3 Accumulation of unpaid bills for maintenance of the National Backbone Infrastructure ........,other
2025,"110 2.1.16.1 Delays in titling of land for seed schools , health and road infrastructure ...........................",other
2025,173 vi 3.1.14 Implementation of Solar Powered Water Supply and Irrigation Systems by Ministry of Water and Environment ............................................................................................................,other
2025,185 3.1.18 Management of Road Weighbridges by the Ministry of Works and Transport .......................,other
2025,194 3.1.21 Follow up Report on Value for Money audit on Utilisation of the District Water and Sanitation Conditional Grant by Selected District Local Governments .................................................,other
2025,199 3.1.24 Follow up Report on the VFM Audit on the Procurement and Distribution of Essential Medicines and Health Supplies by the National Medical Stores ..........................................................,procurement_irregularities
2025,203 3.2.1 Engineering audit of Infrastructure Projects Implemented by Kampala Capital City Authority under the Kampala City Roads Rehabilitation Project ........................................................,other
2025,204 3.2.2 Value for Money Audit/Assessment on Selected Infrastructure Projects Implemented by Entities Participating in the Greater Kampala Metropolitan Area Urban Development Program .........,other
2025,232 5.1.1 Inadequacies in Procurement Planning and Budgeting ........................................................,procurement_irregularities
2025,233 5.1.3 Non-Adherence to Procurement Plans ...............................................................................,procurement_irregularities
2025,233 5.1.4 Delayed Submission of Orders to NMS ...............................................................................,other
2025,234 5.1.6 Delayed Deliveries by NMS ...............................................................................................,other
2025,240 5.2.7 Physical inspections of USE Schools’ Infrastructure.............................................................,other
2025,244 5.4 Road Maintenance Grant ..................................................................................................,other
2025,245 5.4.1 Road Inventory and Condition Surveys ..............................................................................,other
2025,246 5.4.2 Status of LG Road Equipment ...........................................................................................,other
2025,246 5.4.3 Inspection of Implemented Road Maintenance Works ........................................................,other
2025,"573 xii LIST OF ACRONYMS Acronym Meaning GKMA-UDP Kampala Metropolitan Area Urban Development Program MWE Ministry of Water and Environment UgNLIS Uganda National Lands Information System ACTs Anti-Cancer Treatments ADB African Development Bank AFCON Africa Cup of Nations AG Auditor General AML Anti-Money Laundering AO Accounting Officer ARV Anti-retroviral AY Academic Year BFPs Budget Framework Paper Bn Billion BOGs Boards of Governors BoU Bank of Uganda CCM Country Coordinating Mechanism CCUs Coronary Care Units CEAP Clean Energy Access Project CEDP Competitiveness and Enterprise Development Project CFOs Chief Finance Officers CFRs Central Forest Reserves CGV Chief Government Valuer CHAN African Nations Championship CID Criminal Investigations Directorate CVC Compensation Verification Committee DDEG Discretionary Development Equalisation Grant DGAL Directorate of Government Analytical Laboratory DLB District Land Board DLGs District Local Governments DMIS Disability Management Information System DPAC District Public Accounts Committee DST Digital Service Tax DTS Digital Tax Stamps DTAs Double Taxation Agreements DWD Directorate of Water Development DWSCG District Water and Sanitation Conditional Grant EAC East African Community EACOP East African Crude Oil Pipeline EASP Electricity Access Scale up project ECMMIS Electronic Court Case Management Information System EDRMS Electronic Document and Records Management System EFRIS Electronic Fiscal Receipting and Invoicing Solution xiii Acronym Meaning E-GP Electronic Government Procurement System ELMIS Environment Licensing and Management Information System E-LogRev Electronic Local Government Revenue Collection System EMHS Essential Medicines and Medical Supplies EMIS Education Management Information System EPS Express Penalty Scheme ERA Electricity Regulatory Authority ERC Enumeration and Registration Committees ETP Energy Transition Plan FCU Funds Coordination Unit FIA Financial Intelligence Authority FMD Foot and Mouth FMIS Forest Management Information System FY Financial Year GC Governing Councils GDP Gross Domestic Product GEF Global Environmental Fund GoU Government of Uganda GWh Gigawatt hours HDUs High Dependency Units HLGs Higher Local Governments HRM Human Resource Management HVAC Heating, Ventilation and Air Conditioning ICCA International Congress and Convention Association ICT Information Communication Technology ICUs Intensive Care Units IDA International Development Association IEC Information, Education, and Communication IESBA International Ethics Standards Board for Accountants IFMS Integrated Financial Management System IMF International Monetary Fund IPFs Indicative Planning Figures IPPs Independent Power Producers IRAS Integrated Revenue Administration System IS Information Systems ISSAI International Standards of Supreme Audit Institutions JLOS Justice, Law and Order Sector JOs Juvenile Offenders KCCA Kampala Capital City Authority KCRRP Kampala City Roads Rehabilitation Project LEGS Local Economic Growth Support Project LGDPs Local Government Development Plans LGFAR Local Governments.",procurement_irregularities
2025,"Financial and Accounting Regulations LGs Local Governments xiv Acronym Meaning LHP Lubowa Housing Project LLGs Lower Local Governments M&E Monitoring & Evaluation MAAIF Ministry of Agriculture Animal Industry and Fisheries MDAs Ministries, Departments and Agencies MEMD Ministry of Energy and Mineral Development Mn Million MNOs Mobile Network Operators MNS Mandela National Stadium MoES Ministry of Education and Sports MoFA Ministry of Foreign Affairs MoFPED Ministry of Finance, Planning, and Economic Development MoGLSD Ministry of Gender, Labour and Social Development MoH Ministry of Health MoICT&NG Ministry of Information, Communications Technology and National Guidance MoLHUD Ministry of Lands, Housing and Urban Development MoU Memoranda of Understanding MoWT Ministry of Works and Transport MSME Micro, Small and Medium Enterprises MTEF Medium Term Expenditure Framework MUST Mbarara University of Science and Technology MVCA Mineral Value Chain Analysis MZOs Ministry Zonal Offices NAA National Audit Act Cap 170 NBI National Backbone Infrastructure NCDs Non-Communicable Diseases NCHE National Council for Higher Education NDP National Development Plan NEC National Enterprises Corporation NEMA National Environment Management Authority NFA National Forestry Authority NHCCL National Housing and Construction Company Limited NICU New-born Intensive Care Units NIRA National Identification and Registration Authority NITA-U National Information Technology Authority of Uganda NMS National Medical Stores NPA National Planning Authority NRHs National Referral Hospitals NSDI National Spatial Data Infrastructure NSG National Special Grant NSG-PWD National Special Grant for Persons with Disabilities NTR Non-Tax Revenue OAG Office of the Auditor General xv Acronym Meaning OBRS Online Business Registration System ODPP Office of the Director of Public Prosecutions OHS Occupational Safety and Health OPBL Oil Palm Buvuma Limited OPM Office of the Prime Minister OSBC One Stop Business Centre OSCs One Stop Centres PAPs Project Affected Persons PAU Petroleum Authority of Uganda PDM Parish Development Model PDMIS Parish Development Model Management System PDUs Procurement and Disposal Units PFMA Public Finance Management Act Cap 171 PIMS Prisons Information Management System PIP Public Investment Plan POATE Pearl of Africa Tourism Expo PSC Public Service Commission PSST Permanent Secretary and Secretary to the Treasury PSWOs Probation and Social Welfare Officers PTCs Primary Teacher Colleges PWDs Persons with Disabilities QAS Quality Assurance System RAPEX Rationalisation of Public Expenditure RIF Research and Innovation Fund ROA Return on Assets RoW Right of Way RRC Remand Homes and Rehabilitation Centres RRHs Regional Referral Hospitals SC Sub-County SDGs Sustainable Development Goals SIMPRS Security Interest in Movable Property Registry System SOPs Standard Operating Procedures SORA Shared Overall Risk Assessment TAT Tax Appeals Tribunal TB Tuberculosis TBC Technology Business Incubation TC Town Council TPCA Tax Procedures Code Act Cap 343 TELA Teacher Effectiveness and Learner Achievement THP Temangalo Housing Project TIMS Tourism Information Management System TM Treasury Memorandum Tn Trillion TRM Taxpayer Register Management xvi Acronym Meaning TUGs Target User Groups TVET Technical Vocational Education and Training UBC Uganda Broadcasting Corporation UCAA Uganda Civil Aviation Authority UCC Uganda Communications Commission UCREPP Uganda - COVID-19 Response and Emergency Preparedness Prgramme UCUSAF Uganda Communications Universal Service and Access Fund UDC Uganda Development Corporation UEGCL Uganda Electricity Generation Company Limited UETCL Uganda Electricity Transmission Company Limited UgIFT Uganda Inter-Governmental Fiscal Transfers Program UGX Uganda Shillings UHTTI Uganda Hotel and Tourism Training Institute UIA Uganda Investment Authority UIRI Uganda Industrial Research Institute UKEF United Kingdom Export Finance UNEPI Uganda National Expanded Program on Immunisation UNITE Uganda National Institute for Teacher Education UNOC Uganda National Oil Company UNRA Uganda National Roads Authority UPHL Uganda Property Holdings Limited UPOLET Universal Post O’ Level Education and Training UPPC Uganda Printing and Publishing Corporation UPS Uganda Prisons Service UPTC Uganda Posts and Telecommunications Corporation URA Uganda Revenue Authority URSB Uganda Registration Services Bureau USD United States Dollars USE Universal Secondary Education USEEP Uganda Secondary Education Expansion Project USMID-AF Uganda Support to Municipal Infrastructure Development - Additional Financing UTB Uganda Tourism Board UWA Uganda Wildlife Authority UWEC Uganda Wildlife Education Centre UWRTI Uganda Wildlife Research and Training Institute VFM Value for Money VHTs Village Health Teams WHO World Health Organisation xvii GLOSSARY OF TERMS Term Definition Classified Expenditure The expenses and commitments incurred by an authorised agency for the collection and dissemination of information related to national security interests Contingent Liability A potential liability that may occur depending on the outcome of an uncertain future event.",procurement_irregularities
2025,"Table 36: Government Debt Financial year ended Domestic debt (UGX Tn) Foreign debt (UGX Tn) Total (UGX Tn) % Change June 2025 59.019 55.585 114.604 22.43 June 2024 39.159 54.449 93.608 9.30 June 2023 33.168 52.472 85.640 9.95 June 2022 29.425 48.463 77.888 12.55 June 2021 24.889 44.313 69.202 - Source: OAG analysis of public debt database From the table above, I noted a shift towards domestic financing to bridge budget shortfalls as domestic debt increased from UGX.39.16Tn in June 2024 to UGX.59.02Tn in 96 June 2025, surpassing external debt and raising its share of the total portfolio to 51.50% for the period under review from 41.83% in the prior FY 2023/24.",other
