project_name,project_type,contractor_name,contractor_origin,funding_source_name,funding_category,confidence,notes
Isimba Hydropower Project (Isimba HPP),power_generation,,unknown,,unknown,medium,"2019 VFM audit (PAP compensation, Karuma & Isimba HPPs) states 'GoU decided to construct' the projects but names no financier; 2023 mention refers to an unnamed 'EPC contractor'. No specific contractor or funder named in available OAG text."
"UPDF National Referral Hospital, Lower Mbuya",hospital_health,,unknown,,unknown,medium,"Project-specific narrative text was available and read in full, but it does not state a contractor name or funding source/category."
Busega-Mpigi Expressway,road,,unknown,,unknown,medium,"Project-specific narrative text was available and read in full, but it does not state a contractor name or funding source/category."
Entebbe International Airport Upgrading and Expansion Project,airport,China Communications Construction Company (CCCC),foreign,EXIM Bank of China (Government Concession Loan Agreement between GoU and EXIM Bank of China),donor_loan,high,2019 OAG report explicitly names CCCC as EPC Contractor and states the project is financed via a 'Government Concession Loan Agreement between GoU and EXIM Bank of China'; also described as 'externally funded category'.
Kanara Water Supply System (Phase II & III),water_supply,,unknown,,unknown,medium,"Project-specific narrative text was available and read in full, but it does not state a contractor name or funding source/category."
Karuma Hydropower Project,power_generation,,unknown,,unknown,medium,"Same 2019 VFM audit as Isimba HPP: 'GoU decided to construct' Karuma & Isimba HPPs, but no contractor or financier is named in the available OAG text."
Kikazi Street-Ntara Circular Road,road,,unknown,,unknown,medium,"Project-specific narrative text was available and read in full, but it does not state a contractor name or funding source/category."
Kiruddu National Referral Hospital,hospital_health,,unknown,,unknown,medium,"Project-specific narrative text was available and read in full, but it does not state a contractor name or funding source/category."
Mbarara-Nkenda Transmission Line,power_transmission,,unknown,,unknown,medium,"Project-specific narrative text was available and read in full, but it does not state a contractor name or funding source/category."
Mulago National Referral Hospital,hospital_health,,unknown,,unknown,medium,"Project-specific narrative text was available and read in full, but it does not state a contractor name or funding source/category."
New Parliamentary Chambers,other_building,,unknown,,unknown,medium,"Project-specific narrative text was available and read in full, but it does not state a contractor name or funding source/category."
Soroti Regional Referral Hospital,hospital_health,,unknown,,unknown,medium,"Project-specific narrative text was available and read in full, but it does not state a contractor name or funding source/category."
Standard Gauge Railway (SGR) Project,other,,unknown,,unknown,medium,"Project-specific narrative text was available and read in full, but it does not state a contractor name or funding source/category."
Tororo-Gulu Railway Line Rehabilitation,other,,unknown,,unknown,medium,"Project-specific narrative text was available and read in full, but it does not state a contractor name or funding source/category."
Butabika National Referral Mental Hospital,hospital_health,,unknown,,unknown,medium,"Project-specific narrative text was available and read in full, but it does not state a contractor name or funding source/category."
East African Crude Oil Pipeline (EACOP) Project,other,,unknown,,unknown,medium,2022 report states the responsible Company (National Pipeline Company / Uganda Refinery Holding Company group) 'was unable to secure a Joint Venture Partner' for related EPC works; no contractor or funder named for EACOP itself in available text.
Hoima-Nkenda Transmission Line,power_transmission,,unknown,,unknown,medium,"Project-specific narrative text was available and read in full, but it does not state a contractor name or funding source/category."
Kabalega Industrial Park 240MW Substation,power_transmission,,unknown,,unknown,low,A 'HINT funding' ('Grant No...') traced to an unrelated ASAP (agriculture) grant reference in the source table; no genuine funder named for the substation itself. Delay narrative present but no contractor/funder stated.
Kafunta-Buwampa Road (9.5km),road,,unknown,,unknown,medium,"Project-specific narrative text was available and read in full, but it does not state a contractor name or funding source/category."
Kampala Sanitation Program (KSP),water_supply,,unknown,,unknown,medium,"Project-specific narrative text was available and read in full, but it does not state a contractor name or funding source/category."
Kampala Storage Terminal,other_building,,unknown,,unknown,medium,2022 report: EPC works for the Kampala Storage Terminal had no secured Joint Venture Partner as of the audit; no contractor or funder named.
Kampala-Jinja Expressway Project,road,,unknown,,unknown,low,"2024 report cites 'funding and bankability issues' delaying civil works procurement by five years, language consistent with an intended PPP/toll structure, but no financier or contractor is named."
Kawempe National Referral Hospital (KNRH),hospital_health,,unknown,,unknown,medium,"Project-specific narrative text was available and read in full, but it does not state a contractor name or funding source/category."
Kayunga Hospital Rehabilitation Project,hospital_health,Arab Contractors (Osman Ahmed Osman),foreign,,co-financed,medium,"2019 Technical/Engineering Audit (KAYUP project, Ministry of Health) names the contractor (Egyptian firm Arab Contractors Osman Ahmed Osman) and supervising consultants (Dar Engineering / Joadah Consult Ltd). IPCs had distinct 'foreign' and 'GoU' payment components, indicating co-financing, but the specific foreign financier is not named in available text."
Mandela National Stadium (Namboole),stadium,,unknown,,unknown,medium,"Project-specific narrative text was available and read in full, but it does not state a contractor name or funding source/category."
Mukono-Malaba Railway Section Rehabilitation,other,,unknown,,unknown,medium,"Project-specific narrative text was available and read in full, but it does not state a contractor name or funding source/category."
Naguru National Referral Hospital (350-Bed Redevelopment),hospital_health,,unknown,,unknown,medium,"Project-specific narrative text was available and read in full, but it does not state a contractor name or funding source/category."
Nalubaale-Kiira Hydropower Plants Rehabilitation,power_generation,,unknown,,unknown,medium,"Project-specific narrative text was available and read in full, but it does not state a contractor name or funding source/category."
Nansana-Kireka-Biira Road,road,,unknown,,unknown,medium,"Project-specific narrative text was available and read in full, but it does not state a contractor name or funding source/category."
New Kampala Port at Bukasa,other_building,,unknown,,unknown,medium,"Project-specific narrative text was available and read in full, but it does not state a contractor name or funding source/category."
Njeru Government Stock Farm,other_building,,unknown,,unknown,low,"A 'HINT contractor' pointed to National Enterprises Corporation (NEC) Construction Works and Engineering Ltd, but this is an unrelated entity-level financial finding elsewhere in the 2025 report, not about this specific farm project. No genuine contractor/funder information found."
Oil Jetty and Pipeline at JST,other,,unknown,,unknown,medium,2022 report: construction of the oil jetty and connecting pipeline to Jinja Storage Tanks had 'not commenced'; consortium managing Jinja Storage Tanks was seeking to exit its JV; no contractor or funder named.
Tororo-Lira Transmission Line,power_transmission,,unknown,,unknown,medium,"Project-specific narrative text was available and read in full, but it does not state a contractor name or funding source/category."
UWEC Floating Restaurant (Pier),other_building,,unknown,,unknown,medium,"Project-specific narrative text was available and read in full, but it does not state a contractor name or funding source/category."
Yumbe Hospital Rehabilitation Project,hospital_health,Sadeem Al-Kuwait General Trading and Contracting Company,foreign,,co-financed,medium,"2019 Technical/Engineering Audit (KAYUP project, Ministry of Health) names the contractor (Kuwaiti firm) and supervising consultants (Dar Engineering / Joadah Consult Ltd). IPCs had distinct 'foreign' and 'GoU' payment components, indicating co-financing, but the specific foreign financier is not named in available text."
Abok Seed School Construction,school,,unknown,,unknown,low,No contractor or funding information stated in available OAG report text for this project (source sentence(s) are generic district/entity audit summary items).
Acomai Irrigation Scheme,other,,unknown,,unknown,low,No contractor or funding information stated in available OAG report text for this project (source sentence(s) are generic district/entity audit summary items).
Aduku Seed Secondary School,school,,unknown,,unknown,low,No contractor or funding information stated in available OAG report text for this project (source sentence(s) are generic district/entity audit summary items).
Agereger Primary School Classroom Block,school,,unknown,,unknown,low,No contractor or funding information stated in available OAG report text for this project (source sentence(s) are generic district/entity audit summary items).
Amuru Seed Secondary School,school,,unknown,,unknown,low,No contractor or funding information stated in available OAG report text for this project (source sentence(s) are generic district/entity audit summary items).
Anaka Central Primary School Works,school,,unknown,,unknown,low,No contractor or funding information stated in available OAG report text for this project (source sentence(s) are generic district/entity audit summary items).
Arua Regional Office Construction,other_building,,unknown,,unknown,low,No contractor or funding information stated in available OAG report text for this project (source sentence(s) are generic district/entity audit summary items).
Atiak Sugar Factory,other_building,,unknown,,unknown,low,No contractor or funding information stated in available OAG report text for this project (source sentence(s) are generic district/entity audit summary items).
Ayerolwango-Aswa River Community Road,road,,unknown,,unknown,low,No contractor or funding information stated in available OAG report text for this project (source sentence(s) are generic district/entity audit summary items).
Banamywa Seed School,school,,unknown,,unknown,low,No contractor or funding information stated in available OAG report text for this project (source sentence(s) are generic district/entity audit summary items).
Biyaya Secondary School,school,,unknown,,unknown,low,No contractor or funding information stated in available OAG report text for this project (source sentence(s) are generic district/entity audit summary items).
Box Culvert on Ceke Stream,bridge,,unknown,,unknown,low,No contractor or funding information stated in available OAG report text for this project (source sentence(s) are generic district/entity audit summary items).
Bugolobi Project (Uganda Property Holdings),other_building,,unknown,,unknown,low,A 'HINT contractor' ('Company 2') traced to an unrelated Uganda Electricity Transmission Company finding; no genuine contractor/funder information found.
Buhara Seed Secondary School,school,,unknown,,unknown,low,No contractor or funding information stated in available OAG report text for this project (source sentence(s) are generic district/entity audit summary items).
Bukalasa Agricultural College,school,,unknown,,unknown,low,No contractor or funding information stated in available OAG report text for this project (source sentence(s) are generic district/entity audit summary items).
Bukamba Health Centre,hospital_health,,unknown,,unknown,low,No contractor or funding information stated in available OAG report text for this project (source sentence(s) are generic district/entity audit summary items).
Bukango Seed School,school,,unknown,,unknown,low,No contractor or funding information stated in available OAG report text for this project (source sentence(s) are generic district/entity audit summary items).
Bulaga Health Centre Upgrade,hospital_health,,unknown,,unknown,low,No contractor or funding information stated in available OAG report text for this project (source sentence(s) are generic district/entity audit summary items).
Bulamba Primary School Classroom Block,school,,unknown,,unknown,low,No contractor or funding information stated in available OAG report text for this project (source sentence(s) are generic district/entity audit summary items).
Bulegenyi Town Council Water Supply System,water_supply,,unknown,,unknown,low,No contractor or funding information stated in available OAG report text for this project (source sentence(s) are generic district/entity audit summary items).
Bulindo-Nsansa-Namugongo Road,road,,unknown,,unknown,low,No contractor or funding information stated in available OAG report text for this project (source sentence(s) are generic district/entity audit summary items).
Bunambutye Health Centre II-III Upgrade,hospital_health,,unknown,,unknown,low,No contractor or funding information stated in available OAG report text for this project (source sentence(s) are generic district/entity audit summary items).
Bunamwaya-Kisigula-Mutundwe-Mirembe Road,road,,unknown,,unknown,low,No contractor or funding information stated in available OAG report text for this project (source sentence(s) are generic district/entity audit summary items).
Busia One Stop Border Post,other_building,,unknown,,unknown,low,2021 report references 'the contractor' (unnamed) for the Malaba/Busia/Elegu One Stop Border Posts jointly; no name or funder given in available text.
Busoga Loop Railway Line (Iganga-Kigulu section),other,,unknown,,unknown,low,Representative sentence for this project actually concerns the unrelated Kabalega Industrial Park substation (adjacent text in same entity's audit finding); no genuine contractor/funder information found for this railway section.
Butaaka Health Centre II,hospital_health,,unknown,,unknown,low,No contractor or funding information stated in available OAG report text for this project (source sentence(s) are generic district/entity audit summary items).
Buvuma District Administration Block Phase II,other_building,,unknown,,unknown,low,No contractor or funding information stated in available OAG report text for this project (source sentence(s) are generic district/entity audit summary items).
Buvuma Health Centre IV,hospital_health,,unknown,,unknown,low,No contractor or funding information stated in available OAG report text for this project (source sentence(s) are generic district/entity audit summary items).
Bwetyabya UMEA Primary School Facilities,school,,unknown,,unknown,low,No contractor or funding information stated in available OAG report text for this project (source sentence(s) are generic district/entity audit summary items).
Bwondha Primary School Classroom Blocks,school,,unknown,,unknown,low,No contractor or funding information stated in available OAG report text for this project (source sentence(s) are generic district/entity audit summary items).
Cathedral-Mugurusi Road,road,,unknown,,unknown,low,No contractor or funding information stated in available OAG report text for this project (source sentence(s) are generic district/entity audit summary items).
Chakulia Health Centre II to III Upgrade,hospital_health,,unknown,,unknown,low,No contractor or funding information stated in available OAG report text for this project (source sentence(s) are generic district/entity audit summary items).
Chebaser-Kapkwateny Road (NUSAF sub-project),road,,unknown,,unknown,low,No contractor or funding information stated in available OAG report text for this project (source sentence(s) are generic district/entity audit summary items).
China-Uganda Friendship Hospital (Naguru),hospital_health,,unknown,,unknown,low,No contractor or funding information stated in available OAG report text for this project (source sentence(s) are generic district/entity audit summary items).
Chungambe Trading Centre Mini Piped Water Scheme,water_supply,,unknown,,unknown,low,No contractor or funding information stated in available OAG report text for this project (source sentence(s) are generic district/entity audit summary items).
Corner Bangladesh Road Sealing,road,,unknown,,unknown,low,No contractor or funding information stated in available OAG report text for this project (source sentence(s) are generic district/entity audit summary items).
Corner Pa Lagara-Monroc Market Road (14.7km),road,,unknown,,unknown,low,No contractor or funding information stated in available OAG report text for this project (source sentence(s) are generic district/entity audit summary items).
Elegu One Stop Border Post,other_building,,unknown,,unknown,low,"Same OSBP finding as Busia OSBP; contractor referenced but unnamed, no funder given."
Entebbe Hospital,hospital_health,,unknown,,unknown,low,No contractor or funding information stated in available OAG report text for this project (source sentence(s) are generic district/entity audit summary items).
Enterprise Uganda Office Block,other_building,,unknown,,unknown,low,No contractor or funding information stated in available OAG report text for this project (source sentence(s) are generic district/entity audit summary items).
Farm Access Roads Rehabilitation - Bukwo District (11km),road,,unknown,,unknown,low,No contractor or funding information stated in available OAG report text for this project (source sentence(s) are generic district/entity audit summary items).
Farm Access Roads Rehabilitation - Butebo and Pallisa Districts (28km),road,,unknown,,unknown,low,No contractor or funding information stated in available OAG report text for this project (source sentence(s) are generic district/entity audit summary items).
"Farm Access Roads Rehabilitation - Kabonera/Kyasiga/Kyanamukaka, Masaka District (17.7km)",road,,unknown,,unknown,low,No contractor or funding information stated in available OAG report text for this project (source sentence(s) are generic district/entity audit summary items).
Farm Access Roads Rehabilitation - Kamwenge District (37km),road,,unknown,,unknown,low,No contractor or funding information stated in available OAG report text for this project (source sentence(s) are generic district/entity audit summary items).
Farm Access Roads Rehabilitation - Kapchorwa District (13km),road,,unknown,,unknown,low,No contractor or funding information stated in available OAG report text for this project (source sentence(s) are generic district/entity audit summary items).
Farm Access Roads Rehabilitation - Kasanda and Mubende Districts (26km),road,,unknown,,unknown,low,No contractor or funding information stated in available OAG report text for this project (source sentence(s) are generic district/entity audit summary items).
"Farm Access Roads Rehabilitation - Menziro-Kateera/Kasanvu-Kyakatuma/Kyeere, Kyotera District",road,,unknown,,unknown,low,No contractor or funding information stated in available OAG report text for this project (source sentence(s) are generic district/entity audit summary items).
Farm Access Roads Rehabilitation - Mpigi District (7.8km),road,,unknown,,unknown,low,No contractor or funding information stated in available OAG report text for this project (source sentence(s) are generic district/entity audit summary items).
Fort Portal Beneficiation Centre,other_building,,unknown,,unknown,low,No contractor or funding information stated in available OAG report text for this project (source sentence(s) are generic district/entity audit summary items).
Fort Portal Regional Referral Hospital,hospital_health,,unknown,,unknown,low,No contractor or funding information stated in available OAG report text for this project (source sentence(s) are generic district/entity audit summary items).
Fort Portal Substation,power_transmission,,unknown,,unknown,medium,"Project-specific narrative text was available and read in full, but it does not state a contractor name or funding source/category."
Gaba Water Treatment Plant Project,water_supply,,unknown,,unknown,low,No contractor or funding information stated in available OAG report text for this project (source sentence(s) are generic district/entity audit summary items).
Gem Farm Bailey Bridge,bridge,,unknown,,unknown,low,No contractor or funding information stated in available OAG report text for this project (source sentence(s) are generic district/entity audit summary items).
"Gerenge Ferry Landing Site, Katabi Town Council",other_building,,unknown,,unknown,low,No contractor or funding information stated in available OAG report text for this project (source sentence(s) are generic district/entity audit summary items).
Goma HC III Maternity Ward,hospital_health,,unknown,,unknown,low,No contractor or funding information stated in available OAG report text for this project (source sentence(s) are generic district/entity audit summary items).
Gombe Hospital,hospital_health,,unknown,,unknown,low,No contractor or funding information stated in available OAG report text for this project (source sentence(s) are generic district/entity audit summary items).
Gulu University Infrastructure,school,,unknown,,unknown,low,No contractor or funding information stated in available OAG report text for this project (source sentence(s) are generic district/entity audit summary items).
Gulu-Agago Transmission Line,power_transmission,,unknown,,unknown,medium,"Project-specific narrative text was available and read in full, but it does not state a contractor name or funding source/category."
Gwot Apwoyo Zonal Animal Disease Control Center,other_building,,unknown,,unknown,low,No contractor or funding information stated in available OAG report text for this project (source sentence(s) are generic district/entity audit summary items).
Hoima City Stadium,stadium,,unknown,Government of Uganda (National Council of Sports budget),GoU,medium,"2024 OAG report shows Hoima City Stadium construction funded from the National Council of Sports' approved GoU budget allocation (no donor mentioned). A 'HINT contractor' pointing to National Enterprises Corporation (NEC) Construction Works and Engineering Ltd was investigated in the full 2024 text and found to be an unrelated, separately-audited entity finding elsewhere in the same report, not tied to this stadium; contractor therefore coded unknown."
Hoima Regional Referral Hospital,hospital_health,,unknown,,unknown,low,No contractor or funding information stated in available OAG report text for this project (source sentence(s) are generic district/entity audit summary items).
Hoima Town Roads,road,,unknown,,donor_loan,medium,"2022 report: 'certificate of no-objection was not obtained...due to delays in approvals by the funders' -- the 'certificate of no objection' requirement is standard donor-financed-procurement language (World Bank/AfDB-style), implying external financing, though the specific donor/institution is not named."
Hoima-Busunju Road,road,,unknown,,unknown,low,No contractor or funding information stated in available OAG report text for this project (source sentence(s) are generic district/entity audit summary items).
Insurance Regulatory Authority Office Building,other_building,,unknown,,unknown,low,No contractor or funding information stated in available OAG report text for this project (source sentence(s) are generic district/entity audit summary items).
Ishasha Bridge,bridge,,unknown,,unknown,low,"IMPORTANT DATA CAVEAT: the sentence attributed to this project in the source corpus ('...23-122 days for GOU portion and 44-101 days for IsDB portion') was traced in the full 2022 report text and found to actually describe a DIFFERENT project ('Upgrading of Tirinyi-Pallisa-Kumi/Pallisa-Kamonkoli Road Project'), not Ishasha Bridge. The genuine Ishasha Bridge mention (on the Rukungiri-Kihihi-Ishasha/Kanungu road corridor) states only that 'Contractors restricted access to Ishasha Bridge', with no contractor or funder named. This is coded unknown to avoid misattributing the IsDB co-financing detail."
Isimba-Bujagali Transmission Line,power_transmission,,unknown,,unknown,medium,Associated transmission line under the Karuma/Isimba VFM audit; no contractor or financier named in available text.
Isingiro Fruit Factory,other_building,,unknown,,unknown,low,No contractor or funding information stated in available OAG report text for this project (source sentence(s) are generic district/entity audit summary items).
Itula-Lomunga Parish Piped Water Extension,water_supply,,unknown,,unknown,low,No contractor or funding information stated in available OAG report text for this project (source sentence(s) are generic district/entity audit summary items).
Jinja Goods Shed (Uganda Railways),other_building,,unknown,,unknown,low,No contractor or funding information stated in available OAG report text for this project (source sentence(s) are generic district/entity audit summary items).
KW-LV WATSAN II Package 4B (Kampala Water Treatment Plant),water_supply,,unknown,,unknown,low,No contractor or funding information stated in available OAG report text for this project (source sentence(s) are generic district/entity audit summary items).
Kaabong Bridge,bridge,Terrain Services,unknown,,unknown,medium,"2019 UNRA Engineering Audit table names 'Terrain Services' as the contractor. Firm name gives no clear nationality signal and is not otherwise corroborated, so origin is coded unknown rather than assumed local/foreign."
Kaabong Valley Dam,dam,,unknown,,unknown,medium,"Project-specific narrative text was available and read in full, but it does not state a contractor name or funding source/category."
Kabaale Health Centre II,hospital_health,,unknown,,unknown,low,No contractor or funding information stated in available OAG report text for this project (source sentence(s) are generic district/entity audit summary items).
Kabaale Industrial Park,other_building,,unknown,,unknown,low,Mentioned alongside EACOP/oil-sector JV-partner search narrative; no project-specific contractor or funder named in available text.
Kabaale International Airport,airport,,unknown,,unknown,medium,"Project-specific narrative text was available and read in full, but it does not state a contractor name or funding source/category."
Kabaale International Airport Access Road,road,,unknown,,unknown,low,No contractor or funding information stated in available OAG report text for this project (source sentence(s) are generic district/entity audit summary items).
Kabala-Kaket Road,road,,unknown,,unknown,low,No contractor or funding information stated in available OAG report text for this project (source sentence(s) are generic district/entity audit summary items).
Kabale International Airport,airport,,unknown,,unknown,low,A 'HINT funding' ('Grant No...') traced to an unrelated ASAP (agriculture) grant reference; no genuine funder found.
Kabale Regional Referral Hospital,hospital_health,,unknown,,unknown,low,No contractor or funding information stated in available OAG report text for this project (source sentence(s) are generic district/entity audit summary items).
Kabale Regional Referral Hospital Surgical Complex,hospital_health,,unknown,,unknown,low,No contractor or funding information stated in available OAG report text for this project (source sentence(s) are generic district/entity audit summary items).
Kaberamaido Technical Institute,school,,unknown,,unknown,low,No contractor or funding information stated in available OAG report text for this project (source sentence(s) are generic district/entity audit summary items).
Kabindula Swamp Crossing,bridge,,unknown,,unknown,low,No contractor or funding information stated in available OAG report text for this project (source sentence(s) are generic district/entity audit summary items).
Kaitabawala-Kisozi-Busota Road,road,Rock Trust Contractors (U) Limited,local,,unknown,medium,"2019 UNRA Engineering Audit table (maintenance projects, Jinja station) names 'Rock Trust Contractors (U) Limited'; the '(U)' designation is a standard marker for Uganda-registered companies, supporting a 'local' coding at medium confidence."
Kakogha Bridge,bridge,,unknown,,unknown,low,No contractor or funding information stated in available OAG report text for this project (source sentence(s) are generic district/entity audit summary items).
Kakyeka Stadium Redevelopment,stadium,,unknown,Government of Uganda (National Council of Sports budget),GoU,medium,Same 2024 National Council of Sports budget-line finding as Hoima City Stadium ('unwarranted funds meant for Modification and construction works for Kakyeka stadium'); the NEC contractor hint was checked and found unrelated. Contractor coded unknown.
Kalongo Technical Institute,school,,unknown,,unknown,low,No contractor or funding information stated in available OAG report text for this project (source sentence(s) are generic district/entity audit summary items).
Kampala Institutional and Infrastructure Development Project (KIIDP2),other,,unknown,,unknown,low,No contractor or funding information stated in available OAG report text for this project (source sentence(s) are generic district/entity audit summary items).
Kampala Northern Bypass Project Phase 2,road,M/S Mota-Engil Engenharia e Construcao,foreign,,unknown,high,"2019 UNRA Engineering Audit table lists M/S Mota-Engil Engenharia e Construcao (Portugal) as contractor for Kampala Northern Bypass Phase 2. Note: the project's own representative_sentence in the canonical file was mismatched to an unrelated PPDA-URF office building sentence during the earlier extraction pass; this contractor finding is drawn instead from the directly-attributed UNRA engineering-audit table, cross-checked against the exact project name string. No financier named."
Kampala-Namanve-Mukono Railway Line Refurbishment (26.8km),other,,unknown,,unknown,low,No contractor or funding information stated in available OAG report text for this project (source sentence(s) are generic district/entity audit summary items).
Kamuli Faecal Sludge Management Facility,other_building,,unknown,,unknown,low,No contractor or funding information stated in available OAG report text for this project (source sentence(s) are generic district/entity audit summary items).
Kanginima Seed Secondary School,school,,unknown,,unknown,low,No contractor or funding information stated in available OAG report text for this project (source sentence(s) are generic district/entity audit summary items).
Kapchorwa District Administration Block,other_building,,unknown,,unknown,low,No contractor or funding information stated in available OAG report text for this project (source sentence(s) are generic district/entity audit summary items).
Kapchorwa-Suam Road Project,road,,unknown,,unknown,low,"IMPORTANT DATA CAVEAT: the sentence attributed to this project in the source corpus ('DFID funding of GBP 8.9Mn...GoU counterpart funding') was traced (via a unique-string search of the full 2025 report) to actually belong to a DIFFERENT, later project heading ('Kyenjojo-Hoima-Masindi-Kigumba road (RSSP IV) Project', which is ADB+DFID+GoU co-financed). The genuine text under the Kapchorwa-Suam Road-project heading concerns unrelated PPDA procurement-compliance findings with no funder named. Coded unknown to avoid misattribution."
Karera Technical Institute,school,,unknown,,unknown,low,No contractor or funding information stated in available OAG report text for this project (source sentence(s) are generic district/entity audit summary items).
Karuma Interconnection Transmission Lines,power_transmission,,unknown,,unknown,medium,"Project-specific narrative text was available and read in full, but it does not state a contractor name or funding source/category."
Karuma-Kawanda Transmission Line,power_transmission,,unknown,,unknown,medium,Associated transmission line under the Karuma/Isimba VFM audit; no contractor or financier named in available text.
Karuma-Lira Transmission Line,power_transmission,,unknown,,unknown,medium,Associated transmission line under the Karuma/Isimba VFM audit; no contractor or financier named in available text.
Karuma-Olwiyo Transmission Line,power_transmission,,unknown,,unknown,medium,Associated transmission line under the Karuma/Isimba VFM audit; no contractor or financier named in available text.
Kasenyi-Lyato Road,road,,unknown,,unknown,low,No contractor or funding information stated in available OAG report text for this project (source sentence(s) are generic district/entity audit summary items).
"Katete Seed Secondary School (unnamed, inferred)",school,,unknown,,unknown,low,No contractor or funding information stated in available OAG report text for this project (source sentence(s) are generic district/entity audit summary items).
"Katikamu Seed Secondary School (unnamed, inferred)",school,,unknown,,unknown,low,No contractor or funding information stated in available OAG report text for this project (source sentence(s) are generic district/entity audit summary items).
Katozi Water Project,water_supply,,unknown,,unknown,low,No contractor or funding information stated in available OAG report text for this project (source sentence(s) are generic district/entity audit summary items).
Katuugo Health Centre II,hospital_health,,unknown,,unknown,low,No contractor or funding information stated in available OAG report text for this project (source sentence(s) are generic district/entity audit summary items).
Kawolo Hospital,hospital_health,,unknown,,unknown,low,No contractor or funding information stated in available OAG report text for this project (source sentence(s) are generic district/entity audit summary items).
Kayunga General Hospital,hospital_health,,unknown,,unknown,low,No contractor or funding information stated in available OAG report text for this project (source sentence(s) are generic district/entity audit summary items).
Kayunga-Nabuganyi Road,road,,unknown,,unknown,low,No contractor or funding information stated in available OAG report text for this project (source sentence(s) are generic district/entity audit summary items).
Kebisoni Seed Secondary School,school,,unknown,,unknown,low,No contractor or funding information stated in available OAG report text for this project (source sentence(s) are generic district/entity audit summary items).
Kibale-Kasekulo-Ttubi Road,road,,unknown,,unknown,low,No contractor or funding information stated in available OAG report text for this project (source sentence(s) are generic district/entity audit summary items).
Kigarama Seed School,school,,unknown,,unknown,low,No contractor or funding information stated in available OAG report text for this project (source sentence(s) are generic district/entity audit summary items).
Kigumba-Masindi-Hoima-Kabwoya Road (RSSP-4),road,,unknown,,unknown,low,No contractor or funding information stated in available OAG report text for this project (source sentence(s) are generic district/entity audit summary items).
Kihanga Seed School,school,,unknown,,unknown,low,No contractor or funding information stated in available OAG report text for this project (source sentence(s) are generic district/entity audit summary items).
Kikondo-Kawule-Busowe-Abonera/Kabuwoko Road,road,,unknown,,unknown,low,No contractor or funding information stated in available OAG report text for this project (source sentence(s) are generic district/entity audit summary items).
Kikoza-Kigoloba-Naluvule Road,road,,unknown,,unknown,low,No contractor or funding information stated in available OAG report text for this project (source sentence(s) are generic district/entity audit summary items).
Kindra-Lokajo Road,road,,unknown,,unknown,low,No contractor or funding information stated in available OAG report text for this project (source sentence(s) are generic district/entity audit summary items).
Kira Municipal Council Administration Building Phase II,other_building,,unknown,,unknown,low,No contractor or funding information stated in available OAG report text for this project (source sentence(s) are generic district/entity audit summary items).
Kira-Matugga Road Project,road,,unknown,,unknown,low,No contractor or funding information stated in available OAG report text for this project (source sentence(s) are generic district/entity audit summary items).
"Kira-Mukono Roads Lot 2 (Anthony-Kame, Kame Annex, Albert Cook-Cathedral Rise, Kame-Nabuti-Katosi)",road,,unknown,,unknown,low,"2025 report references 'the Contractors' (plural, unnamed, limited capacity cited as a delay cause); no names or funder given."
"Kira-Mukono Roads Lot 3 (Nasuuti-Nakabago-Ntawo, Bajjo-Seeta, Serado Link, Kigunga Link)",road,,unknown,,unknown,low,"Same 2025 finding as Lot 2; contractors referenced but unnamed, no funder given."
Kisaigi Bridge,bridge,,unknown,,unknown,low,No contractor or funding information stated in available OAG report text for this project (source sentence(s) are generic district/entity audit summary items).
Kitgum Technical Institute,school,,unknown,,unknown,low,No contractor or funding information stated in available OAG report text for this project (source sentence(s) are generic district/entity audit summary items).
Kiwogoloma-Kitukutwe-Kijabijjo Road,road,,unknown,,unknown,low,No contractor or funding information stated in available OAG report text for this project (source sentence(s) are generic district/entity audit summary items).
Kiyindi Fish Handling Facility,other_building,,unknown,,unknown,low,No contractor or funding information stated in available OAG report text for this project (source sentence(s) are generic district/entity audit summary items).
Kiziba Health Centre II-III Upgrade,hospital_health,,unknown,,unknown,low,No contractor or funding information stated in available OAG report text for this project (source sentence(s) are generic district/entity audit summary items).
Kole-Gulu-Nebbi-Arua Transmission Line,power_transmission,,unknown,,unknown,medium,"Project-specific narrative text was available and read in full, but it does not state a contractor name or funding source/category."
Kotido District Council Hall,other_building,,unknown,,unknown,low,No contractor or funding information stated in available OAG report text for this project (source sentence(s) are generic district/entity audit summary items).
Kurunga-Tokuru Road,road,,unknown,,unknown,low,No contractor or funding information stated in available OAG report text for this project (source sentence(s) are generic district/entity audit summary items).
Kyayi Seed School,school,,unknown,,unknown,low,No contractor or funding information stated in available OAG report text for this project (source sentence(s) are generic district/entity audit summary items).
Kyoho Bridge,bridge,,unknown,,unknown,low,No contractor or funding information stated in available OAG report text for this project (source sentence(s) are generic district/entity audit summary items).
Labworoyeng-Pawena-Laliya-Pawic-Lagot Anyara-Beyogoya Community Access Road,road,,unknown,,unknown,low,No contractor or funding information stated in available OAG report text for this project (source sentence(s) are generic district/entity audit summary items).
Lake Katwe Technical Institute,school,,unknown,,unknown,low,No contractor or funding information stated in available OAG report text for this project (source sentence(s) are generic district/entity audit summary items).
Lapu Health Centre II,hospital_health,,unknown,,unknown,low,No contractor or funding information stated in available OAG report text for this project (source sentence(s) are generic district/entity audit summary items).
Laroo-Pageya Road,road,,unknown,,unknown,low,No contractor or funding information stated in available OAG report text for this project (source sentence(s) are generic district/entity audit summary items).
Lira Regional Referral Hospital,hospital_health,,unknown,,unknown,low,No contractor or funding information stated in available OAG report text for this project (source sentence(s) are generic district/entity audit summary items).
Loborom HC III Solar-Powered Water System,water_supply,,unknown,,unknown,low,No contractor or funding information stated in available OAG report text for this project (source sentence(s) are generic district/entity audit summary items).
Lopei Bridge,bridge,Terrain Services,unknown,,unknown,medium,Same 2019 UNRA Engineering Audit table entry as Kaabong Bridge (both procured together); contractor named but nationality not indicated in text.
Low Cost Sealing of Selected District Roads Lot 6 (Kamuli),road,,unknown,,unknown,low,No contractor or funding information stated in available OAG report text for this project (source sentence(s) are generic district/entity audit summary items).
Lubigi Primary Channel,other,,unknown,,unknown,low,No contractor or funding information stated in available OAG report text for this project (source sentence(s) are generic district/entity audit summary items).
Lugore HC II OPD Renovation/Expansion,hospital_health,,unknown,,unknown,low,No contractor or funding information stated in available OAG report text for this project (source sentence(s) are generic district/entity audit summary items).
Lukole Market,market,,unknown,,unknown,low,No contractor or funding information stated in available OAG report text for this project (source sentence(s) are generic district/entity audit summary items).
Lulyango Primary School Works,school,,unknown,,unknown,low,No contractor or funding information stated in available OAG report text for this project (source sentence(s) are generic district/entity audit summary items).
Lusenke Ranch,other_building,,unknown,,unknown,low,No contractor or funding information stated in available OAG report text for this project (source sentence(s) are generic district/entity audit summary items).
Luuku-Kalangala-Mulabana Road,road,,unknown,,unknown,low,No contractor or funding information stated in available OAG report text for this project (source sentence(s) are generic district/entity audit summary items).
Luwero Fruit Factory,other_building,,unknown,,unknown,low,No contractor or funding information stated in available OAG report text for this project (source sentence(s) are generic district/entity audit summary items).
Luwero Health Centre IV Eye Clinic,hospital_health,,unknown,,unknown,low,No contractor or funding information stated in available OAG report text for this project (source sentence(s) are generic district/entity audit summary items).
Lwemikomago Health Centre II,hospital_health,,unknown,,unknown,low,No contractor or funding information stated in available OAG report text for this project (source sentence(s) are generic district/entity audit summary items).
"MTAC Centre, Mbale",other_building,,unknown,,unknown,low,No contractor or funding information stated in available OAG report text for this project (source sentence(s) are generic district/entity audit summary items).
"Makerere University Agricultural Research Institute Kabanyolo (MUARIK, inferred)",school,,unknown,,unknown,low,No contractor or funding information stated in available OAG report text for this project (source sentence(s) are generic district/entity audit summary items).
Malaba One Stop Border Post,other_building,,unknown,,unknown,low,"Same OSBP finding as Busia OSBP; contractor referenced but unnamed, no funder given."
Mamba Health Centre II-III Upgrade,hospital_health,,unknown,,unknown,low,No contractor or funding information stated in available OAG report text for this project (source sentence(s) are generic district/entity audit summary items).
Masindi and Kigumba Town Roads,road,,unknown,,donor_loan,medium,"Same 2022 finding as Hoima Town Roads: procurement required 'certificate of no objection' approval 'by the funders', implying donor financing, though the specific institution is not named."
Masindi-Biiso-Kabale-Kiziranfumbi-Hohwa-Nyairongo-Butole Road,road,,unknown,,unknown,low,No contractor or funding information stated in available OAG report text for this project (source sentence(s) are generic district/entity audit summary items).
Mavugera Primary School Classrooms,school,,unknown,,unknown,low,No contractor or funding information stated in available OAG report text for this project (source sentence(s) are generic district/entity audit summary items).
Mazuri Ranch,other_building,,unknown,,unknown,low,No contractor or funding information stated in available OAG report text for this project (source sentence(s) are generic district/entity audit summary items).
Mbale Regional Referral Hospital,hospital_health,,unknown,,unknown,low,No contractor or funding information stated in available OAG report text for this project (source sentence(s) are generic district/entity audit summary items).
Mbale Satellite Centre Construction,other_building,,unknown,,unknown,low,No contractor or funding information stated in available OAG report text for this project (source sentence(s) are generic district/entity audit summary items).
Mbale-Tororo Transmission Line,power_transmission,,unknown,,unknown,medium,"Project-specific narrative text was available and read in full, but it does not state a contractor name or funding source/category."
Mbarara Regional Referral Hospital,hospital_health,,unknown,,unknown,low,No contractor or funding information stated in available OAG report text for this project (source sentence(s) are generic district/entity audit summary items).
Mirama-Kabale Transmission Line,power_transmission,,unknown,,unknown,medium,"Project-specific narrative text was available and read in full, but it does not state a contractor name or funding source/category."
Mityana Substation,power_transmission,,unknown,,unknown,medium,"Project-specific narrative text was available and read in full, but it does not state a contractor name or funding source/category."
Molo Sub-county Administration Block,other_building,,unknown,,unknown,low,No contractor or funding information stated in available OAG report text for this project (source sentence(s) are generic district/entity audit summary items).
Moroto Bus Terminal,other_building,,unknown,,unknown,low,No contractor or funding information stated in available OAG report text for this project (source sentence(s) are generic district/entity audit summary items).
Moroto Valley Dam,dam,,unknown,,unknown,medium,"Project-specific narrative text was available and read in full, but it does not state a contractor name or funding source/category."
Moroto-Lokitanyala Road,road,,unknown,,unknown,low,No contractor or funding information stated in available OAG report text for this project (source sentence(s) are generic district/entity audit summary items).
Mpoma Perimeter Wall,other_building,,unknown,,unknown,low,No contractor or funding information stated in available OAG report text for this project (source sentence(s) are generic district/entity audit summary items).
Mpondwe Bridge,bridge,Armpass,unknown,,unknown,medium,Same package/contractor as Waiga Bridge (Armpass); nationality not indicated in text.
Mpungu Health Centre II-III Upgrade,hospital_health,,unknown,,unknown,low,No contractor or funding information stated in available OAG report text for this project (source sentence(s) are generic district/entity audit summary items).
MuJunza Health Centre,hospital_health,,unknown,,unknown,low,No contractor or funding information stated in available OAG report text for this project (source sentence(s) are generic district/entity audit summary items).
Mubende Regional Referral Hospital,hospital_health,,unknown,,unknown,low,No contractor or funding information stated in available OAG report text for this project (source sentence(s) are generic district/entity audit summary items).
Mubende Substation,power_transmission,,unknown,,unknown,medium,"Project-specific narrative text was available and read in full, but it does not state a contractor name or funding source/category."
Mulago Hospital and Kampala City Capacity Project (MKCCAP),hospital_health,,unknown,,unknown,low,No contractor or funding information stated in available OAG report text for this project (source sentence(s) are generic district/entity audit summary items).
Mulago Specialized Women & Neonatal Hospital (MSWNH),hospital_health,,unknown,,unknown,low,No contractor or funding information stated in available OAG report text for this project (source sentence(s) are generic district/entity audit summary items).
Mutundwe-Entebbe 132kV Double Circuit Transmission Line,power_transmission,,unknown,,unknown,medium,"2025 report names M/S GOPA Intec (a German engineering consultancy) as the supervision/defects-liability consultant, but this is a consultant, not the works (EPC) contractor, which is not named. Funder not stated."
Nakamiro Secondary Channel,other,,unknown,,unknown,low,No contractor or funding information stated in available OAG report text for this project (source sentence(s) are generic district/entity audit summary items).
Nakaseke Hospital,hospital_health,,unknown,,unknown,low,No contractor or funding information stated in available OAG report text for this project (source sentence(s) are generic district/entity audit summary items).
Nakaseke Seed Secondary School,school,,unknown,,unknown,low,No contractor or funding information stated in available OAG report text for this project (source sentence(s) are generic district/entity audit summary items).
Nakaseta Primary School Pit Latrine,school,,unknown,,unknown,low,No contractor or funding information stated in available OAG report text for this project (source sentence(s) are generic district/entity audit summary items).
Nakitokolo Health Centre II,hospital_health,,unknown,,unknown,low,No contractor or funding information stated in available OAG report text for this project (source sentence(s) are generic district/entity audit summary items).
Nakitokolo Seed Secondary School,school,,unknown,,unknown,low,No contractor or funding information stated in available OAG report text for this project (source sentence(s) are generic district/entity audit summary items).
Nakyesa Public Latrine,other_building,,unknown,,unknown,low,No contractor or funding information stated in available OAG report text for this project (source sentence(s) are generic district/entity audit summary items).
Namagera Town Water Supply System,water_supply,,unknown,,unknown,low,No contractor or funding information stated in available OAG report text for this project (source sentence(s) are generic district/entity audit summary items).
Namayemba Primary School Classroom Block,school,,unknown,,unknown,low,No contractor or funding information stated in available OAG report text for this project (source sentence(s) are generic district/entity audit summary items).
Namisindwa District Administration Block,other_building,,unknown,,unknown,low,No contractor or funding information stated in available OAG report text for this project (source sentence(s) are generic district/entity audit summary items).
Namungoona-Nansana-Wakiso-Kakiri Road,road,,unknown,,unknown,low,No contractor or funding information stated in available OAG report text for this project (source sentence(s) are generic district/entity audit summary items).
Namwiwa Town Water Supply System,water_supply,,unknown,,unknown,low,No contractor or funding information stated in available OAG report text for this project (source sentence(s) are generic district/entity audit summary items).
Napak District Council Chambers,other_building,,unknown,,unknown,low,No contractor or funding information stated in available OAG report text for this project (source sentence(s) are generic district/entity audit summary items).
Nasuleta Health Centre II,hospital_health,,unknown,,unknown,low,No contractor or funding information stated in available OAG report text for this project (source sentence(s) are generic district/entity audit summary items).
Natete Police Station,other_building,,unknown,,unknown,low,No contractor or funding information stated in available OAG report text for this project (source sentence(s) are generic district/entity audit summary items).
National High Altitude Training Centre (Kiprotich),other_building,,unknown,,unknown,low,No contractor or funding information stated in available OAG report text for this project (source sentence(s) are generic district/entity audit summary items).
National Metrology Laboratory at UNBS,other_building,,unknown,,unknown,low,No contractor or funding information stated in available OAG report text for this project (source sentence(s) are generic district/entity audit summary items).
National Petroleum Data Repository Infrastructure Project,other_building,,unknown,,unknown,low,No contractor or funding information stated in available OAG report text for this project (source sentence(s) are generic district/entity audit summary items).
National Science & Technology Entrepreneurship Innovation Centre,other_building,,unknown,,unknown,low,No contractor or funding information stated in available OAG report text for this project (source sentence(s) are generic district/entity audit summary items).
Ngomanene Health Centre II-III Upgrade,hospital_health,,unknown,,unknown,low,No contractor or funding information stated in available OAG report text for this project (source sentence(s) are generic district/entity audit summary items).
Nshaara Ranch,other_building,,unknown,,unknown,low,No contractor or funding information stated in available OAG report text for this project (source sentence(s) are generic district/entity audit summary items).
Nsongi Bridge,bridge,Armpass,unknown,,unknown,medium,Same package/contractor as Waiga Bridge (Armpass); nationality not indicated in text.
Ntungamo-Kabale-Katuna Road,road,,unknown,,unknown,low,No contractor or funding information stated in available OAG report text for this project (source sentence(s) are generic district/entity audit summary items).
Nyakasharara Seed School,school,,unknown,,unknown,low,No contractor or funding information stated in available OAG report text for this project (source sentence(s) are generic district/entity audit summary items).
Nyakayojo Daily Matooke Market,market,,unknown,,unknown,low,No contractor or funding information stated in available OAG report text for this project (source sentence(s) are generic district/entity audit summary items).
Nyakinama Seed School,school,,unknown,,unknown,low,No contractor or funding information stated in available OAG report text for this project (source sentence(s) are generic district/entity audit summary items).
Nyamitanga Technical Institute,school,,unknown,,unknown,low,No contractor or funding information stated in available OAG report text for this project (source sentence(s) are generic district/entity audit summary items).
Nyamweru Seed School,school,,unknown,,unknown,low,No contractor or funding information stated in available OAG report text for this project (source sentence(s) are generic district/entity audit summary items).
Nyendo Health Centre II-III Upgrade,hospital_health,,unknown,,unknown,low,No contractor or funding information stated in available OAG report text for this project (source sentence(s) are generic district/entity audit summary items).
Nyendo Market,market,,unknown,,unknown,low,No contractor or funding information stated in available OAG report text for this project (source sentence(s) are generic district/entity audit summary items).
"Office Block, Plot 92a Butabika Road/Plot 2-4 Bukasa Lane, Butabika",other_building,,unknown,,unknown,low,No contractor or funding information stated in available OAG report text for this project (source sentence(s) are generic district/entity audit summary items).
Ogom Seed Secondary School,school,,unknown,,unknown,low,No contractor or funding information stated in available OAG report text for this project (source sentence(s) are generic district/entity audit summary items).
Ogonyo-Odum Swamp Crossing,bridge,,unknown,,unknown,low,No contractor or funding information stated in available OAG report text for this project (source sentence(s) are generic district/entity audit summary items).
Olwiyo-Pakwach Road,road,,unknown,,unknown,low,No contractor or funding information stated in available OAG report text for this project (source sentence(s) are generic district/entity audit summary items).
Opit Market,market,,unknown,,unknown,low,No contractor or funding information stated in available OAG report text for this project (source sentence(s) are generic district/entity audit summary items).
Ora Technical Institute,school,,unknown,,unknown,low,No contractor or funding information stated in available OAG report text for this project (source sentence(s) are generic district/entity audit summary items).
Oru River Bridge (15m single span),bridge,,unknown,,unknown,low,No contractor or funding information stated in available OAG report text for this project (source sentence(s) are generic district/entity audit summary items).
Otwago Non-Formal Education Learning Centre Classroom Block,school,,unknown,,unknown,low,No contractor or funding information stated in available OAG report text for this project (source sentence(s) are generic district/entity audit summary items).
Otwee Health Centre II,hospital_health,,unknown,,unknown,low,No contractor or funding information stated in available OAG report text for this project (source sentence(s) are generic district/entity audit summary items).
PPDA-URF Office Building,other_building,,unknown,,unknown,low,No contractor or funding information stated in available OAG report text for this project (source sentence(s) are generic district/entity audit summary items).
"Police Hospital, Nsambya",hospital_health,,unknown,,unknown,low,No contractor or funding information stated in available OAG report text for this project (source sentence(s) are generic district/entity audit summary items).
Rugaaga Health Centre IV Theatre/Staff Houses,hospital_health,,unknown,,unknown,low,No contractor or funding information stated in available OAG report text for this project (source sentence(s) are generic district/entity audit summary items).
Ruzairwe Bridge,bridge,Armpass,unknown,,unknown,medium,Same package/contractor as Waiga Bridge (Armpass); nationality not indicated in text.
Rwamucucu Seed School,school,,unknown,,unknown,low,No contractor or funding information stated in available OAG report text for this project (source sentence(s) are generic district/entity audit summary items).
Rwebisengo-Rwangara Road,road,,unknown,,unknown,low,No contractor or funding information stated in available OAG report text for this project (source sentence(s) are generic district/entity audit summary items).
Rwensenene Bridge,bridge,,unknown,,unknown,low,No contractor or funding information stated in available OAG report text for this project (source sentence(s) are generic district/entity audit summary items).
Ryeru Seed Secondary School,school,,unknown,,unknown,low,No contractor or funding information stated in available OAG report text for this project (source sentence(s) are generic district/entity audit summary items).
Samson Kalibala Kamya Memorial Seed Secondary School,school,,unknown,,unknown,low,No contractor or funding information stated in available OAG report text for this project (source sentence(s) are generic district/entity audit summary items).
Selected Town Roads in Pallisa and Kumi,road,,unknown,,unknown,low,No contractor or funding information stated in available OAG report text for this project (source sentence(s) are generic district/entity audit summary items).
Semuto Health Centre IV,hospital_health,,unknown,,unknown,low,No contractor or funding information stated in available OAG report text for this project (source sentence(s) are generic district/entity audit summary items).
Shimoni Road Upgrade (3.178km),road,,unknown,,unknown,low,No contractor or funding information stated in available OAG report text for this project (source sentence(s) are generic district/entity audit summary items).
Sipi Irrigation Scheme,other,,unknown,,unknown,low,No contractor or funding information stated in available OAG report text for this project (source sentence(s) are generic district/entity audit summary items).
Siriba-Kalwala-Kiryampungula Road,road,,unknown,,unknown,low,No contractor or funding information stated in available OAG report text for this project (source sentence(s) are generic district/entity audit summary items).
Sleeper Making Factory at Kawolo Station,other_building,,unknown,,unknown,low,No contractor or funding information stated in available OAG report text for this project (source sentence(s) are generic district/entity audit summary items).
Soroti-Katakwi-Akisim Road,road,China Communications Construction Company (CCCC),foreign,,unknown,high,2019 UNRA Engineering Audit table (13 sampled road/bridge projects) explicitly lists CCCC as contractor for Soroti-Katakwi-Akisim road. No financier named in available text.
Ssezibwa (Bulandi-Gyira) Swamp Crossing,bridge,,unknown,,unknown,low,No contractor or funding information stated in available OAG report text for this project (source sentence(s) are generic district/entity audit summary items).
Tete Ogolo-Liri Road,road,,unknown,,unknown,low,No contractor or funding information stated in available OAG report text for this project (source sentence(s) are generic district/entity audit summary items).
Todora HC II Works,hospital_health,,unknown,,unknown,low,No contractor or funding information stated in available OAG report text for this project (source sentence(s) are generic district/entity audit summary items).
Tonya Primary School Classroom Blocks,school,,unknown,,unknown,low,No contractor or funding information stated in available OAG report text for this project (source sentence(s) are generic district/entity audit summary items).
Tororo Warehouses (Uganda Property Holdings),other_building,,unknown,,unknown,low,A 'HINT contractor' ('Company 2') traced to an unrelated Uganda Electricity Transmission Company finding in the source table; no genuine contractor/funder information found for this project.
Tororo-Opuyo-Lira Transmission Line,power_transmission,,unknown,,unknown,medium,"Project-specific narrative text was available and read in full, but it does not state a contractor name or funding source/category."
Tumboboi Maternity Ward,hospital_health,,unknown,,unknown,low,No contractor or funding information stated in available OAG report text for this project (source sentence(s) are generic district/entity audit summary items).
UHI 250-Bed Heart Hospital,hospital_health,,unknown,,unknown,low,No contractor or funding information stated in available OAG report text for this project (source sentence(s) are generic district/entity audit summary items).
UTC Bushenyi (Lot 1),school,,unknown,,unknown,low,No contractor or funding information stated in available OAG report text for this project (source sentence(s) are generic district/entity audit summary items).
UTC Bushenyi (Lot 2),school,,unknown,,unknown,low,No contractor or funding information stated in available OAG report text for this project (source sentence(s) are generic district/entity audit summary items).
Uganda Blood Transfusion Service HQ (Nakasero),other_building,,unknown,,unknown,low,No contractor or funding information stated in available OAG report text for this project (source sentence(s) are generic district/entity audit summary items).
"Uganda Business Facilitation Centre (UBFC, inferred)",other_building,,unknown,,unknown,low,No contractor or funding information stated in available OAG report text for this project (source sentence(s) are generic district/entity audit summary items).
Uganda Cancer Institute (UCI) Building,hospital_health,,unknown,,unknown,low,No contractor or funding information stated in available OAG report text for this project (source sentence(s) are generic district/entity audit summary items).
Uganda Oil Refinery Project,other_building,,unknown,Government of Uganda (public-sector-led financing model),GoU,medium,2023 report states the Refinery project's 'financing model has been restructured to be public sector led' after the original consortium (Albertine Graben Refinery Consortium) arrangement faced implementation challenges. No specific EPC contractor named as of the audit.
Uganda Revenue Authority Headquarters Building Project,other_building,,unknown,,unknown,low,"A 'HINT funding' traced to an unrelated Road Rehabilitation Development Grant program (LG road grants), not this building. No genuine funder found."
Wabigalo-Busubizi Road,road,,unknown,,unknown,low,No contractor or funding information stated in available OAG report text for this project (source sentence(s) are generic district/entity audit summary items).
Wadelai Irrigation Scheme,other,,unknown,,unknown,low,No contractor or funding information stated in available OAG report text for this project (source sentence(s) are generic district/entity audit summary items).
Waiga Bridge,bridge,Armpass,unknown,,unknown,medium,2019 UNRA Engineering Audit table names 'Armpass' as contractor for the Waiga/Ruzairwe/Nsongi/Mpondwe bridges package. Firm name gives no clear nationality signal.
Wakiso Health Centre IV,hospital_health,,unknown,,unknown,low,No contractor or funding information stated in available OAG report text for this project (source sentence(s) are generic district/entity audit summary items).
Water-Borne Toilet at UNMC,other_building,,unknown,,unknown,low,No contractor or funding information stated in available OAG report text for this project (source sentence(s) are generic district/entity audit summary items).
Were-Asumuk Road,road,,unknown,,unknown,low,No contractor or funding information stated in available OAG report text for this project (source sentence(s) are generic district/entity audit summary items).
