raw_match,name,type,year,primary_driver
Gulu Regional Referral Hospital,Gulu Regional Referral,Hospital,2018,claims_and_disputes
Uganda Road,Uganda,Road,2018,governance_and_controls
Margarita Road,Margarita,Road,2018,land_and_right_of_way
Gogonyo Road,Gogonyo,Road,2018,land_and_right_of_way
Mutekanga Road,Mutekanga,Road,2018,land_and_right_of_way
Nsambya Road,Nsambya,Road,2018,land_and_right_of_way
Uganda National Road,Uganda National,Road,2018,land_and_right_of_way
Mulago Hospital,Mulago,Hospital,2018,delayed_payments
Lira Regional Referral Hospital,Lira Regional Referral,Hospital,2018,delayed_payments
Mbale Regional  Referral Hospital,Mbale Regional  Referral,Hospital,2018,delayed_payments
Mubende Regional  Referral Hospital,Mubende Regional  Referral,Hospital,2018,delayed_payments
Nyendo Market,Nyendo,Market,2018,delay_time_overrun
Nakasero Hospital,Nakasero,Hospital,2018,delay_time_overrun
Namwiwa Town Water Supply,Namwiwa Town,Water Supply,2018,delay_time_overrun
Namagera Town Water Supply,Namagera Town,Water Supply,2018,delay_time_overrun
Fort Portal Regional Referral Hospital,Fort Portal Regional Referral,Hospital,2018,cost_overrun
Hoima Regional Referral Hospital,Hoima Regional Referral,Hospital,2018,delayed_payments
Soroti Regional Referral Hospital,Soroti Regional Referral,Hospital,2018,delayed_payments
Mbarara Regional Referal Hospital,Mbarara Regional Referal,Hospital,2018,delayed_payments
Mulago National Referral Hospital,Mulago National Referral,Hospital,2018,procurement_irregularities
Uganda Friendship Hospital,Uganda Friendship,Hospital,2018,delayed_payments
Margarita Road,Margarita,Road,2018,claims_and_disputes
Gogonyo Road,Gogonyo,Road,2018,claims_and_disputes
Mutekanga Road,Mutekanga,Road,2018,claims_and_disputes
Nsambya Road,Nsambya,Road,2018,claims_and_disputes
Uganda Road,Uganda,Road,2018,governance_and_controls
Entebbe International Airport,Entebbe International,Airport,2018,governance_and_controls
Mpigi Road,Mpigi,Road,2018,procurement_irregularities
Uganda Road,Uganda,Road,2018,delayed_payments
Uganda Road,Uganda,Road,2018,delayed_payments
Maintain Road,Maintain,Road,2018,delayed_payments
Uganda Road,Uganda,Road,2018,contract_management
Uganda Road,Uganda,Road,2018,delayed_payments
Uganda Road,Uganda,Road,2018,contract_management
Agereger Primary School,Agereger Primary,School,2018,delayed_payments
Tokuru Road,Tokuru,Road,2018,claims_and_disputes
Busu  Primary School,Busu  Primary,School,2018,claims_and_disputes
Idle Road,Idle,Road,2018,delayed_payments
Uganda Road,Uganda,Road,2018,contract_management
Uganda Road,Uganda,Road,2018,delayed_payments
Uganda Road,Uganda,Road,2018,claims_and_disputes
Pageya Road,Pageya,Road,2018,claims_and_disputes
Uganda Road,Uganda,Road,2018,contract_management
Uganda Road,Uganda,Road,2018,contract_management
Lulyango Primary School,Lulyango Primary,School,2018,contract_management
Uganda Road,Uganda,Road,2018,contract_management
Abok Seed School,Abok Seed,School,2018,contract_management
Uganda Road,Uganda,Road,2018,claims_and_disputes
Uganda Road,Uganda,Road,2018,claims_and_disputes
Uganda Road,Uganda,Road,2018,delayed_payments
Uganda Road,Uganda,Road,2018,claims_and_disputes
Uganda Road,Uganda,Road,2018,claims_and_disputes
Uganda Road,Uganda,Road,2018,delayed_payments
Uganda Road,Uganda,Road,2018,delayed_payments
Uganda Road,Uganda,Road,2018,delayed_payments
Primary School,Primary,School,2018,delayed_payments
Uganda Road,Uganda,Road,2018,delayed_payments
Uganda Road,Uganda,Road,2018,procurement_irregularities
Uganda Road,Uganda,Road,2018,contract_management
Insufficient School,Insufficient,School,2018,contract_management
Kawolo Hospital,Kawolo,Hospital,2018,contract_management
Kawolo Hospital,Kawolo,Hospital,2018,contract_management
Kawolo Hospital,Kawolo,Hospital,2018,contract_management
Kawolo Hospital,Kawolo,Hospital,2018,contract_management
Kawolo Hospital,Kawolo,Hospital,2018,contract_management
Uganda Road,Uganda,Road,2018,contract_management
Misdirected Secondary School,Misdirected Secondary,School,2018,contract_management
Uganda Road,Uganda,Road,2018,delayed_payments
Nansana-Kireka-Biira Road,Nansana-Kireka-Biira,Road,2018,delayed_payments
Wakiso Health Centre,Wakiso,Health Centre,2018,delayed_payments
Entebbe Hospital,Entebbe,Hospital,2018,delayed_payments
Entebbe Hospital,Entebbe,Hospital,2018,delayed_payments
Uganda Road,Uganda,Road,2018,land_and_right_of_way
Buvuma Health Centre,Buvuma,Health Centre,2018,land_and_right_of_way
Uganda Road,Uganda,Road,2018,contract_management
Uganda Road,Uganda,Road,2018,contract_management
Insufficient School,Insufficient,School,2018,contract_management
Uganda Road,Uganda,Road,2018,land_and_right_of_way
Gombe Hospital,Gombe,Hospital,2018,land_and_right_of_way
Gbe Hospital,Gbe,Hospital,2018,land_and_right_of_way
Uganda Road,Uganda,Road,2018,land_and_right_of_way
High School,High,School,2018,land_and_right_of_way
Kayunga General Hospital,Kayunga General,Hospital,2018,land_and_right_of_way
District Road Equipment Inadequate Road,District Road Equipment Inadequate,Road,2018,land_and_right_of_way
Uganda Road,Uganda,Road,2018,delayed_payments
Kikoza-Kigoloba-Naluvule Road,Kikoza-Kigoloba-Naluvule,Road,2018,delayed_payments
Luwero Health Centre,Luwero,Health Centre,2018,delayed_payments
Uganda Road,Uganda,Road,2018,delay_time_overrun
One School,One,School,2018,delay_time_overrun
Nakaseke Hospital,Nakaseke,Hospital,2018,delay_time_overrun
Nakaseke Hospital,Nakaseke,Hospital,2018,delay_time_overrun
Uganda Road,Uganda,Road,2018,procurement_irregularities
Bunamwaya-Kisigula-Mutundwe Mirembe Road,Bunamwaya-Kisigula-Mutundwe Mirembe,Road,2018,procurement_irregularities
Inadequate Road,Inadequate,Road,2018,procurement_irregularities
Insufficient School,Insufficient,School,2018,procurement_irregularities
Uganda Road,Uganda,Road,2018,delay_time_overrun
Busubizi Road,Busubizi,Road,2018,delay_time_overrun
Uganda Road,Uganda,Road,2018,delay_time_overrun
Inadequate Road,Inadequate,Road,2018,delay_time_overrun
Nasenyi Primary School,Nasenyi Primary,School,2018,land_and_right_of_way
Nasuleta Health Centre,Nasuleta,Health Centre,2018,land_and_right_of_way
UPE School,UPE,School,2018,contract_management
SOP-SOP Primary School,SOP-SOP Primary,School,2018,contract_management
Defective Road,Defective,Road,2018,claims_and_disputes
Defective Road,Defective,Road,2018,contract_management
Kyashojwa Primary School,Kyashojwa Primary,School,2018,land_and_right_of_way
Defective Road,Defective,Road,2018,contract_management
Grounded Road,Grounded,Road,2018,land_and_right_of_way
Yumbe Hospital,Yumbe,Hospital,2019,contract_management
Gem Farm Bailey Bridge,Gem Farm Bailey,Bridge,2019,contract_management
Kisaigi Bridge,Kisaigi,Bridge,2019,contract_management
Entebbe International Airport,Entebbe International,Airport,2019,contract_management
Entebbe  International Airport,Entebbe  International,Airport,2019,procurement_irregularities
Mandela National Stadium,Mandela National,Stadium,2019,delayed_payments
Chakulia Health Center,Chakulia,Health Center,2019,delay_time_overrun
Kyoho Bridge,Kyoho,Bridge,2019,cost_overrun
Rwangara Road,Rwangara,Road,2019,contract_management
Mugurusi Road,Mugurusi,Road,2019,contract_management
Amuru Seed Secondary School,Amuru Seed Secondary,School,2019,delay_time_overrun
Otwee Health Centre,Otwee,Health Centre,2019,delay_time_overrun
Aduku Seed Secondary School,Aduku Seed Secondary,School,2019,delay_time_overrun
Ogom Seed Secondary School,Ogom Seed Secondary,School,2019,delay_time_overrun
Nakitokolo Health Centre,Nakitokolo,Health Centre,2019,delay_time_overrun
Seed  Secondary School,Seed  Secondary,School,2019,delay_time_overrun
Direct Road,Direct,Road,2019,delay_time_overrun
Bukamba Health Centre,Bukamba,Health Centre,2019,delay_time_overrun
Nakaseke Seed Secondary School,Nakaseke Seed Secondary,School,2019,delay_time_overrun
Katuugo Health Centre,Katuugo,Health Centre,2019,delay_time_overrun
Butaaka Health Centre,Butaaka,Health Centre,2019,contract_management
Kanginima  Seed Secondary School,Kanginima  Seed Secondary,School,2019,procurement_irregularities
Nyakasharara Seed School,Nyakasharara Seed,School,2019,procurement_irregularities
Seed Secondary School,Seed Secondary,School,2019,procurement_irregularities
Kihanga Seed School,Kihanga Seed,School,2019,procurement_irregularities
Nyakinama Seed School,Nyakinama Seed,School,2019,procurement_irregularities
Kigarama Seed School,Kigarama Seed,School,2019,procurement_irregularities
Buhara Seed Secondary School,Buhara Seed Secondary,School,2019,procurement_irregularities
Ryeru Seed Secondary School,Ryeru Seed Secondary,School,2019,procurement_irregularities
Nyamweru Seed School,Nyamweru Seed,School,2019,delay_time_overrun
High Market,High,Market,2020,procurement_irregularities
For Mulago National Referral Hospital,For Mulago National Referral,Hospital,2022,procurement_irregularities
UPDF National Referral Hospital,UPDF National Referral,Hospital,2022,delay_time_overrun
Kabwoya Road,Kabwoya,Road,2022,land_and_right_of_way
Ishasha Bridge,Ishasha,Bridge,2022,land_and_right_of_way
Nakasero Hill Road,Nakasero Hill,Road,2022,land_and_right_of_way
Heart Hospital,Heart,Hospital,2023,procurement_irregularities
Kiryampungula Road,Kiryampungula,Road,2023,procurement_irregularities
Biyaya Secondary School,Biyaya Secondary,School,2023,procurement_irregularities
Biyaya Secondary School,Biyaya Secondary,School,2023,delay_time_overrun
Rugaaga Health Centre,Rugaaga,Health Centre,2023,contract_management
Kanara Water Supply,Kanara,Water Supply,2023,contract_management
Kikazi-Ntara Road,Kikazi-Ntara,Road,2023,contract_management
Uganda Road,Uganda,Road,2023,procurement_irregularities
Kanara Water Supply,Kanara,Water Supply,2023,procurement_irregularities
Ntara  Circular Road,Ntara  Circular,Road,2023,procurement_irregularities
Kanara Water Supply,Kanara,Water Supply,2023,contract_management
Ntara Circular Road,Ntara Circular,Road,2023,governance_and_controls
Uganda Road,Uganda,Road,2023,procurement_irregularities
Butabika Hospital,Butabika,Hospital,2023,contract_management
UPDF National Referral Hospital,UPDF National Referral,Hospital,2023,delay_time_overrun
Kafunta-Buwampa Road,Kafunta-Buwampa,Road,2023,delay_time_overrun
Monroc  Market Road,Monroc  Market,Road,2023,delay_time_overrun
Kampala-Jinja Expressway,Kampala-Jinja,Expressway,2023,land_and_right_of_way
Busega-Mpigi Expressway,Busega-Mpigi,Expressway,2024,cost_overrun
Busega-Mpigi Expressway,Busega-Mpigi,Expressway,2024,cost_overrun
UPDF National Referral Hospital,UPDF National Referral,Hospital,2024,delay_time_overrun
UPDF National Referral Hospital,UPDF National Referral,Hospital,2024,procurement_irregularities
Kira-Matugga Road,Kira-Matugga,Road,2024,cost_overrun
Jinja Expressway,Jinja,Expressway,2024,procurement_irregularities
Kampala Jinja Expressway,Kampala Jinja,Expressway,2024,procurement_irregularities
Kawempe National  Referral Hospital,Kawempe National  Referral,Hospital,2024,delayed_payments
Soroti Regional  Referral Hospital,Soroti Regional  Referral,Hospital,2024,delayed_payments
Kiruddu National  Referral Hospital,Kiruddu National  Referral,Hospital,2024,delayed_payments
Makerere University  Business School,Makerere University  Business,School,2024,delayed_payments
Busega Mpigi Road,Busega Mpigi,Road,2024,cost_overrun
Busega-Mpigi Expressway,Busega-Mpigi,Expressway,2024,cost_overrun
Kakyeka Stadium,Kakyeka,Stadium,2024,delay_time_overrun
Kabale International Airport,Kabale International,Airport,2024,governance_and_controls
Aswa River Community Road,Aswa River Community,Road,2024,delay_time_overrun
Butabika Road,Butabika,Road,2024,delay_time_overrun
Access Road,Access,Road,2025,procurement_irregularities
Link Road,Link,Road,2025,procurement_irregularities
Maracha Seed Secondary School,Maracha Seed Secondary,School,2025,delayed_payments
Soroti District Road,Soroti District,Road,2025,delayed_payments
Mulago  National  Referral Hospital,Mulago  National  Referral,Hospital,2025,procurement_irregularities
Neonatal Hospital,Neonatal,Hospital,2025,delayed_payments
Regional Referral Hospital,Regional Referral,Hospital,2025,contract_management
Kabaale International Airport Access Road,Kabaale International Airport Access,Road,2025,delayed_payments
Kawempe National  Referral Hospital,Kawempe National  Referral,Hospital,2025,procurement_irregularities
Kabale  Regional  Referral Hospital,Kabale  Regional  Referral,Hospital,2025,delayed_payments
The Regional Referral Hospital,The Regional Referral,Hospital,2025,procurement_irregularities
Kiruddu National Referral Hospital,Kiruddu National Referral,Hospital,2025,procurement_irregularities
Makerere University  Business School,Makerere University  Business,School,2025,delayed_payments
Kabaale International Airport,Kabaale International,Airport,2025,contract_management
Wakiso–Kakiri Road,Wakiso–Kakiri,Road,2025,procurement_irregularities
Suam Road,Suam,Road,2025,procurement_irregularities
Naguru  National  Referral Hospital,Naguru  National  Referral,Hospital,2025,delayed_payments
Bed Hospital,Bed,Hospital,2025,contract_management
